SONG_ID,SONG_TITLE,ARTIST,BOUNDARIES_1,SEGMENTS_JSON_1,BOUNDARIES_2,SEGMENTS_JSON_2,SPECTROGRAM_PATH_MEL,SPECTROGRAM_PATH_LINEAR,SPECTROGRAM_MATRIX_PATH
964,Encore Break Crowd Noise,Against Me!,"[0.0, 0.048979591, 161.575510204, 161.593469387]","[{""t"": 0.0, ""f"": ""Silence""}, {""t"": 0.048979591, ""f"": ""no_function""}, {""t"": 161.575510204, ""f"": ""Silence""}, {""t"": 161.593469387, ""f"": ""End""}]",[],[],spectrograms/mel/964_Against_Me!_Encore_Break_Crowd_Noise.png,spectrograms/linear/964_Against_Me!_Encore_Break_Crowd_Noise.png,spectrograms/matrices/964_Against_Me!_Encore_Break_Crowd_Noise.npy
2,For God And Country,The Smashing Pumpkins,"[0.0, 0.464399092, 14.379863945, 23.986213151, 33.622494331, 42.956916099, 49.681020408, 67.005941043, 76.881292517, 86.425396825, 98.689433106, 108.166303854, 115.474489795, 129.466938775, 137.682789115, 160.601927437, 167.620181405, 177.151723356, 194.691836734, 242.415328798, 250.54893424, 263.205419501, 264.885215419]","[{""t"": 0.0, ""f"": ""Silence""}, {""t"": 0.464399092, ""f"": ""Intro""}, {""t"": 14.379863945, ""f"": ""no_function""}, {""t"": 23.986213151, ""f"": ""no_function""}, {""t"": 33.622494331, ""f"": ""Verse""}, {""t"": 42.956916099, ""f"": ""no_function""}, {""t"": 49.681020408, ""f"": ""Transition""}, {""t"": 67.005941043, ""f"": ""Pre-Chorus""}, {""t"": 76.881292517, ""f"": ""Chorus""}, {""t"": 86.425396825, ""f"": ""no_function""}, {""t"": 98.689433106, ""f"": ""Verse""}, {""t"": 108.166303854, ""f"": ""no_function""}, {""t"": 115.474489795, ""f"": ""Transition""}, {""t"": 129.466938775, ""f"": ""Chorus""}, {""t"": 137.682789115, ""f"": ""no_function""}, {""t"": 160.601927437, ""f"": ""no_function""}, {""t"": 167.620181405, ""f"": ""Pre-Chorus""}, {""t"": 177.151723356, ""f"": ""Chorus""}, {""t"": 194.691836734, ""f"": ""no_function""}, {""t"": 242.415328798, ""f"": ""Outro""}, {""t"": 250.54893424, ""f"": ""Fade-out""}, {""t"": 263.205419501, ""f"": ""Silence""}, {""t"": 264.885215419, ""f"": ""End""}]","[0.0, 0.499229024, 14.417777777, 23.753265306, 33.137301587, 42.415396825, 50.755736961, 62.099342403, 64.151678004, 76.584852607, 85.912244897, 98.449614512, 107.689795918, 116.022789115, 127.348049886, 129.421201814, 137.689637188, 145.976893424, 154.334036281, 158.446054421, 160.512290249, 177.111088435, 186.448730158, 194.733378684, 202.928752834, 211.251020408, 219.544580498, 227.857687074, 236.147120181, 240.302902494, 242.317414965, 250.602403628, 263.018231292, 264.896825396]","[{""t"": 0.0, ""f"": ""Silence""}, {""t"": 0.499229024, ""f"": ""Intro""}, {""t"": 14.417777777, ""f"": ""no_function""}, {""t"": 23.753265306, ""f"": ""no_function""}, {""t"": 33.137301587, ""f"": ""Verse""}, {""t"": 42.415396825, ""f"": ""no_function""}, {""t"": 50.755736961, ""f"": ""Bridge""}, {""t"": 62.099342403, ""f"": ""Transition""}, {""t"": 64.151678004, ""f"": ""Pre-Chorus""}, {""t"": 76.584852607, ""f"": ""Chorus""}, {""t"": 85.912244897, ""f"": ""no_function""}, {""t"": 98.449614512, ""f"": ""Verse""}, {""t"": 107.689795918, ""f"": ""no_function""}, {""t"": 116.022789115, ""f"": ""Bridge""}, {""t"": 127.348049886, ""f"": ""Transition""}, {""t"": 129.421201814, ""f"": ""no_function""}, {""t"": 137.689637188, ""f"": ""no_function""}, {""t"": 145.976893424, ""f"": ""no_function""}, {""t"": 154.334036281, ""f"": ""no_function""}, {""t"": 158.446054421, ""f"": ""Transition""}, {""t"": 160.512290249, ""f"": ""Pre-Chorus""}, {""t"": 177.111088435, ""f"": ""Chorus""}, {""t"": 186.448730158, ""f"": ""no_function""}, {""t"": 194.733378684, ""f"": ""no_function""}, {""t"": 202.928752834, ""f"": ""no_function""}, {""t"": 211.251020408, ""f"": ""no_function""}, {""t"": 219.544580498, ""f"": ""no_function""}, {""t"": 227.857687074, ""f"": ""no_function""}, {""t"": 236.147120181, ""f"": ""no_function""}, {""t"": 240.302902494, ""f"": ""Transition""}, {""t"": 242.317414965, ""f"": ""Outro""}, {""t"": 250.602403628, ""f"": ""Fade-out""}, {""t"": 263.018231292, ""f"": ""Silence""}, {""t"": 264.896825396, ""f"": ""End""}]",spectrograms/mel/2_The_Smashing_Pumpkins_For_God_And_Country.png,spectrograms/linear/2_The_Smashing_Pumpkins_For_God_And_Country.png,spectrograms/matrices/2_The_Smashing_Pumpkins_For_God_And_Country.npy
6,My Old Jacknife,Ladyhawk,"[0.0, 0.139319727, 13.476122448, 38.554512471, 63.54015873, 88.482517006, 113.282857142, 137.762879818, 162.298866213, 168.04324263, 170.558866213]","[{""t"": 0.0, ""f"": ""Silence""}, {""t"": 0.139319727, ""f"": ""Intro""}, {""t"": 13.476122448, ""f"": ""Verse""}, {""t"": 38.554512471, ""f"": ""Chorus""}, {""t"": 63.54015873, ""f"": ""Verse""}, {""t"": 88.482517006, ""f"": ""Chorus""}, {""t"": 113.282857142, ""f"": ""Solo""}, {""t"": 137.762879818, ""f"": ""Chorus""}, {""t"": 162.298866213, ""f"": ""Fade-out""}, {""t"": 168.04324263, ""f"": ""Silence""}, {""t"": 170.558866213, ""f"": ""End""}]","[0.0, 0.1992517, 13.501904761, 38.61430839, 63.621836734, 88.55430839, 113.373015873, 137.900226757, 168.23941043, 170.596916099]","[{""t"": 0.0, ""f"": ""Silence""}, {""t"": 0.1992517, ""f"": ""Intro""}, {""t"": 13.501904761, ""f"": ""Verse""}, {""t"": 38.61430839, ""f"": ""Chorus""}, {""t"": 63.621836734, ""f"": ""Verse""}, {""t"": 88.55430839, ""f"": ""Chorus""}, {""t"": 113.373015873, ""f"": ""Solo""}, {""t"": 137.900226757, ""f"": ""Chorus""}, {""t"": 168.23941043, ""f"": ""Silence""}, {""t"": 170.596916099, ""f"": ""End""}]",spectrograms/mel/6_Ladyhawk_My_Old_Jacknife.png,spectrograms/linear/6_Ladyhawk_My_Old_Jacknife.png,spectrograms/matrices/6_Ladyhawk_My_Old_Jacknife.npy
8,Love Me   Just Leave Me Alone,Jewel,"[0.0, 0.446984126, 10.135895691, 19.660839002, 34.178163265, 38.186893424, 46.268072562, 54.381950113, 62.406281179, 70.479591836, 78.527981859, 86.661995464, 94.710907029, 102.77430839, 110.846870748, 118.899183673, 126.971609977, 135.038208616, 143.102086167, 151.150090702, 159.270362811, 167.337437641, 175.398752834, 183.454285714, 201.598276643, 225.312902494, 227.803424036]","[{""t"": 0.0, ""f"": ""Silence""}, {""t"": 0.446984126, ""f"": ""Intro""}, {""t"": 10.135895691, ""f"": ""no_function""}, {""t"": 19.660839002, ""f"": ""no_function""}, {""t"": 34.178163265, ""f"": ""no_function""}, {""t"": 38.186893424, ""f"": ""Verse""}, {""t"": 46.268072562, ""f"": ""no_function""}, {""t"": 54.381950113, ""f"": ""no_function""}, {""t"": 62.406281179, ""f"": ""Verse""}, {""t"": 70.479591836, ""f"": ""no_function""}, {""t"": 78.527981859, ""f"": ""no_function""}, {""t"": 86.661995464, ""f"": ""Bridge""}, {""t"": 94.710907029, ""f"": ""Solo""}, {""t"": 102.77430839, ""f"": ""Verse""}, {""t"": 110.846870748, ""f"": ""no_function""}, {""t"": 118.899183673, ""f"": ""no_function""}, {""t"": 126.971609977, ""f"": ""Bridge""}, {""t"": 135.038208616, ""f"": ""Solo""}, {""t"": 143.102086167, ""f"": ""no_function""}, {""t"": 151.150090702, ""f"": ""no_function""}, {""t"": 159.270362811, ""f"": ""Verse""}, {""t"": 167.337437641, ""f"": ""no_function""}, {""t"": 175.398752834, ""f"": ""no_function""}, {""t"": 183.454285714, ""f"": ""Bridge""}, {""t"": 201.598276643, ""f"": ""Coda""}, {""t"": 225.312902494, ""f"": ""Silence""}, {""t"": 227.803424036, ""f"": ""End""}]","[0.0, 0.487619047, 34.145374149, 62.367120181, 86.58632653, 102.772063492, 126.971678004, 143.189024943, 159.274671201, 183.465238095, 193.567346938, 227.795986394]","[{""t"": 0.0, ""f"": ""Silence""}, {""t"": 0.487619047, ""f"": ""Intro""}, {""t"": 34.145374149, ""f"": ""Verse""}, {""t"": 62.367120181, ""f"": ""Verse""}, {""t"": 86.58632653, ""f"": ""Chorus""}, {""t"": 102.772063492, ""f"": ""Verse""}, {""t"": 126.971678004, ""f"": ""Chorus""}, {""t"": 143.189024943, ""f"": ""Solo""}, {""t"": 159.274671201, ""f"": ""Verse""}, {""t"": 183.465238095, ""f"": ""Chorus""}, {""t"": 193.567346938, ""f"": ""Outro""}, {""t"": 227.795986394, ""f"": ""End""}]",spectrograms/mel/8_Jewel_Love_Me___Just_Leave_Me_Alone.png,spectrograms/linear/8_Jewel_Love_Me___Just_Leave_Me_Alone.png,spectrograms/matrices/8_Jewel_Love_Me___Just_Leave_Me_Alone.npy
10,How Beautiful You Are,The Cure,"[0.0, 0.223492063, 53.162222222, 92.820453514, 119.207777777, 172.03600907, 224.810566893, 277.775170068, 314.269342403]","[{""t"": 0.0, ""f"": ""Silence""}, {""t"": 0.223492063, ""f"": ""Intro""}, {""t"": 53.162222222, ""f"": ""Verse""}, {""t"": 92.820453514, ""f"": ""Interlude""}, {""t"": 119.207777777, ""f"": ""Verse""}, {""t"": 172.03600907, ""f"": ""Bridge""}, {""t"": 224.810566893, ""f"": ""Verse""}, {""t"": 277.775170068, ""f"": ""Outro""}, {""t"": 314.269342403, ""f"": ""End""}]","[0.0, 0.185759637, 26.878253968, 53.142358276, 92.817528344, 119.054217687, 158.725895691, 198.561723356, 224.975056689, 264.46079365, 303.947505668, 309.80063492, 314.232267573]","[{""t"": 0.0, ""f"": ""Silence""}, {""t"": 0.185759637, ""f"": ""Intro""}, {""t"": 26.878253968, ""f"": ""Bridge""}, {""t"": 53.142358276, ""f"": ""Verse""}, {""t"": 92.817528344, ""f"": ""Bridge""}, {""t"": 119.054217687, ""f"": ""Verse""}, {""t"": 158.725895691, ""f"": ""Chorus""}, {""t"": 198.561723356, ""f"": ""Bridge""}, {""t"": 224.975056689, ""f"": ""Verse""}, {""t"": 264.46079365, ""f"": ""Chorus""}, {""t"": 303.947505668, ""f"": ""Fade-out""}, {""t"": 309.80063492, ""f"": ""Silence""}, {""t"": 314.232267573, ""f"": ""End""}]",spectrograms/mel/10_The_Cure_How_Beautiful_You_Are.png,spectrograms/linear/10_The_Cure_How_Beautiful_You_Are.png,spectrograms/matrices/10_The_Cure_How_Beautiful_You_Are.npy
14,Over You,Bif Naked,"[0.0, 0.020408163, 3.018594104, 15.505124716, 40.495600907, 65.529614512, 90.522993197, 115.545396825, 140.524263038, 165.027120181, 177.15664399, 189.657687074, 214.680090702, 239.677074829, 248.24585034]","[{""t"": 0.0, ""f"": ""silence""}, {""t"": 0.020408163, ""f"": ""no_function""}, {""t"": 3.018594104, ""f"": ""Intro""}, {""t"": 15.505124716, ""f"": ""Verse""}, {""t"": 40.495600907, ""f"": ""Verse""}, {""t"": 65.529614512, ""f"": ""Chorus""}, {""t"": 90.522993197, ""f"": ""Verse""}, {""t"": 115.545396825, ""f"": ""Verse""}, {""t"": 140.524263038, ""f"": ""Chorus""}, {""t"": 165.027120181, ""f"": ""Bridge""}, {""t"": 177.15664399, ""f"": ""no_function""}, {""t"": 189.657687074, ""f"": ""Chorus""}, {""t"": 214.680090702, ""f"": ""Chorus""}, {""t"": 239.677074829, ""f"": ""Outro""}, {""t"": 248.24585034, ""f"": ""End""}]","[0.0, 0.020408163, 3.018594104, 15.505124716, 40.495600907, 65.529614512, 90.522993197, 115.545396825, 140.524263038, 165.027120181, 177.15664399, 189.657687074, 214.680090702, 239.677074829, 248.24585034, 248.24585034]","[{""t"": 0.0, ""f"": ""Silence""}, {""t"": 0.020408163, ""f"": ""no_function""}, {""t"": 3.018594104, ""f"": ""Intro""}, {""t"": 15.505124716, ""f"": ""Verse""}, {""t"": 40.495600907, ""f"": ""Verse""}, {""t"": 65.529614512, ""f"": ""Chorus""}, {""t"": 90.522993197, ""f"": ""Verse""}, {""t"": 115.545396825, ""f"": ""Verse""}, {""t"": 140.524263038, ""f"": ""Chorus""}, {""t"": 165.027120181, ""f"": ""Bridge""}, {""t"": 177.15664399, ""f"": ""no_function""}, {""t"": 189.657687074, ""f"": ""Chorus""}, {""t"": 214.680090702, ""f"": ""Chorus""}, {""t"": 239.677074829, ""f"": ""Outro""}, {""t"": 248.24585034, ""f"": ""End""}, {""t"": 248.24585034, ""f"": ""Silence""}]",spectrograms/mel/14_Bif_Naked_Over_You.png,spectrograms/linear/14_Bif_Naked_Over_You.png,spectrograms/matrices/14_Bif_Naked_Over_You.npy
16,Goodbye,Natalie Imbruglia,"[0.0, 0.122448979, 6.308276643, 30.951020408, 55.525600907, 67.800521541, 80.0592517, 104.632834467, 129.179977324, 141.42095238, 166.001043083, 178.306190476, 190.568752834, 202.824512471, 227.409773242, 239.699705215, 264.251836734, 276.516757369, 293.657437641, 301.107346938]","[{""t"": 0.0, ""f"": ""Silence""}, {""t"": 0.122448979, ""f"": ""Intro""}, {""t"": 6.308276643, ""f"": ""Verse""}, {""t"": 30.951020408, ""f"": ""no_function""}, {""t"": 55.525600907, ""f"": ""Pre-Chorus""}, {""t"": 67.800521541, ""f"": ""Chorus""}, {""t"": 80.0592517, ""f"": ""Verse""}, {""t"": 104.632834467, ""f"": ""no_function""}, {""t"": 129.179977324, ""f"": ""Pre-Chorus""}, {""t"": 141.42095238, ""f"": ""Chorus""}, {""t"": 166.001043083, ""f"": ""Bridge""}, {""t"": 178.306190476, ""f"": ""Solo""}, {""t"": 190.568752834, ""f"": ""Verse""}, {""t"": 202.824512471, ""f"": ""no_function""}, {""t"": 227.409773242, ""f"": ""Pre-Chorus""}, {""t"": 239.699705215, ""f"": ""Chorus""}, {""t"": 264.251836734, ""f"": ""Chorus""}, {""t"": 276.516757369, ""f"": ""Fade-out""}, {""t"": 293.657437641, ""f"": ""Silence""}, {""t"": 301.107346938, ""f"": ""End""}]","[0.0, 0.092879818, 6.227256235, 67.739727891, 79.962834467, 141.522879818, 166.010907029, 190.56292517, 239.754875283, 264.295487528, 276.555011337, 295.171043083, 301.092426303]","[{""t"": 0.0, ""f"": ""Silence""}, {""t"": 0.092879818, ""f"": ""Intro""}, {""t"": 6.227256235, ""f"": ""Verse""}, {""t"": 67.739727891, ""f"": ""Chorus""}, {""t"": 79.962834467, ""f"": ""Verse""}, {""t"": 141.522879818, ""f"": ""Chorus""}, {""t"": 166.010907029, ""f"": ""Bridge""}, {""t"": 190.56292517, ""f"": ""Verse""}, {""t"": 239.754875283, ""f"": ""Chorus""}, {""t"": 264.295487528, ""f"": ""no_function""}, {""t"": 276.555011337, ""f"": ""Fade-out""}, {""t"": 295.171043083, ""f"": ""Silence""}, {""t"": 301.092426303, ""f"": ""End""}]",spectrograms/mel/16_Natalie_Imbruglia_Goodbye.png,spectrograms/linear/16_Natalie_Imbruglia_Goodbye.png,spectrograms/matrices/16_Natalie_Imbruglia_Goodbye.npy
22,Dangerous Mood   With Joe Cocker,B B  King,"[0.0, 0.208979591, 14.538117913, 54.844807256, 94.874104308, 147.554081632, 187.121882086, 239.513786848, 279.057414965, 291.976825396, 295.725827664]","[{""t"": 0.0, ""f"": ""Silence""}, {""t"": 0.208979591, ""f"": ""Intro""}, {""t"": 14.538117913, ""f"": ""Chorus""}, {""t"": 54.844807256, ""f"": ""Chorus""}, {""t"": 94.874104308, ""f"": ""Chorus""}, {""t"": 147.554081632, ""f"": ""Solo""}, {""t"": 187.121882086, ""f"": ""Chorus""}, {""t"": 239.513786848, ""f"": ""Chorus""}, {""t"": 279.057414965, ""f"": ""Outro""}, {""t"": 291.976825396, ""f"": ""Silence""}, {""t"": 295.725827664, ""f"": ""End""}]","[0.0, 0.208979591, 14.582834467, 54.757278911, 94.875328798, 121.363605442, 147.492585034, 187.091972789, 213.320748299, 239.487120181, 290.506961451, 295.725827664]","[{""t"": 0.0, ""f"": ""Silence""}, {""t"": 0.208979591, ""f"": ""Intro""}, {""t"": 14.582834467, ""f"": ""Verse""}, {""t"": 54.757278911, ""f"": ""Verse""}, {""t"": 94.875328798, ""f"": ""Pre-Chorus""}, {""t"": 121.363605442, ""f"": ""Chorus""}, {""t"": 147.492585034, ""f"": ""Solo""}, {""t"": 187.091972789, ""f"": ""Pre-Chorus""}, {""t"": 213.320748299, ""f"": ""Chorus""}, {""t"": 239.487120181, ""f"": ""Outro""}, {""t"": 290.506961451, ""f"": ""Silence""}, {""t"": 295.725827664, ""f"": ""End""}]",spectrograms/mel/22_B_B__King_Dangerous_Mood___With_Joe_Cocker.png,spectrograms/linear/22_B_B__King_Dangerous_Mood___With_Joe_Cocker.png,spectrograms/matrices/22_B_B__King_Dangerous_Mood___With_Joe_Cocker.npy
24,Blood On That Rock,S Word,"[0.0, 0.95201814, 54.868752834, 75.303650793, 95.598208616, 115.783650793, 135.823854875, 155.875578231, 186.365011337, 200.035419501, 202.903922902]","[{""t"": 0.0, ""f"": ""Silence""}, {""t"": 0.95201814, ""f"": ""Intro""}, {""t"": 54.868752834, ""f"": ""Head""}, {""t"": 75.303650793, ""f"": ""Head""}, {""t"": 95.598208616, ""f"": ""Solo""}, {""t"": 115.783650793, ""f"": ""Head""}, {""t"": 135.823854875, ""f"": ""Head""}, {""t"": 155.875578231, ""f"": ""Coda""}, {""t"": 186.365011337, ""f"": ""Fade-out""}, {""t"": 200.035419501, ""f"": ""Silence""}, {""t"": 202.903922902, ""f"": ""End""}]","[0.0, 0.468276643, 33.994013605, 54.845532879, 75.232653061, 95.621609977, 115.811519274, 135.809115646, 155.861519274, 176.440249433, 191.33632653, 202.338684807, 202.901927437]","[{""t"": 0.0, ""f"": ""Silence""}, {""t"": 0.468276643, ""f"": ""Intro""}, {""t"": 33.994013605, ""f"": ""Head""}, {""t"": 54.845532879, ""f"": ""Head""}, {""t"": 75.232653061, ""f"": ""Head""}, {""t"": 95.621609977, ""f"": ""Solo""}, {""t"": 115.811519274, ""f"": ""Head""}, {""t"": 135.809115646, ""f"": ""Solo""}, {""t"": 155.861519274, ""f"": ""no_function""}, {""t"": 176.440249433, ""f"": ""Head""}, {""t"": 191.33632653, ""f"": ""Outro""}, {""t"": 202.338684807, ""f"": ""Silence""}, {""t"": 202.901927437, ""f"": ""End""}]",spectrograms/mel/24_S_Word_Blood_On_That_Rock.png,spectrograms/linear/24_S_Word_Blood_On_That_Rock.png,spectrograms/matrices/24_S_Word_Blood_On_That_Rock.npy
30,Honey Babe,Lightnin   Hopkins,"[0.0, 0.557278911, 16.694331065, 34.019795918, 39.061814058, 58.358480725, 73.772947845, 87.372539682, 105.803333333, 120.081473922, 134.913537414, 155.116213151]","[{""t"": 0.0, ""f"": ""Silence""}, {""t"": 0.557278911, ""f"": ""Intro""}, {""t"": 16.694331065, ""f"": ""Verse""}, {""t"": 34.019795918, ""f"": ""Interlude""}, {""t"": 39.061814058, ""f"": ""Verse""}, {""t"": 58.358480725, ""f"": ""Interlude""}, {""t"": 73.772947845, ""f"": ""Verse""}, {""t"": 87.372539682, ""f"": ""Interlude""}, {""t"": 105.803333333, ""f"": ""Verse""}, {""t"": 120.081473922, ""f"": ""Solo""}, {""t"": 134.913537414, ""f"": ""no_function""}, {""t"": 155.116213151, ""f"": ""End""}]","[0.0, 0.568888888, 16.749501133, 39.084739229, 58.443900226, 73.590839002, 87.350702947, 105.807505668, 120.119274376, 135.002585034, 152.955759637, 155.122448979]","[{""t"": 0.0, ""f"": ""Silence""}, {""t"": 0.568888888, ""f"": ""Intro""}, {""t"": 16.749501133, ""f"": ""Verse""}, {""t"": 39.084739229, ""f"": ""Verse""}, {""t"": 58.443900226, ""f"": ""Solo""}, {""t"": 73.590839002, ""f"": ""Verse""}, {""t"": 87.350702947, ""f"": ""Solo""}, {""t"": 105.807505668, ""f"": ""Verse""}, {""t"": 120.119274376, ""f"": ""Solo""}, {""t"": 135.002585034, ""f"": ""Solo""}, {""t"": 152.955759637, ""f"": ""Silence""}, {""t"": 155.122448979, ""f"": ""End""}]",spectrograms/mel/30_Lightnin___Hopkins_Honey_Babe.png,spectrograms/linear/30_Lightnin___Hopkins_Honey_Babe.png,spectrograms/matrices/30_Lightnin___Hopkins_Honey_Babe.npy
44,Straight From the Heart,Mississippi Heat,"[0.0, 0.048979591, 9.286303854, 34.294172335, 59.303287981, 84.246349206, 133.446371882, 158.230272108, 183.062380952, 231.947210884, 256.389682539, 280.993219954, 305.5123356, 337.387755102, 337.414875283]","[{""t"": 0.0, ""f"": ""Silence""}, {""t"": 0.048979591, ""f"": ""Intro""}, {""t"": 9.286303854, ""f"": ""Verse""}, {""t"": 34.294172335, ""f"": ""Verse""}, {""t"": 59.303287981, ""f"": ""Verse""}, {""t"": 84.246349206, ""f"": ""Solo""}, {""t"": 133.446371882, ""f"": ""Verse""}, {""t"": 158.230272108, ""f"": ""Verse""}, {""t"": 183.062380952, ""f"": ""Solo""}, {""t"": 231.947210884, ""f"": ""Verse""}, {""t"": 256.389682539, ""f"": ""Verse""}, {""t"": 280.993219954, ""f"": ""Verse""}, {""t"": 305.5123356, ""f"": ""Outro""}, {""t"": 337.387755102, ""f"": ""Silence""}, {""t"": 337.414875283, ""f"": ""End""}]","[0.0, 0.185759637, 9.286916099, 34.254399092, 59.323492063, 84.240408163, 108.91015873, 133.467687074, 158.251632653, 183.099183673, 207.451927437, 231.883197278, 256.364240362, 280.955170068, 305.451133786, 337.411405895, 337.411405895]","[{""t"": 0.0, ""f"": ""Silence""}, {""t"": 0.185759637, ""f"": ""Intro""}, {""t"": 9.286916099, ""f"": ""Verse""}, {""t"": 34.254399092, ""f"": ""Verse""}, {""t"": 59.323492063, ""f"": ""Verse""}, {""t"": 84.240408163, ""f"": ""Solo""}, {""t"": 108.91015873, ""f"": ""no_function""}, {""t"": 133.467687074, ""f"": ""Verse""}, {""t"": 158.251632653, ""f"": ""Verse""}, {""t"": 183.099183673, ""f"": ""Solo""}, {""t"": 207.451927437, ""f"": ""no_function""}, {""t"": 231.883197278, ""f"": ""Verse""}, {""t"": 256.364240362, ""f"": ""Verse""}, {""t"": 280.955170068, ""f"": ""Verse""}, {""t"": 305.451133786, ""f"": ""Solo""}, {""t"": 337.411405895, ""f"": ""End""}, {""t"": 337.411405895, ""f"": ""Silence""}]",spectrograms/mel/44_Mississippi_Heat_Straight_From_the_Heart.png,spectrograms/linear/44_Mississippi_Heat_Straight_From_the_Heart.png,spectrograms/matrices/44_Mississippi_Heat_Straight_From_the_Heart.npy
46,Evil,Muddy Waters,"[0.0, 0.195918367, 6.825238095, 49.884263038, 93.626530612, 131.541678004, 139.003356009, 139.014172335]","[{""t"": 0.0, ""f"": ""Silence""}, {""t"": 0.195918367, ""f"": ""Intro""}, {""t"": 6.825238095, ""f"": ""no_function""}, {""t"": 49.884263038, ""f"": ""no_function""}, {""t"": 93.626530612, ""f"": ""no_function""}, {""t"": 131.541678004, ""f"": ""Outro""}, {""t"": 139.003356009, ""f"": ""Silence""}, {""t"": 139.014172335, ""f"": ""End""}]","[0.0, 0.116099773, 6.770861678, 27.878231292, 49.938299319, 71.882154195, 93.714149659, 115.37802721, 134.294353741, 138.954421768, 139.016553287]","[{""t"": 0.0, ""f"": ""Silence""}, {""t"": 0.116099773, ""f"": ""Intro""}, {""t"": 6.770861678, ""f"": ""Verse""}, {""t"": 27.878231292, ""f"": ""no_function""}, {""t"": 49.938299319, ""f"": ""no_function""}, {""t"": 71.882154195, ""f"": ""no_function""}, {""t"": 93.714149659, ""f"": ""no_function""}, {""t"": 115.37802721, ""f"": ""no_function""}, {""t"": 134.294353741, ""f"": ""Outro""}, {""t"": 138.954421768, ""f"": ""Silence""}, {""t"": 139.016553287, ""f"": ""End""}]",spectrograms/mel/46_Muddy_Waters_Evil.png,spectrograms/linear/46_Muddy_Waters_Evil.png,spectrograms/matrices/46_Muddy_Waters_Evil.npy
48,Knock On Wood,James Cotton,"[0.0, 0.287346938, 8.659274376, 53.44909297, 96.513582766, 105.069863945, 150.53063492, 173.289750566]","[{""t"": 0.0, ""f"": ""Silence""}, {""t"": 0.287346938, ""f"": ""Intro""}, {""t"": 8.659274376, ""f"": ""Verse""}, {""t"": 53.44909297, ""f"": ""Verse""}, {""t"": 96.513582766, ""f"": ""Interlude""}, {""t"": 105.069863945, ""f"": ""Verse""}, {""t"": 150.53063492, ""f"": ""Outro""}, {""t"": 173.289750566, ""f"": ""End""}]","[0.0, 0.208979591, 8.647482993, 34.247052154, 53.375374149, 77.206349206, 96.456507936, 96.456507936, 105.098820861, 131.097573696, 150.529478458, 150.529478458, 169.165351473, 173.279002267]","[{""t"": 0.0, ""f"": ""Silence""}, {""t"": 0.208979591, ""f"": ""Intro""}, {""t"": 8.647482993, ""f"": ""Verse""}, {""t"": 34.247052154, ""f"": ""Chorus""}, {""t"": 53.375374149, ""f"": ""Verse""}, {""t"": 77.206349206, ""f"": ""Chorus""}, {""t"": 96.456507936, ""f"": ""Bridge""}, {""t"": 96.456507936, ""f"": ""Instrumental""}, {""t"": 105.098820861, ""f"": ""Verse""}, {""t"": 131.097573696, ""f"": ""Chorus""}, {""t"": 150.529478458, ""f"": ""Fade-out""}, {""t"": 150.529478458, ""f"": ""Outro""}, {""t"": 169.165351473, ""f"": ""Silence""}, {""t"": 173.279002267, ""f"": ""End""}]",spectrograms/mel/48_James_Cotton_Knock_On_Wood.png,spectrograms/linear/48_James_Cotton_Knock_On_Wood.png,spectrograms/matrices/48_James_Cotton_Knock_On_Wood.npy
52,Looking the World Over,Big Mama Thornton,"[0.0, 0.048979591, 8.94664399, 32.664693877, 56.18462585, 79.43909297, 102.483333333, 128.628163265, 132.787664399]","[{""t"": 0.0, ""f"": ""Silence""}, {""t"": 0.048979591, ""f"": ""Intro""}, {""t"": 8.94664399, ""f"": ""Verse""}, {""t"": 32.664693877, ""f"": ""Verse""}, {""t"": 56.18462585, ""f"": ""Solo""}, {""t"": 79.43909297, ""f"": ""Verse""}, {""t"": 102.483333333, ""f"": ""Verse""}, {""t"": 128.628163265, ""f"": ""Silence""}, {""t"": 132.787664399, ""f"": ""End""}]","[0.0, 0.278639455, 8.899773242, 32.580975056, 56.193877551, 79.481904761, 102.446439909, 124.505396825, 128.914512471, 132.782426303]","[{""t"": 0.0, ""f"": ""Silence""}, {""t"": 0.278639455, ""f"": ""Intro""}, {""t"": 8.899773242, ""f"": ""Verse""}, {""t"": 32.580975056, ""f"": ""Verse""}, {""t"": 56.193877551, ""f"": ""Solo""}, {""t"": 79.481904761, ""f"": ""Verse""}, {""t"": 102.446439909, ""f"": ""Verse""}, {""t"": 124.505396825, ""f"": ""Outro""}, {""t"": 128.914512471, ""f"": ""Silence""}, {""t"": 132.782426303, ""f"": ""End""}]",spectrograms/mel/52_Big_Mama_Thornton_Looking_the_World_Over.png,spectrograms/linear/52_Big_Mama_Thornton_Looking_the_World_Over.png,spectrograms/matrices/52_Big_Mama_Thornton_Looking_the_World_Over.npy
26,Left Me With A Broken Heart,Jimmy Rogers & Ronnie Earl,"[0.0, 0.361224489, 20.718752834, 85.535668934, 155.154217687, 226.122403628, 301.905827664, 311.482131519, 314.548072562]","[{""t"": 0.0, ""f"": ""Silence""}, {""t"": 0.361224489, ""f"": ""Intro""}, {""t"": 20.718752834, ""f"": ""Verse""}, {""t"": 85.535668934, ""f"": ""Verse""}, {""t"": 155.154217687, ""f"": ""Solo""}, {""t"": 226.122403628, ""f"": ""Verse""}, {""t"": 301.905827664, ""f"": ""no_function""}, {""t"": 311.482131519, ""f"": ""Silence""}, {""t"": 314.548072562, ""f"": ""End""}]","[0.0, 0.371428571, 20.529909297, 41.26585034, 85.514013605, 108.418367346, 155.089773242, 155.089773242, 226.037006802, 249.945895691, 291.739501133, 300.081632653, 311.389795918, 314.54861678]","[{""t"": 0.0, ""f"": ""Silence""}, {""t"": 0.371428571, ""f"": ""Intro""}, {""t"": 20.529909297, ""f"": ""Verse""}, {""t"": 41.26585034, ""f"": ""Chorus""}, {""t"": 85.514013605, ""f"": ""Verse""}, {""t"": 108.418367346, ""f"": ""Chorus""}, {""t"": 155.089773242, ""f"": ""Instrumental""}, {""t"": 155.089773242, ""f"": ""Solo""}, {""t"": 226.037006802, ""f"": ""Verse""}, {""t"": 249.945895691, ""f"": ""Chorus""}, {""t"": 291.739501133, ""f"": ""Outro""}, {""t"": 300.081632653, ""f"": ""no_function""}, {""t"": 311.389795918, ""f"": ""Silence""}, {""t"": 314.54861678, ""f"": ""End""}]",spectrograms/mel/26_Jimmy_Rogers_&_Ronnie_Earl_Left_Me_With_A_Broken_Heart.png,spectrograms/linear/26_Jimmy_Rogers_&_Ronnie_Earl_Left_Me_With_A_Broken_Heart.png,spectrograms/matrices/26_Jimmy_Rogers_&_Ronnie_Earl_Left_Me_With_A_Broken_Heart.npy
34,Me and My Crazy Self,Jeff Healey,"[0.0, 0.023219954, 14.744671201, 41.074195011, 47.579591836, 54.105034013, 80.081269841, 86.745374149, 93.186712018, 93.186712018, 118.073151927, 118.073151927, 124.385374149, 130.672857142, 156.969115646, 163.865442176, 170.318367346, 170.330385487]","[{""t"": 0.0, ""f"": ""Silence""}, {""t"": 0.023219954, ""f"": ""no_function""}, {""t"": 14.744671201, ""f"": ""Verse""}, {""t"": 41.074195011, ""f"": ""Chorus""}, {""t"": 47.579591836, ""f"": ""Bridge""}, {""t"": 54.105034013, ""f"": ""Verse""}, {""t"": 80.081269841, ""f"": ""Chorus""}, {""t"": 86.745374149, ""f"": ""Bridge""}, {""t"": 93.186712018, ""f"": ""Instrumental""}, {""t"": 93.186712018, ""f"": ""Solo""}, {""t"": 118.073151927, ""f"": ""Instrumental""}, {""t"": 118.073151927, ""f"": ""Solo""}, {""t"": 124.385374149, ""f"": ""Bridge""}, {""t"": 130.672857142, ""f"": ""Verse""}, {""t"": 156.969115646, ""f"": ""Chorus""}, {""t"": 163.865442176, ""f"": ""Outro""}, {""t"": 170.318367346, ""f"": ""Silence""}, {""t"": 170.330385487, ""f"": ""End""}]","[0.0, 0.0, 14.704739229, 54.070136054, 93.137301587, 130.637755102, 170.343446712]","[{""t"": 0.0, ""f"": ""Intro""}, {""t"": 0.0, ""f"": ""silence""}, {""t"": 14.704739229, ""f"": ""Verse""}, {""t"": 54.070136054, ""f"": ""Verse""}, {""t"": 93.137301587, ""f"": ""Solo""}, {""t"": 130.637755102, ""f"": ""Verse""}, {""t"": 170.343446712, ""f"": ""End""}]",spectrograms/mel/34_Jeff_Healey_Me_and_My_Crazy_Self.png,spectrograms/linear/34_Jeff_Healey_Me_and_My_Crazy_Self.png,spectrograms/matrices/34_Jeff_Healey_Me_and_My_Crazy_Self.npy
36,Morning Train,Precious Bryant,"[0.0, 0.278639455, 3.208752834, 24.409773242, 44.928888888, 64.969931972, 84.896984126, 104.258480725, 142.753809523, 162.086575963, 171.80095238, 180.096916099, 180.680430839]","[{""t"": 0.0, ""f"": ""Silence""}, {""t"": 0.278639455, ""f"": ""Intro""}, {""t"": 3.208752834, ""f"": ""Verse""}, {""t"": 24.409773242, ""f"": ""Verse""}, {""t"": 44.928888888, ""f"": ""Verse""}, {""t"": 64.969931972, ""f"": ""Verse""}, {""t"": 84.896984126, ""f"": ""Verse""}, {""t"": 104.258480725, ""f"": ""Solo""}, {""t"": 142.753809523, ""f"": ""Verse""}, {""t"": 162.086575963, ""f"": ""Outro""}, {""t"": 171.80095238, ""f"": ""Fade-out""}, {""t"": 180.096916099, ""f"": ""Silence""}, {""t"": 180.680430839, ""f"": ""End""}]","[0.0, 0.293877551, 24.494897959, 44.929659863, 64.964897959, 84.968163265, 104.373696145, 123.541473922, 142.77600907, 162.33170068, 180.663492063]","[{""t"": 0.0, ""f"": ""Silence""}, {""t"": 0.293877551, ""f"": ""Chorus""}, {""t"": 24.494897959, ""f"": ""Chorus""}, {""t"": 44.929659863, ""f"": ""Verse""}, {""t"": 64.964897959, ""f"": ""Verse""}, {""t"": 84.968163265, ""f"": ""Chorus""}, {""t"": 104.373696145, ""f"": ""Solo""}, {""t"": 123.541473922, ""f"": ""no_function""}, {""t"": 142.77600907, ""f"": ""Chorus""}, {""t"": 162.33170068, ""f"": ""Fade-out""}, {""t"": 180.663492063, ""f"": ""End""}]",spectrograms/mel/36_Precious_Bryant_Morning_Train.png,spectrograms/linear/36_Precious_Bryant_Morning_Train.png,spectrograms/matrices/36_Precious_Bryant_Morning_Train.npy
40,Just Like A Bird Without A Feather,Samuel L. Jackson,"[0.0, 0.319274376, 10.492040816, 73.443696145, 141.999682539, 142.590453514]","[{""t"": 0.0, ""f"": ""Silence""}, {""t"": 0.319274376, ""f"": ""Intro""}, {""t"": 10.492040816, ""f"": ""no_function""}, {""t"": 73.443696145, ""f"": ""no_function""}, {""t"": 141.999682539, ""f"": ""Silence""}, {""t"": 142.590453514, ""f"": ""End""}]","[0.0, 0.319274376, 10.402539682, 31.904217687, 52.593197278, 73.351836734, 92.903038548, 112.732879818, 141.069387755, 142.590340136]","[{""t"": 0.0, ""f"": ""Silence""}, {""t"": 0.319274376, ""f"": ""no_function""}, {""t"": 10.402539682, ""f"": ""Verse""}, {""t"": 31.904217687, ""f"": ""Verse""}, {""t"": 52.593197278, ""f"": ""Verse""}, {""t"": 73.351836734, ""f"": ""Chorus""}, {""t"": 92.903038548, ""f"": ""Chorus""}, {""t"": 112.732879818, ""f"": ""Outro""}, {""t"": 141.069387755, ""f"": ""Silence""}, {""t"": 142.590340136, ""f"": ""End""}]",spectrograms/mel/40_Samuel_L._Jackson_Just_Like_A_Bird_Without_A_Feather.png,spectrograms/linear/40_Samuel_L._Jackson_Just_Like_A_Bird_Without_A_Feather.png,spectrograms/matrices/40_Samuel_L._Jackson_Just_Like_A_Bird_Without_A_Feather.npy
42,San Fransisco Bay Blues,Hot Tuna,"[0.0, 0.19632653, 23.302721088, 43.068253968, 62.424512471, 81.831950113, 101.236213151, 120.535941043, 140.035691609, 159.440022675, 178.885396825, 198.189682539, 217.381337868, 236.581360544, 245.551020408, 257.882267573, 257.888798185]","[{""t"": 0.0, ""f"": ""Silence""}, {""t"": 0.19632653, ""f"": ""Intro""}, {""t"": 23.302721088, ""f"": ""no_function""}, {""t"": 43.068253968, ""f"": ""Chorus""}, {""t"": 62.424512471, ""f"": ""no_function""}, {""t"": 81.831950113, ""f"": ""no_function""}, {""t"": 101.236213151, ""f"": ""no_function""}, {""t"": 120.535941043, ""f"": ""Solo""}, {""t"": 140.035691609, ""f"": ""no_function""}, {""t"": 159.440022675, ""f"": ""no_function""}, {""t"": 178.885396825, ""f"": ""no_function""}, {""t"": 198.189682539, ""f"": ""Chorus""}, {""t"": 217.381337868, ""f"": ""no_function""}, {""t"": 236.581360544, ""f"": ""Outro""}, {""t"": 245.551020408, ""f"": ""Coda""}, {""t"": 257.882267573, ""f"": ""Silence""}, {""t"": 257.888798185, ""f"": ""End""}]","[0.0, 3.365986394, 23.378004535, 43.089773242, 62.369229024, 81.829682539, 101.241496598, 120.55324263, 140.081156462, 159.497188208, 178.883469387, 198.256099773, 217.410090702, 246.179115646, 257.890657596, 257.903764172]","[{""t"": 0.0, ""f"": ""Silence""}, {""t"": 3.365986394, ""f"": ""no_function""}, {""t"": 23.378004535, ""f"": ""no_function""}, {""t"": 43.089773242, ""f"": ""Verse""}, {""t"": 62.369229024, ""f"": ""Verse""}, {""t"": 81.829682539, ""f"": ""Verse""}, {""t"": 101.241496598, ""f"": ""Verse""}, {""t"": 120.55324263, ""f"": ""no_function""}, {""t"": 140.081156462, ""f"": ""no_function""}, {""t"": 159.497188208, ""f"": ""no_function""}, {""t"": 178.883469387, ""f"": ""no_function""}, {""t"": 198.256099773, ""f"": ""Verse""}, {""t"": 217.410090702, ""f"": ""Verse""}, {""t"": 246.179115646, ""f"": ""Coda""}, {""t"": 257.890657596, ""f"": ""Silence""}, {""t"": 257.903764172, ""f"": ""End""}]",spectrograms/mel/42_Hot_Tuna_San_Fransisco_Bay_Blues.png,spectrograms/linear/42_Hot_Tuna_San_Fransisco_Bay_Blues.png,spectrograms/matrices/42_Hot_Tuna_San_Fransisco_Bay_Blues.npy
50,After Hours Blues,Texas Johnny Brown,"[0.0, 0.326530612, 45.841269841, 91.624489795, 138.024489795, 186.942993197, 189.895941043]","[{""t"": 0.0, ""f"": ""Silence""}, {""t"": 0.326530612, ""f"": ""Head""}, {""t"": 45.841269841, ""f"": ""Solo""}, {""t"": 91.624489795, ""f"": ""Solo""}, {""t"": 138.024489795, ""f"": ""Solo""}, {""t"": 186.942993197, ""f"": ""Silence""}, {""t"": 189.895941043, ""f"": ""End""}]","[0.0, 0.331065759, 45.849659863, 137.949229024, 186.549115646, 189.884081632]","[{""t"": 0.0, ""f"": ""Silence""}, {""t"": 0.331065759, ""f"": ""Intro""}, {""t"": 45.849659863, ""f"": ""Solo""}, {""t"": 137.949229024, ""f"": ""Solo""}, {""t"": 186.549115646, ""f"": ""Silence""}, {""t"": 189.884081632, ""f"": ""End""}]",spectrograms/mel/50_Texas_Johnny_Brown_After_Hours_Blues.png,spectrograms/linear/50_Texas_Johnny_Brown_After_Hours_Blues.png,spectrograms/matrices/50_Texas_Johnny_Brown_After_Hours_Blues.npy
54,Ain  t Treating Me Right,"Luther ""Guitar Junior"" Johnson","[0.0, 0.383673469, 13.358730158, 34.939954648, 53.158911564, 71.505918367, 90.202743764, 120.453492063, 136.844331065, 155.421519274, 171.348480725, 174.910566893, 178.322154195]","[{""t"": 0.0, ""f"": ""Silence""}, {""t"": 0.383673469, ""f"": ""Intro""}, {""t"": 13.358730158, ""f"": ""Verse""}, {""t"": 34.939954648, ""f"": ""Verse""}, {""t"": 53.158911564, ""f"": ""Verse""}, {""t"": 71.505918367, ""f"": ""Solo""}, {""t"": 90.202743764, ""f"": ""Verse""}, {""t"": 120.453492063, ""f"": ""Interlude""}, {""t"": 136.844331065, ""f"": ""Verse""}, {""t"": 155.421519274, ""f"": ""Outro""}, {""t"": 171.348480725, ""f"": ""no_function""}, {""t"": 174.910566893, ""f"": ""Silence""}, {""t"": 178.322154195, ""f"": ""End""}]","[0.0, 0.351247165, 14.20600907, 26.565827664, 38.821927437, 54.017097505, 66.071247165, 72.287324263, 90.991723356, 103.164807256, 121.25340136, 121.25340136, 137.58324263, 156.375328798, 171.591587301, 175.182947845, 178.313265306]","[{""t"": 0.0, ""f"": ""Silence""}, {""t"": 0.351247165, ""f"": ""Intro""}, {""t"": 14.20600907, ""f"": ""Verse""}, {""t"": 26.565827664, ""f"": ""Verse""}, {""t"": 38.821927437, ""f"": ""Chorus""}, {""t"": 54.017097505, ""f"": ""Verse""}, {""t"": 66.071247165, ""f"": ""Chorus""}, {""t"": 72.287324263, ""f"": ""Instrumental""}, {""t"": 90.991723356, ""f"": ""Verse""}, {""t"": 103.164807256, ""f"": ""Verse""}, {""t"": 121.25340136, ""f"": ""Instrumental""}, {""t"": 121.25340136, ""f"": ""Solo""}, {""t"": 137.58324263, ""f"": ""Verse""}, {""t"": 156.375328798, ""f"": ""Outro""}, {""t"": 171.591587301, ""f"": ""no_function""}, {""t"": 175.182947845, ""f"": ""Silence""}, {""t"": 178.313265306, ""f"": ""End""}]","spectrograms/mel/54_Luther_""Guitar_Junior""_Johnson_Ain__t_Treating_Me_Right.png","spectrograms/linear/54_Luther_""Guitar_Junior""_Johnson_Ain__t_Treating_Me_Right.png","spectrograms/matrices/54_Luther_""Guitar_Junior""_Johnson_Ain__t_Treating_Me_Right.npy"
306,It  s Just About Time 1,Johnny Cash,"[0.0, 0.473469387, 8.697641723, 19.326712018, 29.800725623, 36.962267573, 47.602199546, 58.202222222, 65.389705215, 75.78941043, 87.579455782, 94.783854875, 105.462471655, 115.95095238, 124.865668934, 128.348072562]","[{""t"": 0.0, ""f"": ""Silence""}, {""t"": 0.473469387, ""f"": ""Intro""}, {""t"": 8.697641723, ""f"": ""Verse""}, {""t"": 19.326712018, ""f"": ""no_function""}, {""t"": 29.800725623, ""f"": ""Interlude""}, {""t"": 36.962267573, ""f"": ""Verse""}, {""t"": 47.602199546, ""f"": ""no_function""}, {""t"": 58.202222222, ""f"": ""Interlude""}, {""t"": 65.389705215, ""f"": ""Solo""}, {""t"": 75.78941043, ""f"": ""no_function""}, {""t"": 87.579455782, ""f"": ""Interlude""}, {""t"": 94.783854875, ""f"": ""Verse""}, {""t"": 105.462471655, ""f"": ""no_function""}, {""t"": 115.95095238, ""f"": ""Coda""}, {""t"": 124.865668934, ""f"": ""Silence""}, {""t"": 128.348072562, ""f"": ""End""}]",[],[],spectrograms/mel/306_Johnny_Cash_It__s_Just_About_Time_1.png,spectrograms/linear/306_Johnny_Cash_It__s_Just_About_Time_1.png,spectrograms/matrices/306_Johnny_Cash_It__s_Just_About_Time_1.npy
308,The Wind,Nathan,"[0.0, 0.0, 19.431269841, 46.706099773, 53.450589569, 73.648662131, 87.198866213, 121.024058956, 131.199523809, 144.793832199, 144.793832199, 171.788299319, 185.274104308, 198.785374149, 208.944126984, 236.079773242, 242.744489795, 252.895736961, 263.030249433, 269.912290249, 280.566712018, 282.660022675]","[{""t"": 0.0, ""f"": ""Intro""}, {""t"": 0.0, ""f"": ""Silence""}, {""t"": 19.431269841, ""f"": ""Verse""}, {""t"": 46.706099773, ""f"": ""Transition""}, {""t"": 53.450589569, ""f"": ""Verse""}, {""t"": 73.648662131, ""f"": ""Chorus""}, {""t"": 87.198866213, ""f"": ""Verse""}, {""t"": 121.024058956, ""f"": ""Chorus""}, {""t"": 131.199523809, ""f"": ""Chorus""}, {""t"": 144.793832199, ""f"": ""Interlude""}, {""t"": 144.793832199, ""f"": ""Solo""}, {""t"": 171.788299319, ""f"": ""Verse""}, {""t"": 185.274104308, ""f"": ""Verse""}, {""t"": 198.785374149, ""f"": ""Transition""}, {""t"": 208.944126984, ""f"": ""Verse""}, {""t"": 236.079773242, ""f"": ""Transition""}, {""t"": 242.744489795, ""f"": ""Chorus""}, {""t"": 252.895736961, ""f"": ""Chorus""}, {""t"": 263.030249433, ""f"": ""Chorus""}, {""t"": 269.912290249, ""f"": ""Outro""}, {""t"": 280.566712018, ""f"": ""Silence""}, {""t"": 282.660022675, ""f"": ""End""}]","[0.0, 0.0, 5.735328798, 19.458321995, 53.3892517, 73.705804988, 87.224875283, 121.042267573, 131.192743764, 144.702562358, 171.814807256, 208.944081632, 242.715351473, 252.888526077, 263.121088435, 269.769433106, 281.100770975, 282.648888888]","[{""t"": 0.0, ""f"": ""Intro""}, {""t"": 0.0, ""f"": ""silence""}, {""t"": 5.735328798, ""f"": ""Pre-Verse""}, {""t"": 19.458321995, ""f"": ""Verse""}, {""t"": 53.3892517, ""f"": ""Verse""}, {""t"": 73.705804988, ""f"": ""Chorus""}, {""t"": 87.224875283, ""f"": ""Verse""}, {""t"": 121.042267573, ""f"": ""no_function""}, {""t"": 131.192743764, ""f"": ""no_function""}, {""t"": 144.702562358, ""f"": ""Solo""}, {""t"": 171.814807256, ""f"": ""Transition""}, {""t"": 208.944081632, ""f"": ""Verse""}, {""t"": 242.715351473, ""f"": ""Chorus""}, {""t"": 252.888526077, ""f"": ""no_function""}, {""t"": 263.121088435, ""f"": ""no_function""}, {""t"": 269.769433106, ""f"": ""Outro""}, {""t"": 281.100770975, ""f"": ""Silence""}, {""t"": 282.648888888, ""f"": ""End""}]",spectrograms/mel/308_Nathan_The_Wind.png,spectrograms/linear/308_Nathan_The_Wind.png,spectrograms/matrices/308_Nathan_The_Wind.npy
310,Lips Stained Red with Wine,Kim Beggs,"[0.0, 0.104489795, 12.658412698, 47.704512471, 73.984013605, 81.471927437, 116.336031746, 151.425011337, 177.663990929, 185.080748299, 220.239977324, 253.960068027, 262.339047619, 266.433424036]","[{""t"": 0.0, ""f"": ""Silence""}, {""t"": 0.104489795, ""f"": ""Intro""}, {""t"": 12.658412698, ""f"": ""Verse""}, {""t"": 47.704512471, ""f"": ""Chorus""}, {""t"": 73.984013605, ""f"": ""Interlude""}, {""t"": 81.471927437, ""f"": ""Verse""}, {""t"": 116.336031746, ""f"": ""Verse""}, {""t"": 151.425011337, ""f"": ""Chorus""}, {""t"": 177.663990929, ""f"": ""Interlude""}, {""t"": 185.080748299, ""f"": ""Verse""}, {""t"": 220.239977324, ""f"": ""Chorus""}, {""t"": 253.960068027, ""f"": ""Outro""}, {""t"": 262.339047619, ""f"": ""Silence""}, {""t"": 266.433424036, ""f"": ""End""}]","[0.0, 12.687460317, 29.148752834, 47.930657596, 62.732698412, 81.469705215, 98.068707482, 116.427188208, 133.064512471, 151.488390022, 166.470521541, 185.183605442, 201.856712018, 220.21941043, 235.039931972, 262.880249433, 266.447460317]","[{""t"": 0.0, ""f"": ""Silence""}, {""t"": 12.687460317, ""f"": ""Verse""}, {""t"": 29.148752834, ""f"": ""no_function""}, {""t"": 47.930657596, ""f"": ""Chorus""}, {""t"": 62.732698412, ""f"": ""Chorus""}, {""t"": 81.469705215, ""f"": ""Verse""}, {""t"": 98.068707482, ""f"": ""Verse""}, {""t"": 116.427188208, ""f"": ""Verse""}, {""t"": 133.064512471, ""f"": ""Verse""}, {""t"": 151.488390022, ""f"": ""Chorus""}, {""t"": 166.470521541, ""f"": ""Chorus""}, {""t"": 185.183605442, ""f"": ""Verse""}, {""t"": 201.856712018, ""f"": ""Verse""}, {""t"": 220.21941043, ""f"": ""Chorus""}, {""t"": 235.039931972, ""f"": ""Chorus""}, {""t"": 262.880249433, ""f"": ""Silence""}, {""t"": 266.447460317, ""f"": ""End""}]",spectrograms/mel/310_Kim_Beggs_Lips_Stained_Red_with_Wine.png,spectrograms/linear/310_Kim_Beggs_Lips_Stained_Red_with_Wine.png,spectrograms/matrices/310_Kim_Beggs_Lips_Stained_Red_with_Wine.npy
312,My Higher Ground,LZ Love,"[0.0, 0.28154195, 10.860136054, 20.435034013, 29.92510204, 39.427006802, 44.177505668, 53.723537414, 63.225510204, 72.753650793, 77.537460317, 96.537505668, 101.297256235, 110.809433106, 120.337664399, 129.865555555, 134.609455782, 144.113492063, 153.633356009, 163.177165532, 186.285714285, 188.786938775]","[{""t"": 0.0, ""f"": ""Silence""}, {""t"": 0.28154195, ""f"": ""Intro""}, {""t"": 10.860136054, ""f"": ""Verse""}, {""t"": 20.435034013, ""f"": ""no_function""}, {""t"": 29.92510204, ""f"": ""no_function""}, {""t"": 39.427006802, ""f"": ""Transition""}, {""t"": 44.177505668, ""f"": ""Verse""}, {""t"": 53.723537414, ""f"": ""no_function""}, {""t"": 63.225510204, ""f"": ""no_function""}, {""t"": 72.753650793, ""f"": ""Transition""}, {""t"": 77.537460317, ""f"": ""Bridge""}, {""t"": 96.537505668, ""f"": ""Transition""}, {""t"": 101.297256235, ""f"": ""Solo""}, {""t"": 110.809433106, ""f"": ""no_function""}, {""t"": 120.337664399, ""f"": ""no_function""}, {""t"": 129.865555555, ""f"": ""Transition""}, {""t"": 134.609455782, ""f"": ""Verse""}, {""t"": 144.113492063, ""f"": ""no_function""}, {""t"": 153.633356009, ""f"": ""no_function""}, {""t"": 163.177165532, ""f"": ""Coda""}, {""t"": 186.285714285, ""f"": ""Silence""}, {""t"": 188.786938775, ""f"": ""End""}]","[0.0, 0.232199546, 10.841337868, 29.86648526, 44.158117913, 63.185646258, 77.475578231, 101.232244897, 120.28, 134.565691609, 153.57154195, 163.128843537, 187.308707482, 188.793650793]","[{""t"": 0.0, ""f"": ""Silence""}, {""t"": 0.232199546, ""f"": ""Intro""}, {""t"": 10.841337868, ""f"": ""Verse""}, {""t"": 29.86648526, ""f"": ""Chorus""}, {""t"": 44.158117913, ""f"": ""Verse""}, {""t"": 63.185646258, ""f"": ""Chorus""}, {""t"": 77.475578231, ""f"": ""Bridge""}, {""t"": 101.232244897, ""f"": ""Solo""}, {""t"": 120.28, ""f"": ""Chorus""}, {""t"": 134.565691609, ""f"": ""Verse""}, {""t"": 153.57154195, ""f"": ""Chorus""}, {""t"": 163.128843537, ""f"": ""Chorus""}, {""t"": 187.308707482, ""f"": ""Silence""}, {""t"": 188.793650793, ""f"": ""End""}]",spectrograms/mel/312_LZ_Love_My_Higher_Ground.png,spectrograms/linear/312_LZ_Love_My_Higher_Ground.png,spectrograms/matrices/312_LZ_Love_My_Higher_Ground.npy
318,Too Much Fun,Cowboy Jazz,"[0.0, 0.431020408, 14.858752834, 29.037188208, 38.535034013, 52.485328798, 61.924988662, 76.04185941, 90.081020408, 99.55340136, 113.547142857, 122.937959183, 137.090566893, 151.192630385, 165.403333333, 179.431564625, 193.555487528, 207.768594104, 220.138866213]","[{""t"": 0.0, ""f"": ""Silence""}, {""t"": 0.431020408, ""f"": ""Intro""}, {""t"": 14.858752834, ""f"": ""Verse""}, {""t"": 29.037188208, ""f"": ""Chorus""}, {""t"": 38.535034013, ""f"": ""Verse""}, {""t"": 52.485328798, ""f"": ""Chorus""}, {""t"": 61.924988662, ""f"": ""Solo""}, {""t"": 76.04185941, ""f"": ""Verse""}, {""t"": 90.081020408, ""f"": ""Chorus""}, {""t"": 99.55340136, ""f"": ""Verse""}, {""t"": 113.547142857, ""f"": ""Chorus""}, {""t"": 122.937959183, ""f"": ""Solo""}, {""t"": 137.090566893, ""f"": ""Chorus""}, {""t"": 151.192630385, ""f"": ""Solo""}, {""t"": 165.403333333, ""f"": ""Solo""}, {""t"": 179.431564625, ""f"": ""Chorus""}, {""t"": 193.555487528, ""f"": ""Chorus""}, {""t"": 207.768594104, ""f"": ""Outro""}, {""t"": 220.138866213, ""f"": ""End""}]","[0.0, 0.417959183, 14.631814058, 28.850839002, 38.403106575, 52.41047619, 61.839206349, 76.030657596, 90.072607709, 99.42510204, 113.336870748, 122.832879818, 136.792902494, 151.058049886, 165.225464852, 179.42526077, 193.364353741, 207.6330839, 215.63494331, 220.14893424]","[{""t"": 0.0, ""f"": ""Silence""}, {""t"": 0.417959183, ""f"": ""Intro""}, {""t"": 14.631814058, ""f"": ""Verse""}, {""t"": 28.850839002, ""f"": ""Chorus""}, {""t"": 38.403106575, ""f"": ""Verse""}, {""t"": 52.41047619, ""f"": ""Chorus""}, {""t"": 61.839206349, ""f"": ""Solo""}, {""t"": 76.030657596, ""f"": ""Verse""}, {""t"": 90.072607709, ""f"": ""Chorus""}, {""t"": 99.42510204, ""f"": ""Verse""}, {""t"": 113.336870748, ""f"": ""Chorus""}, {""t"": 122.832879818, ""f"": ""Solo""}, {""t"": 136.792902494, ""f"": ""Chorus""}, {""t"": 151.058049886, ""f"": ""Solo""}, {""t"": 165.225464852, ""f"": ""Solo""}, {""t"": 179.42526077, ""f"": ""Chorus""}, {""t"": 193.364353741, ""f"": ""Chorus""}, {""t"": 207.6330839, ""f"": ""Outro""}, {""t"": 215.63494331, ""f"": ""Silence""}, {""t"": 220.14893424, ""f"": ""End""}]",spectrograms/mel/318_Cowboy_Jazz_Too_Much_Fun.png,spectrograms/linear/318_Cowboy_Jazz_Too_Much_Fun.png,spectrograms/matrices/318_Cowboy_Jazz_Too_Much_Fun.npy
320,Calling My Children Home,Emmylou Harris,"[0.0, 0.055147392, 3.198548752, 27.120907029, 52.95600907, 84.967619047, 110.625668934, 136.936780045, 170.620226757, 195.073741496, 195.091428571]","[{""t"": 0.0, ""f"": ""Silence""}, {""t"": 0.055147392, ""f"": ""Intro""}, {""t"": 3.198548752, ""f"": ""Verse""}, {""t"": 27.120907029, ""f"": ""Verse""}, {""t"": 52.95600907, ""f"": ""Chorus""}, {""t"": 84.967619047, ""f"": ""Verse""}, {""t"": 110.625668934, ""f"": ""Verse""}, {""t"": 136.936780045, ""f"": ""Chorus""}, {""t"": 170.620226757, ""f"": ""no_function""}, {""t"": 195.073741496, ""f"": ""Silence""}, {""t"": 195.091428571, ""f"": ""End""}]","[0.0, 0.0, 0.0, 14.883990929, 14.883990929, 27.147641723, 39.715668934, 53.046235827, 65.859705215, 85.101133786, 97.825668934, 110.723696145, 123.553378684, 136.858412698, 151.90494331, 162.94802721, 170.597006802, 195.094104308, 195.173582766]","[{""t"": 0.0, ""f"": ""Intro""}, {""t"": 0.0, ""f"": ""Silence""}, {""t"": 0.0, ""f"": ""Solo""}, {""t"": 14.883990929, ""f"": ""Intro""}, {""t"": 14.883990929, ""f"": ""Solo""}, {""t"": 27.147641723, ""f"": ""Verse""}, {""t"": 39.715668934, ""f"": ""Verse""}, {""t"": 53.046235827, ""f"": ""Chorus""}, {""t"": 65.859705215, ""f"": ""Chorus""}, {""t"": 85.101133786, ""f"": ""Verse""}, {""t"": 97.825668934, ""f"": ""Verse""}, {""t"": 110.723696145, ""f"": ""Verse""}, {""t"": 123.553378684, ""f"": ""Verse""}, {""t"": 136.858412698, ""f"": ""Chorus""}, {""t"": 151.90494331, ""f"": ""Chorus""}, {""t"": 162.94802721, ""f"": ""Outro""}, {""t"": 170.597006802, ""f"": ""no_function""}, {""t"": 195.094104308, ""f"": ""Silence""}, {""t"": 195.173582766, ""f"": ""End""}]",spectrograms/mel/320_Emmylou_Harris_Calling_My_Children_Home.png,spectrograms/linear/320_Emmylou_Harris_Calling_My_Children_Home.png,spectrograms/matrices/320_Emmylou_Harris_Calling_My_Children_Home.npy
322,Party,Nelly Furtado,"[0.0, 0.539863945, 3.358185941, 24.912108843, 46.463129251, 57.228480725, 62.624217687, 84.181043083, 94.966712018, 116.474195011, 148.854421768, 154.218231292, 175.775056689, 191.944852607, 202.718911564, 213.492970521, 218.886598639, 241.098412698, 242.96861678]","[{""t"": 0.0, ""f"": ""Silence""}, {""t"": 0.539863945, ""f"": ""no_function""}, {""t"": 3.358185941, ""f"": ""Intro""}, {""t"": 24.912108843, ""f"": ""Verse""}, {""t"": 46.463129251, ""f"": ""Chorus""}, {""t"": 57.228480725, ""f"": ""Pre-Verse""}, {""t"": 62.624217687, ""f"": ""Verse""}, {""t"": 84.181043083, ""f"": ""Chorus""}, {""t"": 94.966712018, ""f"": ""break""}, {""t"": 116.474195011, ""f"": ""Bridge""}, {""t"": 148.854421768, ""f"": ""Pre-Verse""}, {""t"": 154.218231292, ""f"": ""Verse""}, {""t"": 175.775056689, ""f"": ""Verse""}, {""t"": 191.944852607, ""f"": ""Chorus""}, {""t"": 202.718911564, ""f"": ""Chorus""}, {""t"": 213.492970521, ""f"": ""Chorus""}, {""t"": 218.886598639, ""f"": ""Fade-out""}, {""t"": 241.098412698, ""f"": ""Silence""}, {""t"": 242.96861678, ""f"": ""End""}]","[0.0, 0.59217687, 3.498594104, 24.829886621, 46.481768707, 57.333129251, 62.885442176, 84.234149659, 95.0192517, 105.814920634, 116.56462585, 138.117777777, 148.869297052, 154.226893424, 175.828367346, 186.581224489, 191.958185941, 202.757256235, 202.757256235, 241.501156462, 242.998276643]","[{""t"": 0.0, ""f"": ""Silence""}, {""t"": 0.59217687, ""f"": ""Intro""}, {""t"": 3.498594104, ""f"": ""Intro""}, {""t"": 24.829886621, ""f"": ""Verse""}, {""t"": 46.481768707, ""f"": ""Chorus""}, {""t"": 57.333129251, ""f"": ""Transition""}, {""t"": 62.885442176, ""f"": ""Verse""}, {""t"": 84.234149659, ""f"": ""Chorus""}, {""t"": 95.0192517, ""f"": ""Transition""}, {""t"": 105.814920634, ""f"": ""Transition""}, {""t"": 116.56462585, ""f"": ""Bridge""}, {""t"": 138.117777777, ""f"": ""Bridge""}, {""t"": 148.869297052, ""f"": ""Transition""}, {""t"": 154.226893424, ""f"": ""no_function""}, {""t"": 175.828367346, ""f"": ""Verse""}, {""t"": 186.581224489, ""f"": ""Pre-Chorus""}, {""t"": 191.958185941, ""f"": ""Chorus""}, {""t"": 202.757256235, ""f"": ""Chorus""}, {""t"": 202.757256235, ""f"": ""Outro""}, {""t"": 241.501156462, ""f"": ""Silence""}, {""t"": 242.998276643, ""f"": ""End""}]",spectrograms/mel/322_Nelly_Furtado_Party.png,spectrograms/linear/322_Nelly_Furtado_Party.png,spectrograms/matrices/322_Nelly_Furtado_Party.npy
324,One Kiss From You,Britney Spears,"[0.0, 0.139319727, 10.394285714, 20.575442176, 56.362380952, 84.465532879, 120.184331065, 145.697482993, 166.173197278, 186.535351473, 202.663764172, 205.688163265]","[{""t"": 0.0, ""f"": ""Silence""}, {""t"": 0.139319727, ""f"": ""Intro""}, {""t"": 10.394285714, ""f"": ""Interlude""}, {""t"": 20.575442176, ""f"": ""Verse""}, {""t"": 56.362380952, ""f"": ""Chorus""}, {""t"": 84.465532879, ""f"": ""Verse""}, {""t"": 120.184331065, ""f"": ""Chorus""}, {""t"": 145.697482993, ""f"": ""Interlude""}, {""t"": 166.173197278, ""f"": ""Chorus""}, {""t"": 186.535351473, ""f"": ""Chorus""}, {""t"": 202.663764172, ""f"": ""Silence""}, {""t"": 205.688163265, ""f"": ""End""}]",[],[],spectrograms/mel/324_Britney_Spears_One_Kiss_From_You.png,spectrograms/linear/324_Britney_Spears_One_Kiss_From_You.png,spectrograms/matrices/324_Britney_Spears_One_Kiss_From_You.npy
326,How Do You Do,Natasha Bedingfield,"[0.0, 0.722947845, 9.785759637, 18.838639455, 36.953106575, 55.067573696, 70.91664399, 89.068843537, 107.142675736, 122.999002267, 145.632653061, 167.711927437, 199.404263038, 208.447414965, 221.855328798, 223.792947845]","[{""t"": 0.0, ""f"": ""Silence""}, {""t"": 0.722947845, ""f"": ""no_function""}, {""t"": 9.785759637, ""f"": ""Intro""}, {""t"": 18.838639455, ""f"": ""Verse""}, {""t"": 36.953106575, ""f"": ""Verse""}, {""t"": 55.067573696, ""f"": ""Verse""}, {""t"": 70.91664399, ""f"": ""Chorus""}, {""t"": 89.068843537, ""f"": ""Verse""}, {""t"": 107.142675736, ""f"": ""Verse""}, {""t"": 122.999002267, ""f"": ""Chorus""}, {""t"": 145.632653061, ""f"": ""Bridge""}, {""t"": 167.711927437, ""f"": ""Chorus""}, {""t"": 199.404263038, ""f"": ""Outro""}, {""t"": 208.447414965, ""f"": ""Fade-out""}, {""t"": 221.855328798, ""f"": ""Silence""}, {""t"": 223.792947845, ""f"": ""End""}]","[0.0, 0.673378684, 18.882380952, 36.894195011, 55.0761678, 71.178117913, 89.074126984, 107.162267573, 122.988684807, 145.686734693, 167.610249433, 199.554149659, 213.018276643, 219.962471655, 223.798208616]","[{""t"": 0.0, ""f"": ""Silence""}, {""t"": 0.673378684, ""f"": ""Intro""}, {""t"": 18.882380952, ""f"": ""Verse""}, {""t"": 36.894195011, ""f"": ""Verse""}, {""t"": 55.0761678, ""f"": ""Pre-Chorus""}, {""t"": 71.178117913, ""f"": ""Chorus""}, {""t"": 89.074126984, ""f"": ""Verse""}, {""t"": 107.162267573, ""f"": ""Pre-Chorus""}, {""t"": 122.988684807, ""f"": ""Chorus""}, {""t"": 145.686734693, ""f"": ""Verse""}, {""t"": 167.610249433, ""f"": ""Chorus""}, {""t"": 199.554149659, ""f"": ""Chorus""}, {""t"": 213.018276643, ""f"": ""Fade-out""}, {""t"": 219.962471655, ""f"": ""Silence""}, {""t"": 223.798208616, ""f"": ""End""}]",spectrograms/mel/326_Natasha_Bedingfield_How_Do_You_Do.png,spectrograms/linear/326_Natasha_Bedingfield_How_Do_You_Do.png,spectrograms/matrices/326_Natasha_Bedingfield_How_Do_You_Do.npy
328,Stripped Part 2,Christina Aguilera,"[0.0, 0.198095238, 2.990839002, 16.702607709, 37.252380952, 46.419841269]","[{""t"": 0.0, ""f"": ""Silence""}, {""t"": 0.198095238, ""f"": ""Intro""}, {""t"": 2.990839002, ""f"": ""Verse""}, {""t"": 16.702607709, ""f"": ""no_function""}, {""t"": 37.252380952, ""f"": ""Fade-out""}, {""t"": 46.419841269, ""f"": ""End""}]","[0.0, 0.021768707, 2.978140589, 13.286235827, 16.773922902, 37.317823129, 37.317823129, 44.321088435, 46.394807256]","[{""t"": 0.0, ""f"": ""Silence""}, {""t"": 0.021768707, ""f"": ""Intro""}, {""t"": 2.978140589, ""f"": ""Verse""}, {""t"": 13.286235827, ""f"": ""Chorus""}, {""t"": 16.773922902, ""f"": ""Chorus""}, {""t"": 37.317823129, ""f"": ""Fade-out""}, {""t"": 37.317823129, ""f"": ""out""}, {""t"": 44.321088435, ""f"": ""Silence""}, {""t"": 46.394807256, ""f"": ""End""}]",spectrograms/mel/328_Christina_Aguilera_Stripped_Part_2.png,spectrograms/linear/328_Christina_Aguilera_Stripped_Part_2.png,spectrograms/matrices/328_Christina_Aguilera_Stripped_Part_2.npy
330,London Bridge,Fergie,"[0.0, 1.19292517, 10.771156462, 21.310113378, 26.585396825, 31.875192743, 42.372063492, 52.957460317, 63.576235827, 68.797823129, 79.332426303, 89.884444444, 100.430657596, 110.982675736, 121.536145124, 132.080907029, 142.638730158, 153.189297052, 163.726802721, 174.296235827, 184.842448979, 208.768480725, 210.09201814]","[{""t"": 0.0, ""f"": ""Silence""}, {""t"": 1.19292517, ""f"": ""no_function""}, {""t"": 10.771156462, ""f"": ""Intro""}, {""t"": 21.310113378, ""f"": ""Verse""}, {""t"": 26.585396825, ""f"": ""Verse""}, {""t"": 31.875192743, ""f"": ""Verse""}, {""t"": 42.372063492, ""f"": ""Chorus""}, {""t"": 52.957460317, ""f"": ""no_function""}, {""t"": 63.576235827, ""f"": ""break""}, {""t"": 68.797823129, ""f"": ""Verse""}, {""t"": 79.332426303, ""f"": ""Verse""}, {""t"": 89.884444444, ""f"": ""Chorus""}, {""t"": 100.430657596, ""f"": ""no_function""}, {""t"": 110.982675736, ""f"": ""Bridge""}, {""t"": 121.536145124, ""f"": ""no_function""}, {""t"": 132.080907029, ""f"": ""Pre-Verse""}, {""t"": 142.638730158, ""f"": ""Verse""}, {""t"": 153.189297052, ""f"": ""no_function""}, {""t"": 163.726802721, ""f"": ""Chorus""}, {""t"": 174.296235827, ""f"": ""no_function""}, {""t"": 184.842448979, ""f"": ""Outro""}, {""t"": 208.768480725, ""f"": ""Silence""}, {""t"": 210.09201814, ""f"": ""End""}]","[0.0, 1.137777777, 10.903854875, 21.285736961, 42.39170068, 63.514421768, 68.74462585, 89.855215419, 110.985895691, 132.030884353, 142.639478458, 163.634421768, 184.770680272, 195.388639455, 207.947800453, 210.08340136]","[{""t"": 0.0, ""f"": ""Silence""}, {""t"": 1.137777777, ""f"": ""Intro""}, {""t"": 10.903854875, ""f"": ""Intro""}, {""t"": 21.285736961, ""f"": ""Verse""}, {""t"": 42.39170068, ""f"": ""Chorus""}, {""t"": 63.514421768, ""f"": ""Transition""}, {""t"": 68.74462585, ""f"": ""Verse""}, {""t"": 89.855215419, ""f"": ""Chorus""}, {""t"": 110.985895691, ""f"": ""Bridge""}, {""t"": 132.030884353, ""f"": ""Transition""}, {""t"": 142.639478458, ""f"": ""Verse""}, {""t"": 163.634421768, ""f"": ""Chorus""}, {""t"": 184.770680272, ""f"": ""Outro""}, {""t"": 195.388639455, ""f"": ""Fade-out""}, {""t"": 207.947800453, ""f"": ""Silence""}, {""t"": 210.08340136, ""f"": ""End""}]",spectrograms/mel/330_Fergie_London_Bridge.png,spectrograms/linear/330_Fergie_London_Bridge.png,spectrograms/matrices/330_Fergie_London_Bridge.npy
332,13 justin timberlake pose   feat snoo,Justin Timberlake,"[0.0, 0.22494331, 16.250362811, 32.29802721, 48.296802721, 64.298798185, 80.314829931, 96.309115646, 112.349614512, 120.286349206, 152.343015873, 168.304285714, 200.29494331, 216.274693877, 232.300340136, 264.271655328, 285.174036281, 287.129115646]","[{""t"": 0.0, ""f"": ""Silence""}, {""t"": 0.22494331, ""f"": ""Intro""}, {""t"": 16.250362811, ""f"": ""Verse""}, {""t"": 32.29802721, ""f"": ""no_function""}, {""t"": 48.296802721, ""f"": ""Verse""}, {""t"": 64.298798185, ""f"": ""no_function""}, {""t"": 80.314829931, ""f"": ""Chorus""}, {""t"": 96.309115646, ""f"": ""Chorus""}, {""t"": 112.349614512, ""f"": ""Interlude""}, {""t"": 120.286349206, ""f"": ""Bridge""}, {""t"": 152.343015873, ""f"": ""Verse""}, {""t"": 168.304285714, ""f"": ""no_function""}, {""t"": 200.29494331, ""f"": ""Chorus""}, {""t"": 216.274693877, ""f"": ""Chorus""}, {""t"": 232.300340136, ""f"": ""Outro""}, {""t"": 264.271655328, ""f"": ""Fade-out""}, {""t"": 285.174036281, ""f"": ""Silence""}, {""t"": 287.129115646, ""f"": ""End""}]","[0.0, 0.185759637, 16.21015873, 32.236689342, 48.222086167, 64.233424036, 80.248049886, 112.208208616, 152.280272108, 168.254126984, 184.248253968, 200.225374149, 232.232471655, 285.016961451, 287.13185941]","[{""t"": 0.0, ""f"": ""Silence""}, {""t"": 0.185759637, ""f"": ""Intro""}, {""t"": 16.21015873, ""f"": ""Verse""}, {""t"": 32.236689342, ""f"": ""Pre-Chorus""}, {""t"": 48.222086167, ""f"": ""Verse""}, {""t"": 64.233424036, ""f"": ""Pre-Chorus""}, {""t"": 80.248049886, ""f"": ""Chorus""}, {""t"": 112.208208616, ""f"": ""Bridge""}, {""t"": 152.280272108, ""f"": ""Verse""}, {""t"": 168.254126984, ""f"": ""Pre-Chorus""}, {""t"": 184.248253968, ""f"": ""no_function""}, {""t"": 200.225374149, ""f"": ""Chorus""}, {""t"": 232.232471655, ""f"": ""Bridge""}, {""t"": 285.016961451, ""f"": ""Silence""}, {""t"": 287.13185941, ""f"": ""End""}]",spectrograms/mel/332_Justin_Timberlake_13_justin_timberlake_pose___feat_snoo.png,spectrograms/linear/332_Justin_Timberlake_13_justin_timberlake_pose___feat_snoo.png,spectrograms/matrices/332_Justin_Timberlake_13_justin_timberlake_pose___feat_snoo.npy
334,Crazy Little Thing Called Love,Rihanna,"[0.0, 0.236734693, 1.697981859, 14.050861678, 38.066394557, 56.035873015, 68.001247165, 91.997188208, 110.011564625, 122.007755102, 146.109070294, 164.035510204, 176.021383219, 187.956077097, 201.393061224, 203.924829931]","[{""t"": 0.0, ""f"": ""Silence""}, {""t"": 0.236734693, ""f"": ""pick-up""}, {""t"": 1.697981859, ""f"": ""Intro""}, {""t"": 14.050861678, ""f"": ""Verse""}, {""t"": 38.066394557, ""f"": ""no_function""}, {""t"": 56.035873015, ""f"": ""Chorus""}, {""t"": 68.001247165, ""f"": ""Verse""}, {""t"": 91.997188208, ""f"": ""no_function""}, {""t"": 110.011564625, ""f"": ""Chorus""}, {""t"": 122.007755102, ""f"": ""Verse""}, {""t"": 146.109070294, ""f"": ""no_function""}, {""t"": 164.035510204, ""f"": ""Chorus""}, {""t"": 176.021383219, ""f"": ""Outro""}, {""t"": 187.956077097, ""f"": ""Fade-out""}, {""t"": 201.393061224, ""f"": ""Silence""}, {""t"": 203.924829931, ""f"": ""End""}]","[0.0, 0.293877551, 14.056530612, 26.032063492, 38.051473922, 56.040204081, 68.048231292, 80.043900226, 92.024399092, 110.096439909, 122.024104308, 134.064263038, 146.088140589, 164.0561678, 188.065918367, 188.065918367, 188.065918367, 194.033582766, 194.033582766, 201.379591836, 203.925827664]","[{""t"": 0.0, ""f"": ""Silence""}, {""t"": 0.293877551, ""f"": ""Intro""}, {""t"": 14.056530612, ""f"": ""Verse""}, {""t"": 26.032063492, ""f"": ""Verse""}, {""t"": 38.051473922, ""f"": ""Chorus""}, {""t"": 56.040204081, ""f"": ""Chorus""}, {""t"": 68.048231292, ""f"": ""Verse""}, {""t"": 80.043900226, ""f"": ""Verse""}, {""t"": 92.024399092, ""f"": ""Chorus""}, {""t"": 110.096439909, ""f"": ""Chorus""}, {""t"": 122.024104308, ""f"": ""Verse""}, {""t"": 134.064263038, ""f"": ""Verse""}, {""t"": 146.088140589, ""f"": ""Chorus""}, {""t"": 164.0561678, ""f"": ""Chorus""}, {""t"": 188.065918367, ""f"": ""Chorus""}, {""t"": 188.065918367, ""f"": ""Fade-out""}, {""t"": 188.065918367, ""f"": ""out""}, {""t"": 194.033582766, ""f"": ""Fade-out""}, {""t"": 194.033582766, ""f"": ""out""}, {""t"": 201.379591836, ""f"": ""Silence""}, {""t"": 203.925827664, ""f"": ""End""}]",spectrograms/mel/334_Rihanna_Crazy_Little_Thing_Called_Love.png,spectrograms/linear/334_Rihanna_Crazy_Little_Thing_Called_Love.png,spectrograms/matrices/334_Rihanna_Crazy_Little_Thing_Called_Love.npy
336,NASTY,Janet Jackson,"[0.0, 0.162539682, 1.578956916, 20.151473922, 38.559433106, 57.095895691, 75.495555555, 94.08802721, 112.592517006, 131.063832199, 140.463492063, 158.903582766, 177.391655328, 195.927460317, 205.15170068, 214.471496598, 232.895873015, 242.793673469, 243.610045351]","[{""t"": 0.0, ""f"": ""Silence""}, {""t"": 0.162539682, ""f"": ""Intro""}, {""t"": 1.578956916, ""f"": ""no_function""}, {""t"": 20.151473922, ""f"": ""no_function""}, {""t"": 38.559433106, ""f"": ""Verse""}, {""t"": 57.095895691, ""f"": ""Chorus""}, {""t"": 75.495555555, ""f"": ""Verse""}, {""t"": 94.08802721, ""f"": ""Chorus""}, {""t"": 112.592517006, ""f"": ""Chorus""}, {""t"": 131.063832199, ""f"": ""no_function""}, {""t"": 140.463492063, ""f"": ""Verse""}, {""t"": 158.903582766, ""f"": ""Chorus""}, {""t"": 177.391655328, ""f"": ""Chorus""}, {""t"": 195.927460317, ""f"": ""no_function""}, {""t"": 205.15170068, ""f"": ""no_function""}, {""t"": 214.471496598, ""f"": ""Verse""}, {""t"": 232.895873015, ""f"": ""Chorus""}, {""t"": 242.793673469, ""f"": ""Silence""}, {""t"": 243.610045351, ""f"": ""End""}]","[0.0, 0.185759637, 1.578956916, 20.108480725, 38.638004535, 57.18430839, 75.683129251, 94.199455782, 131.191428571, 158.941836734, 195.929977324, 214.476371882, 242.212743764, 242.905736961, 243.610997732]","[{""t"": 0.0, ""f"": ""Silence""}, {""t"": 0.185759637, ""f"": ""no_function""}, {""t"": 1.578956916, ""f"": ""Intro""}, {""t"": 20.108480725, ""f"": ""Pre-Verse""}, {""t"": 38.638004535, ""f"": ""Verse""}, {""t"": 57.18430839, ""f"": ""Chorus""}, {""t"": 75.683129251, ""f"": ""Verse""}, {""t"": 94.199455782, ""f"": ""Chorus""}, {""t"": 131.191428571, ""f"": ""Transition""}, {""t"": 158.941836734, ""f"": ""Chorus""}, {""t"": 195.929977324, ""f"": ""Transition""}, {""t"": 214.476371882, ""f"": ""Outro""}, {""t"": 242.212743764, ""f"": ""Outro""}, {""t"": 242.905736961, ""f"": ""Silence""}, {""t"": 243.610997732, ""f"": ""End""}]",spectrograms/mel/336_Janet_Jackson_NASTY.png,spectrograms/linear/336_Janet_Jackson_NASTY.png,spectrograms/matrices/336_Janet_Jackson_NASTY.npy
338,Feed Me,Tricky,"[0.0, 0.0, 2.521587301, 25.22292517, 47.502970521, 58.703265306, 81.047437641, 92.146031746, 114.495623582, 125.691950113, 148.027074829, 165.214807256, 198.186712018, 220.576712018, 240.875623582, 243.784195011]","[{""t"": 0.0, ""f"": ""Intro""}, {""t"": 0.0, ""f"": ""silence""}, {""t"": 2.521587301, ""f"": ""Intro""}, {""t"": 25.22292517, ""f"": ""Chorus""}, {""t"": 47.502970521, ""f"": ""Transition""}, {""t"": 58.703265306, ""f"": ""Chorus""}, {""t"": 81.047437641, ""f"": ""Transition""}, {""t"": 92.146031746, ""f"": ""Verse""}, {""t"": 114.495623582, ""f"": ""Transition""}, {""t"": 125.691950113, ""f"": ""Verse""}, {""t"": 148.027074829, ""f"": ""Interlude""}, {""t"": 165.214807256, ""f"": ""Verse""}, {""t"": 198.186712018, ""f"": ""Interlude""}, {""t"": 220.576712018, ""f"": ""Outro""}, {""t"": 240.875623582, ""f"": ""Silence""}, {""t"": 243.784195011, ""f"": ""End""}]","[0.0, 0.0, 2.941904761, 25.222108843, 47.613990929, 58.686825396, 81.014058956, 92.221972789, 148.047029478, 159.197913832, 198.288458049, 220.574126984, 240.707460317, 243.768231292]","[{""t"": 0.0, ""f"": ""Intro""}, {""t"": 0.0, ""f"": ""Silence""}, {""t"": 2.941904761, ""f"": ""no_function""}, {""t"": 25.222108843, ""f"": ""no_function""}, {""t"": 47.613990929, ""f"": ""Interlude""}, {""t"": 58.686825396, ""f"": ""no_function""}, {""t"": 81.014058956, ""f"": ""Interlude""}, {""t"": 92.221972789, ""f"": ""Interlude""}, {""t"": 148.047029478, ""f"": ""Chorus""}, {""t"": 159.197913832, ""f"": ""Interlude""}, {""t"": 198.288458049, ""f"": ""Chorus""}, {""t"": 220.574126984, ""f"": ""Outro""}, {""t"": 240.707460317, ""f"": ""Silence""}, {""t"": 243.768231292, ""f"": ""End""}]",spectrograms/mel/338_Tricky_Feed_Me.png,spectrograms/linear/338_Tricky_Feed_Me.png,spectrograms/matrices/338_Tricky_Feed_Me.npy
340,Nova,Amon Tobin,"[0.0, 0.046938775, 11.981836734, 35.631995464, 47.547029478, 59.401723356, 71.269682539, 83.106507936, 106.782063492, 118.58632653, 130.502630385, 142.340226757, 154.230907029, 177.916190476, 201.632448979, 213.49600907, 225.318117913, 237.25909297, 249.071179138, 260.893106575, 272.791179138, 280.856621315, 282.62510204]","[{""t"": 0.0, ""f"": ""Silence""}, {""t"": 0.046938775, ""f"": ""Intro""}, {""t"": 11.981836734, ""f"": ""no_function""}, {""t"": 35.631995464, ""f"": ""no_function""}, {""t"": 47.547029478, ""f"": ""no_function""}, {""t"": 59.401723356, ""f"": ""no_function""}, {""t"": 71.269682539, ""f"": ""no_function""}, {""t"": 83.106507936, ""f"": ""no_function""}, {""t"": 106.782063492, ""f"": ""no_function""}, {""t"": 118.58632653, ""f"": ""no_function""}, {""t"": 130.502630385, ""f"": ""no_function""}, {""t"": 142.340226757, ""f"": ""no_function""}, {""t"": 154.230907029, ""f"": ""no_function""}, {""t"": 177.916190476, ""f"": ""no_function""}, {""t"": 201.632448979, ""f"": ""Transition""}, {""t"": 213.49600907, ""f"": ""Solo""}, {""t"": 225.318117913, ""f"": ""no_function""}, {""t"": 237.25909297, ""f"": ""no_function""}, {""t"": 249.071179138, ""f"": ""no_function""}, {""t"": 260.893106575, ""f"": ""no_function""}, {""t"": 272.791179138, ""f"": ""Outro""}, {""t"": 280.856621315, ""f"": ""Silence""}, {""t"": 282.62510204, ""f"": ""End""}]","[0.0, 0.0, 35.658253968, 47.432721088, 59.360657596, 71.220816326, 83.061814058, 106.767664399, 118.619909297, 130.428480725, 142.304988662, 154.140249433, 177.908299319, 201.60877551, 225.283061224, 237.152222222, 249.025079365, 260.85446712, 280.82770975, 282.639886621]","[{""t"": 0.0, ""f"": ""Intro""}, {""t"": 0.0, ""f"": ""silence""}, {""t"": 35.658253968, ""f"": ""no_function""}, {""t"": 47.432721088, ""f"": ""no_function""}, {""t"": 59.360657596, ""f"": ""no_function""}, {""t"": 71.220816326, ""f"": ""no_function""}, {""t"": 83.061814058, ""f"": ""no_function""}, {""t"": 106.767664399, ""f"": ""no_function""}, {""t"": 118.619909297, ""f"": ""no_function""}, {""t"": 130.428480725, ""f"": ""no_function""}, {""t"": 142.304988662, ""f"": ""no_function""}, {""t"": 154.140249433, ""f"": ""no_function""}, {""t"": 177.908299319, ""f"": ""no_function""}, {""t"": 201.60877551, ""f"": ""no_function""}, {""t"": 225.283061224, ""f"": ""no_function""}, {""t"": 237.152222222, ""f"": ""no_function""}, {""t"": 249.025079365, ""f"": ""no_function""}, {""t"": 260.85446712, ""f"": ""Outro""}, {""t"": 280.82770975, ""f"": ""Silence""}, {""t"": 282.639886621, ""f"": ""End""}]",spectrograms/mel/340_Amon_Tobin_Nova.png,spectrograms/linear/340_Amon_Tobin_Nova.png,spectrograms/matrices/340_Amon_Tobin_Nova.npy
342,Glass Museum,Tortoise,"[0.0, 0.30185941, 73.812721088, 95.875192743, 123.911292517, 160.124807256, 186.850975056, 272.056712018, 324.150566893, 327.836734693]","[{""t"": 0.0, ""f"": ""Silence""}, {""t"": 0.30185941, ""f"": ""Chorus""}, {""t"": 73.812721088, ""f"": ""Verse""}, {""t"": 95.875192743, ""f"": ""Fade-out""}, {""t"": 123.911292517, ""f"": ""Interlude""}, {""t"": 160.124807256, ""f"": ""Chorus""}, {""t"": 186.850975056, ""f"": ""Solo""}, {""t"": 272.056712018, ""f"": ""Chorus""}, {""t"": 324.150566893, ""f"": ""Silence""}, {""t"": 327.836734693, ""f"": ""End""}]",[],[],spectrograms/mel/342_Tortoise_Glass_Museum.png,spectrograms/linear/342_Tortoise_Glass_Museum.png,spectrograms/matrices/342_Tortoise_Glass_Museum.npy
344,Piku,The Chemical Brothers,"[0.0, 0.022494331, 31.447188208, 49.725532879, 49.725532879, 68.36170068, 87.024081632, 87.024081632, 105.625011337, 105.625011337, 133.576213151, 133.576213151, 152.272607709, 161.584172335, 170.928412698, 208.168390022, 217.503151927, 226.816099773, 236.174399092, 245.504036281, 245.504036281, 264.09585034, 295.061224489, 295.192426303]","[{""t"": 0.0, ""f"": ""Silence""}, {""t"": 0.022494331, ""f"": ""Intro""}, {""t"": 31.447188208, ""f"": ""no_function""}, {""t"": 49.725532879, ""f"": ""Main_Theme""}, {""t"": 49.725532879, ""f"": ""Theme""}, {""t"": 68.36170068, ""f"": ""no_function""}, {""t"": 87.024081632, ""f"": ""Secondary_Theme""}, {""t"": 87.024081632, ""f"": ""Theme""}, {""t"": 105.625011337, ""f"": ""Main_Theme""}, {""t"": 105.625011337, ""f"": ""Theme""}, {""t"": 133.576213151, ""f"": ""Secondary_Theme""}, {""t"": 133.576213151, ""f"": ""Theme""}, {""t"": 152.272607709, ""f"": ""Bridge""}, {""t"": 161.584172335, ""f"": ""no_function""}, {""t"": 170.928412698, ""f"": ""no_function""}, {""t"": 208.168390022, ""f"": ""Transition""}, {""t"": 217.503151927, ""f"": ""no_function""}, {""t"": 226.816099773, ""f"": ""no_function""}, {""t"": 236.174399092, ""f"": ""no_function""}, {""t"": 245.504036281, ""f"": ""Main_Theme""}, {""t"": 245.504036281, ""f"": ""Theme""}, {""t"": 264.09585034, ""f"": ""Outro""}, {""t"": 295.061224489, ""f"": ""Silence""}, {""t"": 295.192426303, ""f"": ""End""}]","[0.0, 0.02031746, 31.081927437, 49.667482993, 105.560907029, 152.225714285, 217.529977324, 245.471269841, 295.235396825]","[{""t"": 0.0, ""f"": ""Silence""}, {""t"": 0.02031746, ""f"": ""Intro""}, {""t"": 31.081927437, ""f"": ""no_function""}, {""t"": 49.667482993, ""f"": ""no_function""}, {""t"": 105.560907029, ""f"": ""no_function""}, {""t"": 152.225714285, ""f"": ""Bridge""}, {""t"": 217.529977324, ""f"": ""no_function""}, {""t"": 245.471269841, ""f"": ""no_function""}, {""t"": 295.235396825, ""f"": ""End""}]",spectrograms/mel/344_The_Chemical_Brothers_Piku.png,spectrograms/linear/344_The_Chemical_Brothers_Piku.png,spectrograms/matrices/344_The_Chemical_Brothers_Piku.npy
346,Walk This Land,E Z Rollers,"[0.0, 0.095782312, 23.580294784, 47.121723356, 70.669183673, 94.289501133, 117.553854875, 141.175555555, 164.653424036, 188.11446712, 211.598730158, 217.53585034, 230.382403628]","[{""t"": 0.0, ""f"": ""Silence""}, {""t"": 0.095782312, ""f"": ""Intro""}, {""t"": 23.580294784, ""f"": ""no_function""}, {""t"": 47.121723356, ""f"": ""no_function""}, {""t"": 70.669183673, ""f"": ""no_function""}, {""t"": 94.289501133, ""f"": ""no_function""}, {""t"": 117.553854875, ""f"": ""no_function""}, {""t"": 141.175555555, ""f"": ""no_function""}, {""t"": 164.653424036, ""f"": ""no_function""}, {""t"": 188.11446712, ""f"": ""no_function""}, {""t"": 211.598730158, ""f"": ""no_function""}, {""t"": 217.53585034, ""f"": ""Fade-out""}, {""t"": 230.382403628, ""f"": ""End""}]","[0.0, 0.0, 11.862426303, 23.654603174, 47.134716553, 70.606621315, 117.539024943, 141.122312925, 164.698798185, 176.394557823, 188.130884353, 205.786462585, 217.538480725, 217.538480725, 230.322721088, 230.431746031]","[{""t"": 0.0, ""f"": ""Intro""}, {""t"": 0.0, ""f"": ""Silence""}, {""t"": 11.862426303, ""f"": ""Theme""}, {""t"": 23.654603174, ""f"": ""Transition""}, {""t"": 47.134716553, ""f"": ""Verse""}, {""t"": 70.606621315, ""f"": ""no_function""}, {""t"": 117.539024943, ""f"": ""Theme""}, {""t"": 141.122312925, ""f"": ""Chorus""}, {""t"": 164.698798185, ""f"": ""Theme""}, {""t"": 176.394557823, ""f"": ""Chorus""}, {""t"": 188.130884353, ""f"": ""Theme""}, {""t"": 205.786462585, ""f"": ""Chorus""}, {""t"": 217.538480725, ""f"": ""Fade-out""}, {""t"": 217.538480725, ""f"": ""Outro""}, {""t"": 230.322721088, ""f"": ""Silence""}, {""t"": 230.431746031, ""f"": ""End""}]",spectrograms/mel/346_E_Z_Rollers_Walk_This_Land.png,spectrograms/linear/346_E_Z_Rollers_Walk_This_Land.png,spectrograms/matrices/346_E_Z_Rollers_Walk_This_Land.npy
348,Otter  s Pool   Super Numeri,Bonobo,"[0.0, 0.029024943, 23.899138321, 43.47356009, 55.431836734, 97.976598639, 140.353786848, 142.174489795]","[{""t"": 0.0, ""f"": ""Silence""}, {""t"": 0.029024943, ""f"": ""no_function""}, {""t"": 23.899138321, ""f"": ""no_function""}, {""t"": 43.47356009, ""f"": ""no_function""}, {""t"": 55.431836734, ""f"": ""no_function""}, {""t"": 97.976598639, ""f"": ""no_function""}, {""t"": 140.353786848, ""f"": ""Silence""}, {""t"": 142.174489795, ""f"": ""End""}]","[0.0, 0.02031746, 0.02031746, 24.706031746, 55.304126984, 55.304126984, 76.892630385, 98.542698412, 98.542698412, 120.367981859, 120.367981859, 138.204081632, 142.175941043]","[{""t"": 0.0, ""f"": ""Silence""}, {""t"": 0.02031746, ""f"": ""Main_Theme""}, {""t"": 0.02031746, ""f"": ""Theme""}, {""t"": 24.706031746, ""f"": ""Transition""}, {""t"": 55.304126984, ""f"": ""Main_Theme""}, {""t"": 55.304126984, ""f"": ""Theme""}, {""t"": 76.892630385, ""f"": ""Transition""}, {""t"": 98.542698412, ""f"": ""Secondary_Theme""}, {""t"": 98.542698412, ""f"": ""Theme""}, {""t"": 120.367981859, ""f"": ""Fade-out""}, {""t"": 120.367981859, ""f"": ""out""}, {""t"": 138.204081632, ""f"": ""Silence""}, {""t"": 142.175941043, ""f"": ""End""}]",spectrograms/mel/348_Bonobo_Otter__s_Pool___Super_Numeri.png,spectrograms/linear/348_Bonobo_Otter__s_Pool___Super_Numeri.png,spectrograms/matrices/348_Bonobo_Otter__s_Pool___Super_Numeri.npy
350,Annie  s Parlor,Kid Koala,"[0.0, 0.255419501, 0.255419501, 4.783310657, 10.914285714, 17.110204081, 29.469387755, 41.771428571, 54.110204081, 60.322448979, 66.497959183, 115.75510204, 128.13877551, 146.661224489, 152.832653061, 165.118367346, 202.151020408, 208.297959183, 214.48478458, 226.829206349, 242.828594104, 243.089070294]","[{""t"": 0.0, ""f"": ""Silence""}, {""t"": 0.255419501, ""f"": ""Intro""}, {""t"": 0.255419501, ""f"": ""voice""}, {""t"": 4.783310657, ""f"": ""no_function""}, {""t"": 10.914285714, ""f"": ""spoken""}, {""t"": 17.110204081, ""f"": ""no_function""}, {""t"": 29.469387755, ""f"": ""no_function""}, {""t"": 41.771428571, ""f"": ""no_function""}, {""t"": 54.110204081, ""f"": ""voice""}, {""t"": 60.322448979, ""f"": ""spoken""}, {""t"": 66.497959183, ""f"": ""Solo""}, {""t"": 115.75510204, ""f"": ""no_function""}, {""t"": 128.13877551, ""f"": ""voice""}, {""t"": 146.661224489, ""f"": ""spoken""}, {""t"": 152.832653061, ""f"": ""no_function""}, {""t"": 165.118367346, ""f"": ""no_function""}, {""t"": 202.151020408, ""f"": ""voice""}, {""t"": 208.297959183, ""f"": ""spoken""}, {""t"": 214.48478458, ""f"": ""Outro""}, {""t"": 226.829206349, ""f"": ""no_function""}, {""t"": 242.828594104, ""f"": ""Silence""}, {""t"": 243.089070294, ""f"": ""End""}]","[0.0, 0.232199546, 4.661791383, 243.072063492, 243.072063492]","[{""t"": 0.0, ""f"": ""Silence""}, {""t"": 0.232199546, ""f"": ""no_function""}, {""t"": 4.661791383, ""f"": ""no_function""}, {""t"": 243.072063492, ""f"": ""End""}, {""t"": 243.072063492, ""f"": ""Silence""}]",spectrograms/mel/350_Kid_Koala_Annie__s_Parlor.png,spectrograms/linear/350_Kid_Koala_Annie__s_Parlor.png,spectrograms/matrices/350_Kid_Koala_Annie__s_Parlor.npy
352,Neighbors,Gnarls Barkley,"[0.0, 0.162539682, 15.705192743, 31.23664399, 51.85632653, 67.302086167, 88.005759637, 98.245646258, 113.741428571, 134.437823129, 149.859478458, 170.524126984, 183.510340136, 185.479705215]","[{""t"": 0.0, ""f"": ""Silence""}, {""t"": 0.162539682, ""f"": ""Intro""}, {""t"": 15.705192743, ""f"": ""Chorus""}, {""t"": 31.23664399, ""f"": ""Chorus""}, {""t"": 51.85632653, ""f"": ""Verse""}, {""t"": 67.302086167, ""f"": ""Bridge""}, {""t"": 88.005759637, ""f"": ""Transition""}, {""t"": 98.245646258, ""f"": ""Chorus""}, {""t"": 113.741428571, ""f"": ""Chorus""}, {""t"": 134.437823129, ""f"": ""Verse""}, {""t"": 149.859478458, ""f"": ""Bridge""}, {""t"": 170.524126984, ""f"": ""Outro""}, {""t"": 183.510340136, ""f"": ""Silence""}, {""t"": 185.479705215, ""f"": ""End""}]","[0.0, 0.139319727, 5.410226757, 15.580566893, 25.983106575, 31.045056689, 41.582993197, 51.733378684, 62.009455782, 67.271655328, 88.013424036, 98.093492063, 108.557936507, 113.772789115, 124.018095238, 134.292312925, 144.632086167, 149.703537414, 170.477664399, 185.469365079]","[{""t"": 0.0, ""f"": ""Silence""}, {""t"": 0.139319727, ""f"": ""Intro""}, {""t"": 5.410226757, ""f"": ""no_function""}, {""t"": 15.580566893, ""f"": ""Chorus""}, {""t"": 25.983106575, ""f"": ""no_function""}, {""t"": 31.045056689, ""f"": ""Chorus""}, {""t"": 41.582993197, ""f"": ""no_function""}, {""t"": 51.733378684, ""f"": ""no_function""}, {""t"": 62.009455782, ""f"": ""no_function""}, {""t"": 67.271655328, ""f"": ""no_function""}, {""t"": 88.013424036, ""f"": ""no_function""}, {""t"": 98.093492063, ""f"": ""Chorus""}, {""t"": 108.557936507, ""f"": ""no_function""}, {""t"": 113.772789115, ""f"": ""Chorus""}, {""t"": 124.018095238, ""f"": ""no_function""}, {""t"": 134.292312925, ""f"": ""no_function""}, {""t"": 144.632086167, ""f"": ""no_function""}, {""t"": 149.703537414, ""f"": ""no_function""}, {""t"": 170.477664399, ""f"": ""no_function""}, {""t"": 185.469365079, ""f"": ""End""}]",spectrograms/mel/352_Gnarls_Barkley_Neighbors.png,spectrograms/linear/352_Gnarls_Barkley_Neighbors.png,spectrograms/matrices/352_Gnarls_Barkley_Neighbors.npy
354,National Movie Review,Deltron,"[0.0, 0.534058956, 6.803446712, 17.995464852, 36.157052154, 45.295215419, 52.314557823, 55.170612244]","[{""t"": 0.0, ""f"": ""Silence""}, {""t"": 0.534058956, ""f"": ""no_function""}, {""t"": 6.803446712, ""f"": ""Intro""}, {""t"": 17.995464852, ""f"": ""Verse""}, {""t"": 36.157052154, ""f"": ""Verse""}, {""t"": 45.295215419, ""f"": ""Fade-out""}, {""t"": 52.314557823, ""f"": ""Silence""}, {""t"": 55.170612244, ""f"": ""End""}]",[],[],spectrograms/mel/354_Deltron_National_Movie_Review.png,spectrograms/linear/354_Deltron_National_Movie_Review.png,spectrograms/matrices/354_Deltron_National_Movie_Review.npy
356,Get Low,Lil Jon & The East Side Boyz Featuring Ying Yang Twins,"[0.0, 0.162539682, 20.031723356, 48.575532879, 96.077845804, 124.58526077, 162.654172335, 191.123446712, 229.179523809, 257.711133786, 286.220408163, 314.755215419, 334.08]","[{""t"": 0.0, ""f"": ""Silence""}, {""t"": 0.162539682, ""f"": ""Intro""}, {""t"": 20.031723356, ""f"": ""Chorus""}, {""t"": 48.575532879, ""f"": ""Verse""}, {""t"": 96.077845804, ""f"": ""Chorus""}, {""t"": 124.58526077, ""f"": ""Bridge""}, {""t"": 162.654172335, ""f"": ""Chorus""}, {""t"": 191.123446712, ""f"": ""Verse""}, {""t"": 229.179523809, ""f"": ""Chorus""}, {""t"": 257.711133786, ""f"": ""Bridge""}, {""t"": 286.220408163, ""f"": ""Chorus""}, {""t"": 314.755215419, ""f"": ""Outro""}, {""t"": 334.08, ""f"": ""End""}]",[],[],spectrograms/mel/356_Lil_Jon_&_The_East_Side_Boyz_Featuring_Ying_Yang_Twins_Get_Low.png,spectrograms/linear/356_Lil_Jon_&_The_East_Side_Boyz_Featuring_Ying_Yang_Twins_Get_Low.png,spectrograms/matrices/356_Lil_Jon_&_The_East_Side_Boyz_Featuring_Ying_Yang_Twins_Get_Low.npy
358,Fu Gee La,The Fugees,"[0.0, 0.0, 10.704399092, 64.110294784, 74.764716553, 85.449433106, 128.156802721, 138.785668934, 149.482993197, 192.168344671, 202.833605442, 213.494013605, 224.161179138, 234.819659863, 245.41170068, 260.032244897, 260.032244897]","[{""t"": 0.0, ""f"": ""Intro""}, {""t"": 0.0, ""f"": ""Silence""}, {""t"": 10.704399092, ""f"": ""Verse""}, {""t"": 64.110294784, ""f"": ""Chorus""}, {""t"": 74.764716553, ""f"": ""no_function""}, {""t"": 85.449433106, ""f"": ""Verse""}, {""t"": 128.156802721, ""f"": ""Chorus""}, {""t"": 138.785668934, ""f"": ""no_function""}, {""t"": 149.482993197, ""f"": ""Verse""}, {""t"": 192.168344671, ""f"": ""Chorus""}, {""t"": 202.833605442, ""f"": ""no_function""}, {""t"": 213.494013605, ""f"": ""Chorus""}, {""t"": 224.161179138, ""f"": ""no_function""}, {""t"": 234.819659863, ""f"": ""Outro""}, {""t"": 245.41170068, ""f"": ""Coda""}, {""t"": 260.032244897, ""f"": ""End""}, {""t"": 260.032244897, ""f"": ""Silence""}]","[0.0, 0.0, 10.74802721, 64.043741496, 85.402040816, 128.011927437, 149.42340136, 192.087641723, 213.429977324, 234.758163265, 245.3623356, 260.058208616]","[{""t"": 0.0, ""f"": ""Intro""}, {""t"": 0.0, ""f"": ""silence""}, {""t"": 10.74802721, ""f"": ""Verse""}, {""t"": 64.043741496, ""f"": ""Chorus""}, {""t"": 85.402040816, ""f"": ""Verse""}, {""t"": 128.011927437, ""f"": ""Chorus""}, {""t"": 149.42340136, ""f"": ""Verse""}, {""t"": 192.087641723, ""f"": ""Chorus""}, {""t"": 213.429977324, ""f"": ""Chorus""}, {""t"": 234.758163265, ""f"": ""Outro""}, {""t"": 245.3623356, ""f"": ""no_function""}, {""t"": 260.058208616, ""f"": ""End""}]",spectrograms/mel/358_The_Fugees_Fu_Gee_La.png,spectrograms/linear/358_The_Fugees_Fu_Gee_La.png,spectrograms/matrices/358_The_Fugees_Fu_Gee_La.npy
360,Vivrant Thing,A Tribe Called Quest,"[0.0, 0.27755102, 19.736371882, 39.144603174, 48.872607709, 63.457188208, 73.128571428, 82.84079365, 102.160725623, 111.928888888, 140.963809523, 150.683968253, 160.348707482, 165.25185941, 190.691179138, 190.931201814]","[{""t"": 0.0, ""f"": ""Silence""}, {""t"": 0.27755102, ""f"": ""Intro""}, {""t"": 19.736371882, ""f"": ""Verse""}, {""t"": 39.144603174, ""f"": ""Chorus""}, {""t"": 48.872607709, ""f"": ""Verse""}, {""t"": 63.457188208, ""f"": ""Verse""}, {""t"": 73.128571428, ""f"": ""Chorus""}, {""t"": 82.84079365, ""f"": ""Bridge""}, {""t"": 102.160725623, ""f"": ""Verse""}, {""t"": 111.928888888, ""f"": ""Verse""}, {""t"": 140.963809523, ""f"": ""Chorus""}, {""t"": 150.683968253, ""f"": ""Chorus""}, {""t"": 160.348707482, ""f"": ""Coda""}, {""t"": 165.25185941, ""f"": ""no_function""}, {""t"": 190.691179138, ""f"": ""Silence""}, {""t"": 190.931201814, ""f"": ""End""}]","[0.0, 0.368526077, 19.709433106, 39.161383219, 43.977006802, 73.119229024, 102.125759637, 145.789365079, 165.220725623, 190.589387755, 190.944217687]","[{""t"": 0.0, ""f"": ""Silence""}, {""t"": 0.368526077, ""f"": ""Intro""}, {""t"": 19.709433106, ""f"": ""Verse""}, {""t"": 39.161383219, ""f"": ""Chorus""}, {""t"": 43.977006802, ""f"": ""Verse""}, {""t"": 73.119229024, ""f"": ""Chorus""}, {""t"": 102.125759637, ""f"": ""Verse""}, {""t"": 145.789365079, ""f"": ""Chorus""}, {""t"": 165.220725623, ""f"": ""Outro""}, {""t"": 190.589387755, ""f"": ""Silence""}, {""t"": 190.944217687, ""f"": ""End""}]",spectrograms/mel/360_A_Tribe_Called_Quest_Vivrant_Thing.png,spectrograms/linear/360_A_Tribe_Called_Quest_Vivrant_Thing.png,spectrograms/matrices/360_A_Tribe_Called_Quest_Vivrant_Thing.npy
362,I,Public Enemy,"[0.0, 0.010226757, 16.123378684, 69.940022675, 91.432426303, 156.001224489, 177.373968253, 236.504852607, 268.779637188, 268.789002267]","[{""t"": 0.0, ""f"": ""Silence""}, {""t"": 0.010226757, ""f"": ""Intro""}, {""t"": 16.123378684, ""f"": ""Verse""}, {""t"": 69.940022675, ""f"": ""Chorus""}, {""t"": 91.432426303, ""f"": ""Verse""}, {""t"": 156.001224489, ""f"": ""Chorus""}, {""t"": 177.373968253, ""f"": ""Verse""}, {""t"": 236.504852607, ""f"": ""Outro""}, {""t"": 268.779637188, ""f"": ""Silence""}, {""t"": 268.789002267, ""f"": ""End""}]","[0.0, 0.007142857, 16.156077097, 48.387913832, 69.859727891, 80.65185941, 91.415192743, 112.915918367, 123.603877551, 145.126077097, 155.844081632, 166.612086167, 177.395759637, 236.556848072, 247.269546485, 258.030430839, 268.788684807]","[{""t"": 0.0, ""f"": ""Silence""}, {""t"": 0.007142857, ""f"": ""Intro""}, {""t"": 16.156077097, ""f"": ""Verse""}, {""t"": 48.387913832, ""f"": ""Verse""}, {""t"": 69.859727891, ""f"": ""Chorus""}, {""t"": 80.65185941, ""f"": ""Chorus""}, {""t"": 91.415192743, ""f"": ""Verse""}, {""t"": 112.915918367, ""f"": ""Verse""}, {""t"": 123.603877551, ""f"": ""Verse""}, {""t"": 145.126077097, ""f"": ""Verse""}, {""t"": 155.844081632, ""f"": ""Chorus""}, {""t"": 166.612086167, ""f"": ""Chorus""}, {""t"": 177.395759637, ""f"": ""Verse""}, {""t"": 236.556848072, ""f"": ""Bridge""}, {""t"": 247.269546485, ""f"": ""Bridge""}, {""t"": 258.030430839, ""f"": ""Outro""}, {""t"": 268.788684807, ""f"": ""End""}]",spectrograms/mel/362_Public_Enemy_I.png,spectrograms/linear/362_Public_Enemy_I.png,spectrograms/matrices/362_Public_Enemy_I.npy
364,The Dusty Foot Philosopher,K'naan,"[0.0, 0.162539682, 10.720884353, 21.288344671, 31.664217687, 42.195147392, 52.701519274, 63.136349206, 73.619206349, 84.096213151, 94.686462585, 105.085623582, 115.588956916, 126.172879818, 136.621020408, 147.009455782, 157.581519274, 168.062290249, 178.573650793, 189.047369614, 199.557165532, 210.005192743, 217.997596371, 236.107823129, 238.413786848]","[{""t"": 0.0, ""f"": ""Silence""}, {""t"": 0.162539682, ""f"": ""Intro""}, {""t"": 10.720884353, ""f"": ""Verse""}, {""t"": 21.288344671, ""f"": ""Verse""}, {""t"": 31.664217687, ""f"": ""Verse""}, {""t"": 42.195147392, ""f"": ""Verse""}, {""t"": 52.701519274, ""f"": ""Chorus""}, {""t"": 63.136349206, ""f"": ""Verse""}, {""t"": 73.619206349, ""f"": ""Verse""}, {""t"": 84.096213151, ""f"": ""Verse""}, {""t"": 94.686462585, ""f"": ""Verse""}, {""t"": 105.085623582, ""f"": ""Chorus""}, {""t"": 115.588956916, ""f"": ""Chorus""}, {""t"": 126.172879818, ""f"": ""Verse""}, {""t"": 136.621020408, ""f"": ""Verse""}, {""t"": 147.009455782, ""f"": ""Verse""}, {""t"": 157.581519274, ""f"": ""Verse""}, {""t"": 168.062290249, ""f"": ""Chorus""}, {""t"": 178.573650793, ""f"": ""Chorus""}, {""t"": 189.047369614, ""f"": ""no_function""}, {""t"": 199.557165532, ""f"": ""Outro""}, {""t"": 210.005192743, ""f"": ""Fade-out""}, {""t"": 217.997596371, ""f"": ""no_function""}, {""t"": 236.107823129, ""f"": ""Silence""}, {""t"": 238.413786848, ""f"": ""End""}]","[0.0, 0.163265306, 10.674058956, 52.655714285, 63.102040816, 105.169614512, 126.040702947, 167.97356009, 189.039070294, 217.547142857, 235.934693877, 238.383673469]","[{""t"": 0.0, ""f"": ""Silence""}, {""t"": 0.163265306, ""f"": ""Intro""}, {""t"": 10.674058956, ""f"": ""Verse""}, {""t"": 52.655714285, ""f"": ""Chorus""}, {""t"": 63.102040816, ""f"": ""Verse""}, {""t"": 105.169614512, ""f"": ""Chorus""}, {""t"": 126.040702947, ""f"": ""Verse""}, {""t"": 167.97356009, ""f"": ""Chorus""}, {""t"": 189.039070294, ""f"": ""Outro""}, {""t"": 217.547142857, ""f"": ""no_function""}, {""t"": 235.934693877, ""f"": ""Silence""}, {""t"": 238.383673469, ""f"": ""End""}]",spectrograms/mel/364_K'naan_The_Dusty_Foot_Philosopher.png,spectrograms/linear/364_K'naan_The_Dusty_Foot_Philosopher.png,spectrograms/matrices/364_K'naan_The_Dusty_Foot_Philosopher.npy
366,I Gotcha Back,GZA,"[0.0, 0.348299319, 11.219115646, 21.850997732, 113.523197278, 237.419478458, 244.088163265, 298.202154195, 301.272108843]","[{""t"": 0.0, ""f"": ""Silence""}, {""t"": 0.348299319, ""f"": ""Intro""}, {""t"": 11.219115646, ""f"": ""Chorus""}, {""t"": 21.850997732, ""f"": ""Verse""}, {""t"": 113.523197278, ""f"": ""Chorus""}, {""t"": 237.419478458, ""f"": ""Fade-out""}, {""t"": 244.088163265, ""f"": ""no_function""}, {""t"": 298.202154195, ""f"": ""Silence""}, {""t"": 301.272108843, ""f"": ""End""}]","[0.0, 0.359183673, 11.200022675, 16.571156462, 113.559954648, 118.963650793, 124.33632653, 129.703854875, 135.112199546, 140.515759637, 145.882517006, 151.256349206, 156.65600907, 162.071950113, 237.491111111, 242.938684807, 298.507777777, 301.276281179]","[{""t"": 0.0, ""f"": ""Silence""}, {""t"": 0.359183673, ""f"": ""no_function""}, {""t"": 11.200022675, ""f"": ""Chorus""}, {""t"": 16.571156462, ""f"": ""Chorus""}, {""t"": 113.559954648, ""f"": ""Chorus""}, {""t"": 118.963650793, ""f"": ""Chorus""}, {""t"": 124.33632653, ""f"": ""Chorus""}, {""t"": 129.703854875, ""f"": ""Chorus""}, {""t"": 135.112199546, ""f"": ""Chorus""}, {""t"": 140.515759637, ""f"": ""Chorus""}, {""t"": 145.882517006, ""f"": ""Chorus""}, {""t"": 151.256349206, ""f"": ""Chorus""}, {""t"": 156.65600907, ""f"": ""Chorus""}, {""t"": 162.071950113, ""f"": ""Chorus""}, {""t"": 237.491111111, ""f"": ""Fade-out""}, {""t"": 242.938684807, ""f"": ""no_function""}, {""t"": 298.507777777, ""f"": ""Silence""}, {""t"": 301.276281179, ""f"": ""End""}]",spectrograms/mel/366_GZA_I_Gotcha_Back.png,spectrograms/linear/366_GZA_I_Gotcha_Back.png,spectrograms/matrices/366_GZA_I_Gotcha_Back.npy
368,Le Ou Marye,Wyclef Jean,"[0.0, 0.029024943, 4.391836734, 31.789637188, 79.852244897, 98.123877551, 143.836054421, 162.116054421, 180.436802721, 216.980839002, 290.124058956, 317.518344671, 330.102040816, 330.125782312]","[{""t"": 0.0, ""f"": ""Silence""}, {""t"": 0.029024943, ""f"": ""Intro""}, {""t"": 4.391836734, ""f"": ""Intro""}, {""t"": 31.789637188, ""f"": ""Verse""}, {""t"": 79.852244897, ""f"": ""Chorus""}, {""t"": 98.123877551, ""f"": ""Verse""}, {""t"": 143.836054421, ""f"": ""Chorus""}, {""t"": 162.116054421, ""f"": ""Bridge""}, {""t"": 180.436802721, ""f"": ""Chorus""}, {""t"": 216.980839002, ""f"": ""Verse""}, {""t"": 290.124058956, ""f"": ""Coda""}, {""t"": 317.518344671, ""f"": ""Fade-out""}, {""t"": 330.102040816, ""f"": ""Silence""}, {""t"": 330.125782312, ""f"": ""End""}]","[0.0, 0.0, 6.645646258, 24.999523809, 34.10802721, 61.51526077, 79.796099773, 98.071814058, 125.482879818, 143.790725623, 162.087301587, 180.379909297, 216.937369614, 317.525306122, 330.11600907]","[{""t"": 0.0, ""f"": ""Intro""}, {""t"": 0.0, ""f"": ""silence""}, {""t"": 6.645646258, ""f"": ""Intro""}, {""t"": 24.999523809, ""f"": ""Chorus""}, {""t"": 34.10802721, ""f"": ""Verse""}, {""t"": 61.51526077, ""f"": ""Pre-Chorus""}, {""t"": 79.796099773, ""f"": ""Chorus""}, {""t"": 98.071814058, ""f"": ""Verse""}, {""t"": 125.482879818, ""f"": ""Pre-Chorus""}, {""t"": 143.790725623, ""f"": ""Chorus""}, {""t"": 162.087301587, ""f"": ""Bridge""}, {""t"": 180.379909297, ""f"": ""Chorus""}, {""t"": 216.937369614, ""f"": ""Outro""}, {""t"": 317.525306122, ""f"": ""Fade-out""}, {""t"": 330.11600907, ""f"": ""End""}]",spectrograms/mel/368_Wyclef_Jean_Le_Ou_Marye.png,spectrograms/linear/368_Wyclef_Jean_Le_Ou_Marye.png,spectrograms/matrices/368_Wyclef_Jean_Le_Ou_Marye.npy
370,Boy Band,The Arrogant Worms,"[0.0, 0.325079365, 27.437074829, 65.981065759, 86.420816326, 124.749002267, 143.940929705, 161.983900226, 182.438412698, 208.436734693, 215.878684807, 220.037959183]","[{""t"": 0.0, ""f"": ""Silence""}, {""t"": 0.325079365, ""f"": ""Intro""}, {""t"": 27.437074829, ""f"": ""Verse""}, {""t"": 65.981065759, ""f"": ""Chorus""}, {""t"": 86.420816326, ""f"": ""Verse""}, {""t"": 124.749002267, ""f"": ""Chorus""}, {""t"": 143.940929705, ""f"": ""Verse""}, {""t"": 161.983900226, ""f"": ""Interlude""}, {""t"": 182.438412698, ""f"": ""Chorus""}, {""t"": 208.436734693, ""f"": ""Outro""}, {""t"": 215.878684807, ""f"": ""Silence""}, {""t"": 220.037959183, ""f"": ""End""}]","[0.0, 0.371519274, 9.428662131, 18.528344671, 27.610090702, 66.143673469, 86.503446712, 124.828049886, 144.062448979, 182.515442176, 215.15292517, 220.045306122]","[{""t"": 0.0, ""f"": ""Silence""}, {""t"": 0.371519274, ""f"": ""Intro""}, {""t"": 9.428662131, ""f"": ""voice""}, {""t"": 18.528344671, ""f"": ""spoken""}, {""t"": 27.610090702, ""f"": ""Verse""}, {""t"": 66.143673469, ""f"": ""Chorus""}, {""t"": 86.503446712, ""f"": ""Verse""}, {""t"": 124.828049886, ""f"": ""Chorus""}, {""t"": 144.062448979, ""f"": ""Bridge""}, {""t"": 182.515442176, ""f"": ""Chorus""}, {""t"": 215.15292517, ""f"": ""Silence""}, {""t"": 220.045306122, ""f"": ""End""}]",spectrograms/mel/370_The_Arrogant_Worms_Boy_Band.png,spectrograms/linear/370_The_Arrogant_Worms_Boy_Band.png,spectrograms/matrices/370_The_Arrogant_Worms_Boy_Band.npy
372,Business Time,Flight Of The Conchords,"[0.0, 0.979591836, 11.557913832, 66.597664399, 86.637596371, 146.566417233, 166.589319727, 176.581292517, 204.011587301, 224.07739229, 234.061088435, 244.115283446, 245.369365079]","[{""t"": 0.0, ""f"": ""Silence""}, {""t"": 0.979591836, ""f"": ""Intro""}, {""t"": 11.557913832, ""f"": ""Verse""}, {""t"": 66.597664399, ""f"": ""Chorus""}, {""t"": 86.637596371, ""f"": ""Verse""}, {""t"": 146.566417233, ""f"": ""Chorus""}, {""t"": 166.589319727, ""f"": ""Interlude""}, {""t"": 176.581292517, ""f"": ""Verse""}, {""t"": 204.011587301, ""f"": ""Chorus""}, {""t"": 224.07739229, ""f"": ""Solo""}, {""t"": 234.061088435, ""f"": ""Fade-out""}, {""t"": 244.115283446, ""f"": ""Silence""}, {""t"": 245.369365079, ""f"": ""End""}]","[0.0, 1.137777777, 11.515827664, 66.523696145, 86.617959183, 146.556394557, 166.606281179, 176.596507936, 204.054988662, 223.958571428, 233.990612244, 245.241950113]","[{""t"": 0.0, ""f"": ""Silence""}, {""t"": 1.137777777, ""f"": ""Intro""}, {""t"": 11.515827664, ""f"": ""Verse""}, {""t"": 66.523696145, ""f"": ""Chorus""}, {""t"": 86.617959183, ""f"": ""Verse""}, {""t"": 146.556394557, ""f"": ""Chorus""}, {""t"": 166.606281179, ""f"": ""Interlude""}, {""t"": 176.596507936, ""f"": ""Verse""}, {""t"": 204.054988662, ""f"": ""Chorus""}, {""t"": 223.958571428, ""f"": ""Outro""}, {""t"": 233.990612244, ""f"": ""Fade-out""}, {""t"": 245.241950113, ""f"": ""End""}]",spectrograms/mel/372_Flight_Of_The_Conchords_Business_Time.png,spectrograms/linear/372_Flight_Of_The_Conchords_Business_Time.png,spectrograms/matrices/372_Flight_Of_The_Conchords_Business_Time.npy
376,Always Look On The Bright Side Of Li,Monty Python,[],[],"[0.0, 1.346757369, 5.271043083, 26.842267573, 34.965986394, 42.974353741, 50.92371882, 58.914399092, 66.961111111, 74.997346938, 83.031428571, 91.022562358, 99.104331065, 107.135668934, 115.246371882, 123.238231292, 131.342471655, 139.299931972, 147.214195011, 155.201292517, 163.142244897, 170.950136054, 178.928684807, 186.842471655, 194.81941043, 202.594285714, 202.594285714, 202.594285714, 212.102040816, 216.390068027]","[{""t"": 0.0, ""f"": ""Silence""}, {""t"": 1.346757369, ""f"": ""Intro""}, {""t"": 5.271043083, ""f"": ""Intro""}, {""t"": 26.842267573, ""f"": ""Chorus""}, {""t"": 34.965986394, ""f"": ""Chorus""}, {""t"": 42.974353741, ""f"": ""Verse""}, {""t"": 50.92371882, ""f"": ""Verse""}, {""t"": 58.914399092, ""f"": ""Chorus""}, {""t"": 66.961111111, ""f"": ""Chorus""}, {""t"": 74.997346938, ""f"": ""Verse""}, {""t"": 83.031428571, ""f"": ""Verse""}, {""t"": 91.022562358, ""f"": ""Chorus""}, {""t"": 99.104331065, ""f"": ""Chorus""}, {""t"": 107.135668934, ""f"": ""Verse""}, {""t"": 115.246371882, ""f"": ""Verse""}, {""t"": 123.238231292, ""f"": ""Chorus""}, {""t"": 131.342471655, ""f"": ""Chorus""}, {""t"": 139.299931972, ""f"": ""Chorus""}, {""t"": 147.214195011, ""f"": ""Chorus""}, {""t"": 155.201292517, ""f"": ""Chorus""}, {""t"": 163.142244897, ""f"": ""Chorus""}, {""t"": 170.950136054, ""f"": ""Chorus""}, {""t"": 178.928684807, ""f"": ""Chorus""}, {""t"": 186.842471655, ""f"": ""Chorus""}, {""t"": 194.81941043, ""f"": ""Chorus""}, {""t"": 202.594285714, ""f"": ""Chorus""}, {""t"": 202.594285714, ""f"": ""Fade-out""}, {""t"": 202.594285714, ""f"": ""out""}, {""t"": 212.102040816, ""f"": ""Silence""}, {""t"": 216.390068027, ""f"": ""End""}]",spectrograms/mel/376_Monty_Python_Always_Look_On_The_Bright_Side_Of_Li.png,spectrograms/linear/376_Monty_Python_Always_Look_On_The_Bright_Side_Of_Li.png,spectrograms/matrices/376_Monty_Python_Always_Look_On_The_Bright_Side_Of_Li.npy
378,I  ve Got Two Legs,Monty Python,"[0.0, 0.255419501, 12.074376417, 28.775691609, 29.303582766, 33.60632653, 35.02371882]","[{""t"": 0.0, ""f"": ""Silence""}, {""t"": 0.255419501, ""f"": ""Intro""}, {""t"": 12.074376417, ""f"": ""Verse""}, {""t"": 28.775691609, ""f"": ""no_function""}, {""t"": 29.303582766, ""f"": ""break""}, {""t"": 33.60632653, ""f"": ""Silence""}, {""t"": 35.02371882, ""f"": ""End""}]","[0.0, 0.185759637, 8.007664399, 12.538820861, 28.892517006, 29.876077097, 32.738820861, 35.007619047]","[{""t"": 0.0, ""f"": ""Silence""}, {""t"": 0.185759637, ""f"": ""no_function""}, {""t"": 8.007664399, ""f"": ""Intro""}, {""t"": 12.538820861, ""f"": ""no_function""}, {""t"": 28.892517006, ""f"": ""Verse""}, {""t"": 29.876077097, ""f"": ""no_function""}, {""t"": 32.738820861, ""f"": ""Silence""}, {""t"": 35.007619047, ""f"": ""End""}]",spectrograms/mel/378_Monty_Python_I__ve_Got_Two_Legs.png,spectrograms/linear/378_Monty_Python_I__ve_Got_Two_Legs.png,spectrograms/matrices/378_Monty_Python_I__ve_Got_Two_Legs.npy
380,Henry Kissinger,Monty Python,"[0.0, 0.179591836, 10.052698412, 19.700680272, 29.404807256, 39.092766439, 48.916462585, 58.573356009, 68.268730158, 78.00462585, 88.07664399, 91.12600907]","[{""t"": 0.0, ""f"": ""Silence""}, {""t"": 0.179591836, ""f"": ""Intro""}, {""t"": 10.052698412, ""f"": ""Verse""}, {""t"": 19.700680272, ""f"": ""no_function""}, {""t"": 29.404807256, ""f"": ""no_function""}, {""t"": 39.092766439, ""f"": ""Chorus""}, {""t"": 48.916462585, ""f"": ""Verse""}, {""t"": 58.573356009, ""f"": ""no_function""}, {""t"": 68.268730158, ""f"": ""no_function""}, {""t"": 78.00462585, ""f"": ""Chorus""}, {""t"": 88.07664399, ""f"": ""Silence""}, {""t"": 91.12600907, ""f"": ""End""}]","[0.0, 0.162539682, 9.961337868, 48.83154195, 91.115079365]","[{""t"": 0.0, ""f"": ""Silence""}, {""t"": 0.162539682, ""f"": ""Intro""}, {""t"": 9.961337868, ""f"": ""Verse""}, {""t"": 48.83154195, ""f"": ""Verse""}, {""t"": 91.115079365, ""f"": ""End""}]",spectrograms/mel/380_Monty_Python_Henry_Kissinger.png,spectrograms/linear/380_Monty_Python_Henry_Kissinger.png,spectrograms/matrices/380_Monty_Python_Henry_Kissinger.npy
382,A Night on Dildo,The Arrogant Worms,"[0.0, 0.487619047, 44.071473922, 50.763922902, 57.260113378, 63.87063492, 70.481632653, 81.926530612, 88.506122448, 95.118367346, 101.648979591, 108.208185941, 114.786190476, 126.293333333, 132.887800453, 139.54324263, 147.648866213, 154.253061224, 160.881632653, 178.907528344, 185.515351473, 192.097732426, 204.408163265, 208.284739229]","[{""t"": 0.0, ""f"": ""Silence""}, {""t"": 0.487619047, ""f"": ""Intro""}, {""t"": 44.071473922, ""f"": ""no_function""}, {""t"": 50.763922902, ""f"": ""Verse""}, {""t"": 57.260113378, ""f"": ""Verse""}, {""t"": 63.87063492, ""f"": ""Verse""}, {""t"": 70.481632653, ""f"": ""Pre-Chorus""}, {""t"": 81.926530612, ""f"": ""Chorus""}, {""t"": 88.506122448, ""f"": ""Chorus""}, {""t"": 95.118367346, ""f"": ""Verse""}, {""t"": 101.648979591, ""f"": ""Verse""}, {""t"": 108.208185941, ""f"": ""Verse""}, {""t"": 114.786190476, ""f"": ""Pre-Chorus""}, {""t"": 126.293333333, ""f"": ""break""}, {""t"": 132.887800453, ""f"": ""Verse""}, {""t"": 139.54324263, ""f"": ""Verse""}, {""t"": 147.648866213, ""f"": ""Verse""}, {""t"": 154.253061224, ""f"": ""Verse""}, {""t"": 160.881632653, ""f"": ""Pre-Chorus""}, {""t"": 178.907528344, ""f"": ""Chorus""}, {""t"": 185.515351473, ""f"": ""Chorus""}, {""t"": 192.097732426, ""f"": ""Outro""}, {""t"": 204.408163265, ""f"": ""Silence""}, {""t"": 208.284739229, ""f"": ""End""}]","[0.0, 0.487619047, 19.017120181, 48.379070294, 62.815011337, 69.454036281, 98.188866213, 112.494421768, 133.226734693, 158.186689342, 169.038344671]","[{""t"": 0.0, ""f"": ""Silence""}, {""t"": 0.487619047, ""f"": ""Intro""}, {""t"": 19.017120181, ""f"": ""Verse""}, {""t"": 48.379070294, ""f"": ""Chorus""}, {""t"": 62.815011337, ""f"": ""Interlude""}, {""t"": 69.454036281, ""f"": ""Verse""}, {""t"": 98.188866213, ""f"": ""Chorus""}, {""t"": 112.494421768, ""f"": ""no_function""}, {""t"": 133.226734693, ""f"": ""Chorus""}, {""t"": 158.186689342, ""f"": ""no_function""}, {""t"": 169.038344671, ""f"": ""End""}]",spectrograms/mel/382_The_Arrogant_Worms_A_Night_on_Dildo.png,spectrograms/linear/382_The_Arrogant_Worms_A_Night_on_Dildo.png,spectrograms/matrices/382_The_Arrogant_Worms_A_Night_on_Dildo.npy
384,I Ran Away,The Arrogant Worms,"[0.0, 0.375873015, 21.818730158, 38.169727891, 62.16877551, 78.190907029, 103.603310657, 119.492290249, 147.920680272, 174.529183673, 189.842471655]","[{""t"": 0.0, ""f"": ""Silence""}, {""t"": 0.375873015, ""f"": ""Verse""}, {""t"": 21.818730158, ""f"": ""Chorus""}, {""t"": 38.169727891, ""f"": ""Verse""}, {""t"": 62.16877551, ""f"": ""Chorus""}, {""t"": 78.190907029, ""f"": ""Verse""}, {""t"": 103.603310657, ""f"": ""Chorus""}, {""t"": 119.492290249, ""f"": ""Verse""}, {""t"": 147.920680272, ""f"": ""Chorus""}, {""t"": 174.529183673, ""f"": ""Outro""}, {""t"": 189.842471655, ""f"": ""End""}]","[0.0, 0.325079365, 0.325079365, 15.511383219, 21.74877551, 38.583469387, 38.583469387, 55.5630839, 62.109047619, 78.805918367, 78.805918367, 97.570249433, 103.581156462, 120.08356009, 120.08356009, 136.556553287, 147.900839002, 161.261020408, 174.525600907, 177.84585034, 186.810340136, 189.755328798]","[{""t"": 0.0, ""f"": ""Silence""}, {""t"": 0.325079365, ""f"": ""Solo""}, {""t"": 0.325079365, ""f"": ""Verse""}, {""t"": 15.511383219, ""f"": ""Pre-Chorus""}, {""t"": 21.74877551, ""f"": ""Chorus""}, {""t"": 38.583469387, ""f"": ""Solo""}, {""t"": 38.583469387, ""f"": ""Verse""}, {""t"": 55.5630839, ""f"": ""Pre-Chorus""}, {""t"": 62.109047619, ""f"": ""Chorus""}, {""t"": 78.805918367, ""f"": ""Solo""}, {""t"": 78.805918367, ""f"": ""Verse""}, {""t"": 97.570249433, ""f"": ""Pre-Chorus""}, {""t"": 103.581156462, ""f"": ""Chorus""}, {""t"": 120.08356009, ""f"": ""Solo""}, {""t"": 120.08356009, ""f"": ""Verse""}, {""t"": 136.556553287, ""f"": ""Pre-Chorus""}, {""t"": 147.900839002, ""f"": ""Chorus""}, {""t"": 161.261020408, ""f"": ""Chorus""}, {""t"": 174.525600907, ""f"": ""Outro""}, {""t"": 177.84585034, ""f"": ""Outro""}, {""t"": 186.810340136, ""f"": ""Silence""}, {""t"": 189.755328798, ""f"": ""End""}]",spectrograms/mel/384_The_Arrogant_Worms_I_Ran_Away.png,spectrograms/linear/384_The_Arrogant_Worms_I_Ran_Away.png,spectrograms/matrices/384_The_Arrogant_Worms_I_Ran_Away.npy
386,Glow Worm Cha Cha Cha,Jackie Davis,"[0.0, 0.394739229, 7.256870748, 34.249433106, 61.240907029, 81.188571428, 107.603333333, 134.333038548, 140.829024943, 143.699591836]","[{""t"": 0.0, ""f"": ""Silence""}, {""t"": 0.394739229, ""f"": ""Intro""}, {""t"": 7.256870748, ""f"": ""Head""}, {""t"": 34.249433106, ""f"": ""Solo""}, {""t"": 61.240907029, ""f"": ""Solo""}, {""t"": 81.188571428, ""f"": ""Solo""}, {""t"": 107.603333333, ""f"": ""Solo""}, {""t"": 134.333038548, ""f"": ""Outro""}, {""t"": 140.829024943, ""f"": ""Silence""}, {""t"": 143.699591836, ""f"": ""End""}]","[0.0, 0.314172335, 7.214965986, 20.771020408, 34.228594104, 47.799138321, 61.233469387, 74.689160997, 81.212403628, 94.379070294, 107.583968253, 120.925668934, 140.518684807, 143.699591836]","[{""t"": 0.0, ""f"": ""Silence""}, {""t"": 0.314172335, ""f"": ""Intro""}, {""t"": 7.214965986, ""f"": ""Chorus""}, {""t"": 20.771020408, ""f"": ""Chorus""}, {""t"": 34.228594104, ""f"": ""no_function""}, {""t"": 47.799138321, ""f"": ""no_function""}, {""t"": 61.233469387, ""f"": ""Transition""}, {""t"": 74.689160997, ""f"": ""Solo""}, {""t"": 81.212403628, ""f"": ""Chorus""}, {""t"": 94.379070294, ""f"": ""Chorus""}, {""t"": 107.583968253, ""f"": ""Solo""}, {""t"": 120.925668934, ""f"": ""Solo""}, {""t"": 140.518684807, ""f"": ""Silence""}, {""t"": 143.699591836, ""f"": ""End""}]",spectrograms/mel/386_Jackie_Davis_Glow_Worm_Cha_Cha_Cha.png,spectrograms/linear/386_Jackie_Davis_Glow_Worm_Cha_Cha_Cha.png,spectrograms/matrices/386_Jackie_Davis_Glow_Worm_Cha_Cha_Cha.npy
388,Crane White Lightning,RZA,"[0.0, 0.226394557, 8.99585034, 51.09877551, 52.832653061, 74.939206349, 96.226893424, 97.7523356]","[{""t"": 0.0, ""f"": ""Silence""}, {""t"": 0.226394557, ""f"": ""Intro""}, {""t"": 8.99585034, ""f"": ""no_function""}, {""t"": 51.09877551, ""f"": ""Silence""}, {""t"": 52.832653061, ""f"": ""no_function""}, {""t"": 74.939206349, ""f"": ""no_function""}, {""t"": 96.226893424, ""f"": ""Silence""}, {""t"": 97.7523356, ""f"": ""End""}]","[0.0, 0.232199546, 50.758820861, 52.82510204, 74.859750566, 89.552086167, 96.214263038, 97.76430839]","[{""t"": 0.0, ""f"": ""Silence""}, {""t"": 0.232199546, ""f"": ""Intro""}, {""t"": 50.758820861, ""f"": ""Break""}, {""t"": 52.82510204, ""f"": ""no_function""}, {""t"": 74.859750566, ""f"": ""no_function""}, {""t"": 89.552086167, ""f"": ""Outro""}, {""t"": 96.214263038, ""f"": ""Silence""}, {""t"": 97.76430839, ""f"": ""End""}]",spectrograms/mel/388_RZA_Crane_White_Lightning.png,spectrograms/linear/388_RZA_Crane_White_Lightning.png,spectrograms/matrices/388_RZA_Crane_White_Lightning.npy
392,Go Slow,Julie London,"[0.0, 0.371519274, 9.487256235, 36.875351473, 63.720657596, 90.832086167, 117.821927437, 132.72526077, 135.091927437]","[{""t"": 0.0, ""f"": ""Silence""}, {""t"": 0.371519274, ""f"": ""Intro""}, {""t"": 9.487256235, ""f"": ""Head""}, {""t"": 36.875351473, ""f"": ""Head""}, {""t"": 63.720657596, ""f"": ""Bridge""}, {""t"": 90.832086167, ""f"": ""Head""}, {""t"": 117.821927437, ""f"": ""Outro""}, {""t"": 132.72526077, ""f"": ""Silence""}, {""t"": 135.091927437, ""f"": ""End""}]","[0.0, 0.534512471, 9.752380952, 36.917210884, 63.785328798, 90.743582766, 117.996145124, 133.004829931, 135.080997732]","[{""t"": 0.0, ""f"": ""Silence""}, {""t"": 0.534512471, ""f"": ""Intro""}, {""t"": 9.752380952, ""f"": ""Verse""}, {""t"": 36.917210884, ""f"": ""Verse""}, {""t"": 63.785328798, ""f"": ""Bridge""}, {""t"": 90.743582766, ""f"": ""no_function""}, {""t"": 117.996145124, ""f"": ""Outro""}, {""t"": 133.004829931, ""f"": ""Silence""}, {""t"": 135.080997732, ""f"": ""End""}]",spectrograms/mel/392_Julie_London_Go_Slow.png,spectrograms/linear/392_Julie_London_Go_Slow.png,spectrograms/matrices/392_Julie_London_Go_Slow.npy
394,South of the Border,Herb Alpert & The Tijuana Brass,"[0.0, 0.255419501, 13.064988662, 39.816984126, 66.425646258, 79.541609977, 106.185124716, 112.713764172, 123.901678004, 131.268888888]","[{""t"": 0.0, ""f"": ""Silence""}, {""t"": 0.255419501, ""f"": ""Intro""}, {""t"": 13.064988662, ""f"": ""Theme""}, {""t"": 39.816984126, ""f"": ""no_function""}, {""t"": 66.425646258, ""f"": ""Interlude""}, {""t"": 79.541609977, ""f"": ""Theme""}, {""t"": 106.185124716, ""f"": ""Outro""}, {""t"": 112.713764172, ""f"": ""Fade-out""}, {""t"": 123.901678004, ""f"": ""Silence""}, {""t"": 131.268888888, ""f"": ""End""}]","[0.0, 0.0, 6.445986394, 13.129365079, 39.803310657, 66.48446712, 79.637845804, 106.157324263, 112.69324263, 123.910408163, 131.286689342]","[{""t"": 0.0, ""f"": ""Intro""}, {""t"": 0.0, ""f"": ""Silence""}, {""t"": 6.445986394, ""f"": ""Intro""}, {""t"": 13.129365079, ""f"": ""no_function""}, {""t"": 39.803310657, ""f"": ""no_function""}, {""t"": 66.48446712, ""f"": ""Bridge""}, {""t"": 79.637845804, ""f"": ""no_function""}, {""t"": 106.157324263, ""f"": ""Outro""}, {""t"": 112.69324263, ""f"": ""Fade-out""}, {""t"": 123.910408163, ""f"": ""Silence""}, {""t"": 131.286689342, ""f"": ""End""}]",spectrograms/mel/394_Herb_Alpert_&_The_Tijuana_Brass_South_of_the_Border.png,spectrograms/linear/394_Herb_Alpert_&_The_Tijuana_Brass_South_of_the_Border.png,spectrograms/matrices/394_Herb_Alpert_&_The_Tijuana_Brass_South_of_the_Border.npy
396,Minor Swing,David Grisman Quintet,"[0.0, 0.195918367, 0.195918367, 15.232267573, 22.685873015, 29.930498866, 51.896575963, 59.210861678, 88.676984126, 118.027006802, 118.027006802, 147.493129251, 169.742040816, 176.661587301, 179.670204081]","[{""t"": 0.0, ""f"": ""Silence""}, {""t"": 0.195918367, ""f"": ""Head""}, {""t"": 0.195918367, ""f"": ""guitar""}, {""t"": 15.232267573, ""f"": ""Solo""}, {""t"": 22.685873015, ""f"": ""Head""}, {""t"": 29.930498866, ""f"": ""Solo""}, {""t"": 51.896575963, ""f"": ""gypsy""}, {""t"": 59.210861678, ""f"": ""Solo""}, {""t"": 88.676984126, ""f"": ""Solo""}, {""t"": 118.027006802, ""f"": ""Solo""}, {""t"": 118.027006802, ""f"": ""guitar""}, {""t"": 147.493129251, ""f"": ""Head""}, {""t"": 169.742040816, ""f"": ""Outro""}, {""t"": 176.661587301, ""f"": ""Silence""}, {""t"": 179.670204081, ""f"": ""End""}]","[0.0, 0.185759637, 15.084353741, 22.505646258, 30.024535147, 59.264648526, 88.72877551, 118.082947845, 147.636598639, 169.633764172, 177.162879818, 179.680997732]","[{""t"": 0.0, ""f"": ""Silence""}, {""t"": 0.185759637, ""f"": ""no_function""}, {""t"": 15.084353741, ""f"": ""no_function""}, {""t"": 22.505646258, ""f"": ""no_function""}, {""t"": 30.024535147, ""f"": ""Solo""}, {""t"": 59.264648526, ""f"": ""Solo""}, {""t"": 88.72877551, ""f"": ""Solo""}, {""t"": 118.082947845, ""f"": ""Solo""}, {""t"": 147.636598639, ""f"": ""Outro""}, {""t"": 169.633764172, ""f"": ""no_function""}, {""t"": 177.162879818, ""f"": ""Silence""}, {""t"": 179.680997732, ""f"": ""End""}]",spectrograms/mel/396_David_Grisman_Quintet_Minor_Swing.png,spectrograms/linear/396_David_Grisman_Quintet_Minor_Swing.png,spectrograms/matrices/396_David_Grisman_Quintet_Minor_Swing.npy
398,Sally And Jack,Pino Donaggio,"[0.0, 0.696598639, 17.158571428, 33.784557823, 50.715034013, 61.871292517, 70.135736961, 83.296258503, 86.061337868]","[{""t"": 0.0, ""f"": ""Silence""}, {""t"": 0.696598639, ""f"": ""Intro""}, {""t"": 17.158571428, ""f"": ""Main_Theme""}, {""t"": 33.784557823, ""f"": ""Theme""}, {""t"": 50.715034013, ""f"": ""Transition""}, {""t"": 61.871292517, ""f"": ""Main_Theme""}, {""t"": 70.135736961, ""f"": ""Outro""}, {""t"": 83.296258503, ""f"": ""Silence""}, {""t"": 86.061337868, ""f"": ""End""}]","[0.0, 0.472993197, 15.763922902, 49.887913832, 60.379070294, 83.122698412, 86.049818594]","[{""t"": 0.0, ""f"": ""Silence""}, {""t"": 0.472993197, ""f"": ""no_function""}, {""t"": 15.763922902, ""f"": ""no_function""}, {""t"": 49.887913832, ""f"": ""no_function""}, {""t"": 60.379070294, ""f"": ""no_function""}, {""t"": 83.122698412, ""f"": ""Silence""}, {""t"": 86.049818594, ""f"": ""End""}]",spectrograms/mel/398_Pino_Donaggio_Sally_And_Jack.png,spectrograms/linear/398_Pino_Donaggio_Sally_And_Jack.png,spectrograms/matrices/398_Pino_Donaggio_Sally_And_Jack.npy
400,Big Town,Laurindo Almeida And The Danzaneros,"[0.0, 0.278639455, 9.055759637, 26.424285714, 43.746371882, 60.487959183, 77.415306122, 94.319433106, 111.339659863, 128.499206349, 146.007052154, 162.400340136, 164.231836734]","[{""t"": 0.0, ""f"": ""Silence""}, {""t"": 0.278639455, ""f"": ""Intro""}, {""t"": 9.055759637, ""f"": ""Head""}, {""t"": 26.424285714, ""f"": ""no_function""}, {""t"": 43.746371882, ""f"": ""Solo""}, {""t"": 60.487959183, ""f"": ""no_function""}, {""t"": 77.415306122, ""f"": ""Solo""}, {""t"": 94.319433106, ""f"": ""no_function""}, {""t"": 111.339659863, ""f"": ""Head""}, {""t"": 128.499206349, ""f"": ""no_function""}, {""t"": 146.007052154, ""f"": ""Outro""}, {""t"": 162.400340136, ""f"": ""Silence""}, {""t"": 164.231836734, ""f"": ""End""}]","[0.0, 0.371519274, 9.102222222, 43.676417233, 77.35723356, 111.185011337, 145.883469387, 164.234285714]","[{""t"": 0.0, ""f"": ""Silence""}, {""t"": 0.371519274, ""f"": ""Intro""}, {""t"": 9.102222222, ""f"": ""Head""}, {""t"": 43.676417233, ""f"": ""no_function""}, {""t"": 77.35723356, ""f"": ""Solo""}, {""t"": 111.185011337, ""f"": ""Head""}, {""t"": 145.883469387, ""f"": ""Outro""}, {""t"": 164.234285714, ""f"": ""End""}]",spectrograms/mel/400_Laurindo_Almeida_And_The_Danzaneros_Big_Town.png,spectrograms/linear/400_Laurindo_Almeida_And_The_Danzaneros_Big_Town.png,spectrograms/matrices/400_Laurindo_Almeida_And_The_Danzaneros_Big_Town.npy
402,Lively Up Yourself,Charlie Hunter,"[0.0, 0.255419501, 27.92356009, 81.66893424, 108.372244897, 136.16324263, 163.303628117, 190.273922902, 217.042630385, 244.048185941, 270.671836734, 297.343832199, 324.024126984, 340.015646258]","[{""t"": 0.0, ""f"": ""Silence""}, {""t"": 0.255419501, ""f"": ""Intro""}, {""t"": 27.92356009, ""f"": ""Verse""}, {""t"": 81.66893424, ""f"": ""Chorus""}, {""t"": 108.372244897, ""f"": ""Interlude""}, {""t"": 136.16324263, ""f"": ""Verse""}, {""t"": 163.303628117, ""f"": ""no_function""}, {""t"": 190.273922902, ""f"": ""Chorus""}, {""t"": 217.042630385, ""f"": ""Interlude""}, {""t"": 244.048185941, ""f"": ""Verse""}, {""t"": 270.671836734, ""f"": ""no_function""}, {""t"": 297.343832199, ""f"": ""Chorus""}, {""t"": 324.024126984, ""f"": ""Outro""}, {""t"": 340.015646258, ""f"": ""End""}]","[0.0, 0.255419501, 27.94371882, 81.737142857, 108.449229024, 136.361156462, 190.37723356, 217.121269841, 244.055056689, 270.743514739, 297.415238095, 324.145011337, 336.487029478, 340.024988662]","[{""t"": 0.0, ""f"": ""Silence""}, {""t"": 0.255419501, ""f"": ""Theme""}, {""t"": 27.94371882, ""f"": ""Solo""}, {""t"": 81.737142857, ""f"": ""Chorus""}, {""t"": 108.449229024, ""f"": ""Theme""}, {""t"": 136.361156462, ""f"": ""Solo""}, {""t"": 190.37723356, ""f"": ""Chorus""}, {""t"": 217.121269841, ""f"": ""Theme""}, {""t"": 244.055056689, ""f"": ""Solo""}, {""t"": 270.743514739, ""f"": ""Solo""}, {""t"": 297.415238095, ""f"": ""Chorus""}, {""t"": 324.145011337, ""f"": ""Outro""}, {""t"": 336.487029478, ""f"": ""Silence""}, {""t"": 340.024988662, ""f"": ""End""}]",spectrograms/mel/402_Charlie_Hunter_Lively_Up_Yourself.png,spectrograms/linear/402_Charlie_Hunter_Lively_Up_Yourself.png,spectrograms/matrices/402_Charlie_Hunter_Lively_Up_Yourself.npy
404,Minaret,Erik Truffaz,"[0.0, 0.273469387, 34.11909297, 125.289795918, 141.35510204, 261.044897959, 334.236734693, 353.264648526, 358.045918367]","[{""t"": 0.0, ""f"": ""Silence""}, {""t"": 0.273469387, ""f"": ""Intro""}, {""t"": 34.11909297, ""f"": ""Solo""}, {""t"": 125.289795918, ""f"": ""no_function""}, {""t"": 141.35510204, ""f"": ""no_function""}, {""t"": 261.044897959, ""f"": ""no_function""}, {""t"": 334.236734693, ""f"": ""Outro""}, {""t"": 353.264648526, ""f"": ""Silence""}, {""t"": 358.045918367, ""f"": ""End""}]","[0.0, 0.261224489, 34.133333333, 84.195555555, 125.321065759, 141.439727891, 158.941768707, 158.941768707, 210.982970521, 251.332789115, 273.902585034, 334.251247165, 352.163265306, 358.034285714]","[{""t"": 0.0, ""f"": ""Silence""}, {""t"": 0.261224489, ""f"": ""Intro""}, {""t"": 34.133333333, ""f"": ""Chorus""}, {""t"": 84.195555555, ""f"": ""Theme""}, {""t"": 125.321065759, ""f"": ""Interlude""}, {""t"": 141.439727891, ""f"": ""Chorus""}, {""t"": 158.941768707, ""f"": ""Instrumental""}, {""t"": 158.941768707, ""f"": ""Solo""}, {""t"": 210.982970521, ""f"": ""Theme""}, {""t"": 251.332789115, ""f"": ""Transition""}, {""t"": 273.902585034, ""f"": ""Interlude""}, {""t"": 334.251247165, ""f"": ""Outro""}, {""t"": 352.163265306, ""f"": ""Silence""}, {""t"": 358.034285714, ""f"": ""End""}]",spectrograms/mel/404_Erik_Truffaz_Minaret.png,spectrograms/linear/404_Erik_Truffaz_Minaret.png,spectrograms/matrices/404_Erik_Truffaz_Minaret.npy
406,The Jackal,Ronny Jordan,"[0.0, 0.046439909, 31.114739229, 62.183038548, 82.770249433, 114.016190476, 155.289183673, 186.200816326, 245.504580498, 276.317460317, 376.859863945, 394.971269841, 415.404988662, 427.701814058, 427.702857142]","[{""t"": 0.0, ""f"": ""Silence""}, {""t"": 0.046439909, ""f"": ""Intro""}, {""t"": 31.114739229, ""f"": ""Verse""}, {""t"": 62.183038548, ""f"": ""Interlude""}, {""t"": 82.770249433, ""f"": ""Chorus""}, {""t"": 114.016190476, ""f"": ""Verse""}, {""t"": 155.289183673, ""f"": ""Chorus""}, {""t"": 186.200816326, ""f"": ""Verse""}, {""t"": 245.504580498, ""f"": ""Chorus""}, {""t"": 276.317460317, ""f"": ""Solo""}, {""t"": 376.859863945, ""f"": ""Interlude""}, {""t"": 394.971269841, ""f"": ""Outro""}, {""t"": 415.404988662, ""f"": ""Fade-out""}, {""t"": 427.701814058, ""f"": ""Silence""}, {""t"": 427.702857142, ""f"": ""End""}]","[0.0, 0.0, 25.45510204, 31.312970521, 72.679591836, 83.00648526, 103.686598639, 114.006190476, 155.296462585, 175.927142857, 186.27063492, 214.620113378, 235.265034013, 276.512743764, 286.78371882, 317.703696145, 346.065600907, 389.919365079, 415.548820861, 427.712675736, 427.712675736]","[{""t"": 0.0, ""f"": ""Intro""}, {""t"": 0.0, ""f"": ""Silence""}, {""t"": 25.45510204, ""f"": ""Intro""}, {""t"": 31.312970521, ""f"": ""Verse""}, {""t"": 72.679591836, ""f"": ""Transition""}, {""t"": 83.00648526, ""f"": ""Chorus""}, {""t"": 103.686598639, ""f"": ""Interlude""}, {""t"": 114.006190476, ""f"": ""Verse""}, {""t"": 155.296462585, ""f"": ""Chorus""}, {""t"": 175.927142857, ""f"": ""Interlude""}, {""t"": 186.27063492, ""f"": ""Verse""}, {""t"": 214.620113378, ""f"": ""Bridge""}, {""t"": 235.265034013, ""f"": ""Chorus""}, {""t"": 276.512743764, ""f"": ""Interlude""}, {""t"": 286.78371882, ""f"": ""no_function""}, {""t"": 317.703696145, ""f"": ""Solo""}, {""t"": 346.065600907, ""f"": ""Interlude""}, {""t"": 389.919365079, ""f"": ""Chorus""}, {""t"": 415.548820861, ""f"": ""no_function""}, {""t"": 427.712675736, ""f"": ""End""}, {""t"": 427.712675736, ""f"": ""Silence""}]",spectrograms/mel/406_Ronny_Jordan_The_Jackal.png,spectrograms/linear/406_Ronny_Jordan_The_Jackal.png,spectrograms/matrices/406_Ronny_Jordan_The_Jackal.npy
408,Come As You Are,Charlie Hunter,"[0.0, 1.1261678, 23.430362811, 81.943968253, 126.542312925, 170.742653061, 214.458253968, 228.00063492, 299.711904761, 346.646757369, 366.410249433, 370.681224489]","[{""t"": 0.0, ""f"": ""Silence""}, {""t"": 1.1261678, ""f"": ""Intro""}, {""t"": 23.430362811, ""f"": ""Head""}, {""t"": 81.943968253, ""f"": ""Solo""}, {""t"": 126.542312925, ""f"": ""Solo""}, {""t"": 170.742653061, ""f"": ""Solo""}, {""t"": 214.458253968, ""f"": ""Interlude""}, {""t"": 228.00063492, ""f"": ""Head""}, {""t"": 299.711904761, ""f"": ""Solo""}, {""t"": 346.646757369, ""f"": ""Outro""}, {""t"": 366.410249433, ""f"": ""Silence""}, {""t"": 370.681224489, ""f"": ""End""}]","[0.0, 0.592108843, 23.336031746, 43.998798185, 64.607369614, 82.027823129, 170.570612244, 214.309138321, 227.963015873, 248.30893424, 268.467981859, 299.612222222, 370.677528344]","[{""t"": 0.0, ""f"": ""Silence""}, {""t"": 0.592108843, ""f"": ""Intro""}, {""t"": 23.336031746, ""f"": ""no_function""}, {""t"": 43.998798185, ""f"": ""no_function""}, {""t"": 64.607369614, ""f"": ""no_function""}, {""t"": 82.027823129, ""f"": ""Solo""}, {""t"": 170.570612244, ""f"": ""Solo""}, {""t"": 214.309138321, ""f"": ""Interlude""}, {""t"": 227.963015873, ""f"": ""no_function""}, {""t"": 248.30893424, ""f"": ""no_function""}, {""t"": 268.467981859, ""f"": ""no_function""}, {""t"": 299.612222222, ""f"": ""Outro""}, {""t"": 370.677528344, ""f"": ""End""}]",spectrograms/mel/408_Charlie_Hunter_Come_As_You_Are.png,spectrograms/linear/408_Charlie_Hunter_Come_As_You_Are.png,spectrograms/matrices/408_Charlie_Hunter_Come_As_You_Are.npy
410,Betty,Erik Truffaz,"[0.0, 0.244897959, 56.861904761, 113.165668934, 170.097777777, 227.985124716, 253.026893424, 257.256462585]","[{""t"": 0.0, ""f"": ""Silence""}, {""t"": 0.244897959, ""f"": ""Head""}, {""t"": 56.861904761, ""f"": ""Solo""}, {""t"": 113.165668934, ""f"": ""Solo""}, {""t"": 170.097777777, ""f"": ""Head""}, {""t"": 227.985124716, ""f"": ""Outro""}, {""t"": 253.026893424, ""f"": ""Silence""}, {""t"": 257.256462585, ""f"": ""End""}]","[0.0, 0.233650793, 57.173469387, 113.72723356, 169.969478458, 257.253854875]","[{""t"": 0.0, ""f"": ""Silence""}, {""t"": 0.233650793, ""f"": ""Head""}, {""t"": 57.173469387, ""f"": ""Solo""}, {""t"": 113.72723356, ""f"": ""Solo""}, {""t"": 169.969478458, ""f"": ""Head""}, {""t"": 257.253854875, ""f"": ""End""}]",spectrograms/mel/410_Erik_Truffaz_Betty.png,spectrograms/linear/410_Erik_Truffaz_Betty.png,spectrograms/matrices/410_Erik_Truffaz_Betty.npy
412,Intermission   Split Decision,Soweto Kinch,"[0.0, 1.246077097, 23.33478458, 79.228321995, 139.305328798, 183.311519274, 238.355374149, 277.157006802, 321.302902494, 409.585419501, 453.734217687, 499.575918367]","[{""t"": 0.0, ""f"": ""Silence""}, {""t"": 1.246077097, ""f"": ""Intro""}, {""t"": 23.33478458, ""f"": ""Verse""}, {""t"": 79.228321995, ""f"": ""Verse""}, {""t"": 139.305328798, ""f"": ""Chorus""}, {""t"": 183.311519274, ""f"": ""Verse""}, {""t"": 238.355374149, ""f"": ""Solo""}, {""t"": 277.157006802, ""f"": ""Chorus""}, {""t"": 321.302902494, ""f"": ""Verse""}, {""t"": 409.585419501, ""f"": ""Chorus""}, {""t"": 453.734217687, ""f"": ""Chorus""}, {""t"": 499.575918367, ""f"": ""End""}]","[0.0, 1.079727891, 22.697981859, 61.972947845, 78.881678004, 133.721814058, 139.225941043, 161.310975056, 183.432154195, 199.922267573, 238.594716553, 243.645079365, 243.645079365, 277.194444444, 299.21063492, 321.110204081, 360.002290249, 365.458956916, 404.131972789, 409.174149659]","[{""t"": 0.0, ""f"": ""Silence""}, {""t"": 1.079727891, ""f"": ""Intro""}, {""t"": 22.697981859, ""f"": ""Verse""}, {""t"": 61.972947845, ""f"": ""Verse""}, {""t"": 78.881678004, ""f"": ""Verse""}, {""t"": 133.721814058, ""f"": ""Bridge""}, {""t"": 139.225941043, ""f"": ""Chorus""}, {""t"": 161.310975056, ""f"": ""Chorus""}, {""t"": 183.432154195, ""f"": ""no_function""}, {""t"": 199.922267573, ""f"": ""Verse""}, {""t"": 238.594716553, ""f"": ""Bridge""}, {""t"": 243.645079365, ""f"": ""Instrumental""}, {""t"": 243.645079365, ""f"": ""Solo""}, {""t"": 277.194444444, ""f"": ""Chorus""}, {""t"": 299.21063492, ""f"": ""Chorus""}, {""t"": 321.110204081, ""f"": ""Verse""}, {""t"": 360.002290249, ""f"": ""Bridge""}, {""t"": 365.458956916, ""f"": ""Verse""}, {""t"": 404.131972789, ""f"": ""Outro""}, {""t"": 409.174149659, ""f"": ""End""}]",spectrograms/mel/412_Soweto_Kinch_Intermission___Split_Decision.png,spectrograms/linear/412_Soweto_Kinch_Intermission___Split_Decision.png,spectrograms/matrices/412_Soweto_Kinch_Intermission___Split_Decision.npy
414,Rebel Music,Charlie Hunter,"[0.0, 0.255419501, 39.822222222, 46.557777777, 80.011020408, 93.367437641, 120.383854875, 199.275351473, 205.89739229, 251.387755102, 256.185759637, 276.572879818, 280.250702947]","[{""t"": 0.0, ""f"": ""Silence""}, {""t"": 0.255419501, ""f"": ""Solo""}, {""t"": 39.822222222, ""f"": ""Bridge""}, {""t"": 46.557777777, ""f"": ""Solo""}, {""t"": 80.011020408, ""f"": ""Bridge""}, {""t"": 93.367437641, ""f"": ""Secondary_Theme""}, {""t"": 120.383854875, ""f"": ""Solo""}, {""t"": 199.275351473, ""f"": ""Bridge""}, {""t"": 205.89739229, ""f"": ""Outro""}, {""t"": 251.387755102, ""f"": ""break""}, {""t"": 256.185759637, ""f"": ""Bridge""}, {""t"": 276.572879818, ""f"": ""Silence""}, {""t"": 280.250702947, ""f"": ""End""}]","[0.0, 0.278639455, 39.822222222, 46.558662131, 53.403469387, 80.08956916, 93.367437641, 120.501201814, 199.404172335, 205.875759637, 212.598503401, 251.517891156, 256.092879818, 275.322517006, 280.26462585]","[{""t"": 0.0, ""f"": ""Silence""}, {""t"": 0.278639455, ""f"": ""Head""}, {""t"": 39.822222222, ""f"": ""no_function""}, {""t"": 46.558662131, ""f"": ""Transition""}, {""t"": 53.403469387, ""f"": ""no_function""}, {""t"": 80.08956916, ""f"": ""no_function""}, {""t"": 93.367437641, ""f"": ""Transition""}, {""t"": 120.501201814, ""f"": ""Solo""}, {""t"": 199.404172335, ""f"": ""no_function""}, {""t"": 205.875759637, ""f"": ""Transition""}, {""t"": 212.598503401, ""f"": ""Outro""}, {""t"": 251.517891156, ""f"": ""break""}, {""t"": 256.092879818, ""f"": ""no_function""}, {""t"": 275.322517006, ""f"": ""Silence""}, {""t"": 280.26462585, ""f"": ""End""}]",spectrograms/mel/414_Charlie_Hunter_Rebel_Music.png,spectrograms/linear/414_Charlie_Hunter_Rebel_Music.png,spectrograms/matrices/414_Charlie_Hunter_Rebel_Music.npy
416,Moods In Mambo,Charles Mingus,"[0.0, 0.034829931, 50.709160997, 82.791814058, 98.724920634, 132.59462585, 164.440816326, 193.774195011, 200.163605442, 206.608163265, 219.547936507, 229.025578231, 242.54, 254.780068027, 255.434965986]","[{""t"": 0.0, ""f"": ""Silence""}, {""t"": 0.034829931, ""f"": ""Intro""}, {""t"": 50.709160997, ""f"": ""Main_Theme""}, {""t"": 82.791814058, ""f"": ""Interlude""}, {""t"": 98.724920634, ""f"": ""Development""}, {""t"": 132.59462585, ""f"": ""Interlude""}, {""t"": 164.440816326, ""f"": ""Theme""}, {""t"": 193.774195011, ""f"": ""Interlude""}, {""t"": 200.163605442, ""f"": ""Solo""}, {""t"": 206.608163265, ""f"": ""Transition""}, {""t"": 219.547936507, ""f"": ""Interlude""}, {""t"": 229.025578231, ""f"": ""Coda""}, {""t"": 242.54, ""f"": ""no_function""}, {""t"": 254.780068027, ""f"": ""Silence""}, {""t"": 255.434965986, ""f"": ""End""}]","[0.0, 0.185759637, 25.54031746, 44.354195011, 50.619501133, 82.685804988, 132.516281179, 164.464489795, 200.155827664, 229.025442176, 241.789387755, 255.00154195, 255.43]","[{""t"": 0.0, ""f"": ""Silence""}, {""t"": 0.185759637, ""f"": ""Intro""}, {""t"": 25.54031746, ""f"": ""no_function""}, {""t"": 44.354195011, ""f"": ""no_function""}, {""t"": 50.619501133, ""f"": ""Solo""}, {""t"": 82.685804988, ""f"": ""no_function""}, {""t"": 132.516281179, ""f"": ""no_function""}, {""t"": 164.464489795, ""f"": ""no_function""}, {""t"": 200.155827664, ""f"": ""no_function""}, {""t"": 229.025442176, ""f"": ""Outro""}, {""t"": 241.789387755, ""f"": ""no_function""}, {""t"": 255.00154195, ""f"": ""Silence""}, {""t"": 255.43, ""f"": ""End""}]",spectrograms/mel/416_Charles_Mingus_Moods_In_Mambo.png,spectrograms/linear/416_Charles_Mingus_Moods_In_Mambo.png,spectrograms/matrices/416_Charles_Mingus_Moods_In_Mambo.npy
420,The Ending to the First Side,Charlie Haden Liberation Music Orchestra,"[0.0, 0.626938775, 29.063287981, 74.42170068, 95.761451247, 117.037142857, 127.865147392, 131.041995464]","[{""t"": 0.0, ""f"": ""Silence""}, {""t"": 0.626938775, ""f"": ""Intro""}, {""t"": 29.063287981, ""f"": ""Head""}, {""t"": 74.42170068, ""f"": ""Solo""}, {""t"": 95.761451247, ""f"": ""Solo""}, {""t"": 117.037142857, ""f"": ""Outro""}, {""t"": 127.865147392, ""f"": ""Silence""}, {""t"": 131.041995464, ""f"": ""End""}]","[0.0, 0.65015873, 31.500204081, 74.559274376, 95.712653061, 116.958911564, 127.941950113, 131.038208616]","[{""t"": 0.0, ""f"": ""Silence""}, {""t"": 0.65015873, ""f"": ""Intro""}, {""t"": 31.500204081, ""f"": ""Head""}, {""t"": 74.559274376, ""f"": ""no_function""}, {""t"": 95.712653061, ""f"": ""Solo""}, {""t"": 116.958911564, ""f"": ""Outro""}, {""t"": 127.941950113, ""f"": ""Silence""}, {""t"": 131.038208616, ""f"": ""End""}]",spectrograms/mel/420_Charlie_Haden_Liberation_Music_Orchestra_The_Ending_to_the_First_Side.png,spectrograms/linear/420_Charlie_Haden_Liberation_Music_Orchestra_The_Ending_to_the_First_Side.png,spectrograms/matrices/420_Charlie_Haden_Liberation_Music_Orchestra_The_Ending_to_the_First_Side.npy
422,Asmarina   My Asmara,Ethio Jazz,"[0.0, 0.278639455, 86.34786848, 133.418072562, 167.783786848, 212.142267573, 249.782857142, 284.67664399, 294.212675736, 298.635056689]","[{""t"": 0.0, ""f"": ""Silence""}, {""t"": 0.278639455, ""f"": ""Intro""}, {""t"": 86.34786848, ""f"": ""Head""}, {""t"": 133.418072562, ""f"": ""Solo""}, {""t"": 167.783786848, ""f"": ""Head""}, {""t"": 212.142267573, ""f"": ""Solo""}, {""t"": 249.782857142, ""f"": ""Head""}, {""t"": 284.67664399, ""f"": ""Fade-out""}, {""t"": 294.212675736, ""f"": ""Silence""}, {""t"": 298.635056689, ""f"": ""End""}]","[0.0, 0.394739229, 9.723537414, 30.9792517, 86.645056689, 135.81526077, 167.789954648, 214.376099773, 250.059297052, 285.467097505, 294.324058956, 298.622970521]","[{""t"": 0.0, ""f"": ""Silence""}, {""t"": 0.394739229, ""f"": ""Intro""}, {""t"": 9.723537414, ""f"": ""Intro""}, {""t"": 30.9792517, ""f"": ""Solo""}, {""t"": 86.645056689, ""f"": ""Chorus""}, {""t"": 135.81526077, ""f"": ""Solo""}, {""t"": 167.789954648, ""f"": ""Chorus""}, {""t"": 214.376099773, ""f"": ""Solo""}, {""t"": 250.059297052, ""f"": ""Chorus""}, {""t"": 285.467097505, ""f"": ""Fade-out""}, {""t"": 294.324058956, ""f"": ""Silence""}, {""t"": 298.622970521, ""f"": ""End""}]",spectrograms/mel/422_Ethio_Jazz_Asmarina___My_Asmara.png,spectrograms/linear/422_Ethio_Jazz_Asmarina___My_Asmara.png,spectrograms/matrices/422_Ethio_Jazz_Asmarina___My_Asmara.npy
426,Monk In Wonderland,Grachan Moneur III,"[0.0, 0.348299319, 46.963832199, 132.051882086, 215.434739229, 298.56217687, 382.386213151, 419.920884353, 470.593356009, 473.473832199]","[{""t"": 0.0, ""f"": ""Silence""}, {""t"": 0.348299319, ""f"": ""Head""}, {""t"": 46.963832199, ""f"": ""Solo""}, {""t"": 132.051882086, ""f"": ""Solo""}, {""t"": 215.434739229, ""f"": ""Solo""}, {""t"": 298.56217687, ""f"": ""Solo""}, {""t"": 382.386213151, ""f"": ""Solo""}, {""t"": 419.920884353, ""f"": ""Head""}, {""t"": 470.593356009, ""f"": ""Silence""}, {""t"": 473.473832199, ""f"": ""End""}]","[0.0, 0.415510204, 46.985487528, 131.786893424, 214.802721088, 298.297959183, 379.864920634, 419.776145124, 470.366621315, 473.469387755]","[{""t"": 0.0, ""f"": ""Silence""}, {""t"": 0.415510204, ""f"": ""Head""}, {""t"": 46.985487528, ""f"": ""Solo""}, {""t"": 131.786893424, ""f"": ""Solo""}, {""t"": 214.802721088, ""f"": ""Solo""}, {""t"": 298.297959183, ""f"": ""Solo""}, {""t"": 379.864920634, ""f"": ""Solo""}, {""t"": 419.776145124, ""f"": ""Head""}, {""t"": 470.366621315, ""f"": ""Silence""}, {""t"": 473.469387755, ""f"": ""End""}]",spectrograms/mel/426_Grachan_Moneur_III_Monk_In_Wonderland.png,spectrograms/linear/426_Grachan_Moneur_III_Monk_In_Wonderland.png,spectrograms/matrices/426_Grachan_Moneur_III_Monk_In_Wonderland.npy
428,So Sorry Please,Bud Powell,"[0.0, 0.278639455, 10.850702947, 53.195691609, 96.683106575, 141.209160997, 185.566666666, 194.084875283, 197.528321995]","[{""t"": 0.0, ""f"": ""Silence""}, {""t"": 0.278639455, ""f"": ""Intro""}, {""t"": 10.850702947, ""f"": ""Head""}, {""t"": 53.195691609, ""f"": ""Solo""}, {""t"": 96.683106575, ""f"": ""Solo""}, {""t"": 141.209160997, ""f"": ""Head""}, {""t"": 185.566666666, ""f"": ""Outro""}, {""t"": 194.084875283, ""f"": ""Silence""}, {""t"": 197.528321995, ""f"": ""End""}]","[0.0, 0.278639455, 10.774829931, 31.78510204, 42.531473922, 53.162857142, 96.589682539, 141.121224489, 163.438208616, 174.396394557, 185.508752834, 197.54217687]","[{""t"": 0.0, ""f"": ""Silence""}, {""t"": 0.278639455, ""f"": ""Intro""}, {""t"": 10.774829931, ""f"": ""Head""}, {""t"": 31.78510204, ""f"": ""no_function""}, {""t"": 42.531473922, ""f"": ""Head""}, {""t"": 53.162857142, ""f"": ""no_function""}, {""t"": 96.589682539, ""f"": ""no_function""}, {""t"": 141.121224489, ""f"": ""Head""}, {""t"": 163.438208616, ""f"": ""no_function""}, {""t"": 174.396394557, ""f"": ""Head""}, {""t"": 185.508752834, ""f"": ""Outro""}, {""t"": 197.54217687, ""f"": ""End""}]",spectrograms/mel/428_Bud_Powell_So_Sorry_Please.png,spectrograms/linear/428_Bud_Powell_So_Sorry_Please.png,spectrograms/matrices/428_Bud_Powell_So_Sorry_Please.npy
430,Ooh Shoobee Doobee,Dizzy Gillespie & Charlie Parker,"[0.0, 1.077029478, 14.503968253, 27.417687074, 54.387052154, 67.283650793, 80.561836734, 93.134399092, 119.21893424, 150.096303854, 162.706417233, 176.390294784, 188.617732426, 195.544965986]","[{""t"": 0.0, ""f"": ""Silence""}, {""t"": 1.077029478, ""f"": ""Intro""}, {""t"": 14.503968253, ""f"": ""Verse""}, {""t"": 27.417687074, ""f"": ""Chorus""}, {""t"": 54.387052154, ""f"": ""Verse""}, {""t"": 67.283650793, ""f"": ""Chorus""}, {""t"": 80.561836734, ""f"": ""Interlude""}, {""t"": 93.134399092, ""f"": ""Solo""}, {""t"": 119.21893424, ""f"": ""Solo""}, {""t"": 150.096303854, ""f"": ""Verse""}, {""t"": 162.706417233, ""f"": ""Chorus""}, {""t"": 176.390294784, ""f"": ""Outro""}, {""t"": 188.617732426, ""f"": ""no_function""}, {""t"": 195.544965986, ""f"": ""End""}]","[0.0, 1.068117913, 14.68956916, 27.521111111, 54.340748299, 67.218752834, 80.418458049, 93.098480725, 131.437619047, 150.118911564, 162.597845804, 175.902040816, 188.17430839, 194.462199546, 195.479931972]","[{""t"": 0.0, ""f"": ""Silence""}, {""t"": 1.068117913, ""f"": ""Intro""}, {""t"": 14.68956916, ""f"": ""Verse""}, {""t"": 27.521111111, ""f"": ""Chorus""}, {""t"": 54.340748299, ""f"": ""Bridge""}, {""t"": 67.218752834, ""f"": ""Chorus""}, {""t"": 80.418458049, ""f"": ""Solo""}, {""t"": 93.098480725, ""f"": ""Solo""}, {""t"": 131.437619047, ""f"": ""Solo""}, {""t"": 150.118911564, ""f"": ""Bridge""}, {""t"": 162.597845804, ""f"": ""Chorus""}, {""t"": 175.902040816, ""f"": ""Outro""}, {""t"": 188.17430839, ""f"": ""no_function""}, {""t"": 194.462199546, ""f"": ""Silence""}, {""t"": 195.479931972, ""f"": ""End""}]",spectrograms/mel/430_Dizzy_Gillespie_&_Charlie_Parker_Ooh_Shoobee_Doobee.png,spectrograms/linear/430_Dizzy_Gillespie_&_Charlie_Parker_Ooh_Shoobee_Doobee.png,spectrograms/matrices/430_Dizzy_Gillespie_&_Charlie_Parker_Ooh_Shoobee_Doobee.npy
432,Lover Come Back To Me,Coleman Hawkins,"[0.0, 0.424489795, 19.229319727, 37.68723356, 55.870680272, 74.496621315, 92.748004535, 111.973038548, 129.981315192, 145.349478458, 163.046961451, 180.321678004, 199.822086167, 214.810566893, 231.825396825, 248.803809523, 265.659931972, 282.402630385, 299.079546485, 315.654331065, 332.195351473, 350.799365079, 367.298004535, 383.90739229, 400.531201814, 419.284603174, 435.9523356, 460.789070294, 481.350816326, 497.797006802, 514.273900226, 547.272675736, 563.756235827, 580.401904761, 596.86893424, 617.43893424, 645.985623582, 674.238911564, 702.580725623, 730.867505668, 758.74786848, 782.352993197, 798.064444444, 813.834557823, 837.795782312, 853.818276643, 869.834195011, 886.200589569, 902.607006802, 916.942040816, 935.261609977, 951.232517006, 967.399433106, 983.380566893, 1023.640816326, 1028.383673469, 1028.388571428]","[{""t"": 0.0, ""f"": ""Silence""}, {""t"": 0.424489795, ""f"": ""Chorus""}, {""t"": 19.229319727, ""f"": ""Chorus""}, {""t"": 37.68723356, ""f"": ""Verse""}, {""t"": 55.870680272, ""f"": ""Chorus""}, {""t"": 74.496621315, ""f"": ""Solo""}, {""t"": 92.748004535, ""f"": ""Solo""}, {""t"": 111.973038548, ""f"": ""Solo""}, {""t"": 129.981315192, ""f"": ""Solo""}, {""t"": 145.349478458, ""f"": ""Solo""}, {""t"": 163.046961451, ""f"": ""Solo""}, {""t"": 180.321678004, ""f"": ""Verse""}, {""t"": 199.822086167, ""f"": ""Solo""}, {""t"": 214.810566893, ""f"": ""Solo""}, {""t"": 231.825396825, ""f"": ""Solo""}, {""t"": 248.803809523, ""f"": ""Verse""}, {""t"": 265.659931972, ""f"": ""Solo""}, {""t"": 282.402630385, ""f"": ""Chorus""}, {""t"": 299.079546485, ""f"": ""Chorus""}, {""t"": 315.654331065, ""f"": ""Verse""}, {""t"": 332.195351473, ""f"": ""Solo""}, {""t"": 350.799365079, ""f"": ""Solo""}, {""t"": 367.298004535, ""f"": ""Solo""}, {""t"": 383.90739229, ""f"": ""Solo""}, {""t"": 400.531201814, ""f"": ""Solo""}, {""t"": 419.284603174, ""f"": ""Solo""}, {""t"": 435.9523356, ""f"": ""Solo""}, {""t"": 460.789070294, ""f"": ""Solo""}, {""t"": 481.350816326, ""f"": ""Solo""}, {""t"": 497.797006802, ""f"": ""Solo""}, {""t"": 514.273900226, ""f"": ""Solo""}, {""t"": 547.272675736, ""f"": ""Solo""}, {""t"": 563.756235827, ""f"": ""Solo""}, {""t"": 580.401904761, ""f"": ""Verse""}, {""t"": 596.86893424, ""f"": ""Solo""}, {""t"": 617.43893424, ""f"": ""Solo""}, {""t"": 645.985623582, ""f"": ""Solo""}, {""t"": 674.238911564, ""f"": ""Solo""}, {""t"": 702.580725623, ""f"": ""Solo""}, {""t"": 730.867505668, ""f"": ""Solo""}, {""t"": 758.74786848, ""f"": ""Solo""}, {""t"": 782.352993197, ""f"": ""Solo""}, {""t"": 798.064444444, ""f"": ""no_function""}, {""t"": 813.834557823, ""f"": ""no_function""}, {""t"": 837.795782312, ""f"": ""Verse""}, {""t"": 853.818276643, ""f"": ""Verse""}, {""t"": 869.834195011, ""f"": ""Verse""}, {""t"": 886.200589569, ""f"": ""Verse""}, {""t"": 902.607006802, ""f"": ""Solo""}, {""t"": 916.942040816, ""f"": ""Solo""}, {""t"": 935.261609977, ""f"": ""Solo""}, {""t"": 951.232517006, ""f"": ""Chorus""}, {""t"": 967.399433106, ""f"": ""Verse""}, {""t"": 983.380566893, ""f"": ""Solo""}, {""t"": 1023.640816326, ""f"": ""no_function""}, {""t"": 1028.383673469, ""f"": ""Silence""}, {""t"": 1028.388571428, ""f"": ""End""}]",[],[],spectrograms/mel/432_Coleman_Hawkins_Lover_Come_Back_To_Me.png,spectrograms/linear/432_Coleman_Hawkins_Lover_Come_Back_To_Me.png,spectrograms/matrices/432_Coleman_Hawkins_Lover_Come_Back_To_Me.npy
434,Groove Street,Art Blakey,"[0.0, 0.487619047, 5.665668934, 48.387936507, 90.958390022, 132.746031746, 169.57079365, 178.097505668, 182.545079365]","[{""t"": 0.0, ""f"": ""Silence""}, {""t"": 0.487619047, ""f"": ""Intro""}, {""t"": 5.665668934, ""f"": ""Head""}, {""t"": 48.387936507, ""f"": ""Solo""}, {""t"": 90.958390022, ""f"": ""Solo""}, {""t"": 132.746031746, ""f"": ""Head""}, {""t"": 169.57079365, ""f"": ""Outro""}, {""t"": 178.097505668, ""f"": ""Silence""}, {""t"": 182.545079365, ""f"": ""End""}]","[0.0, 0.542471655, 5.760090702, 16.537074829, 27.233174603, 37.822244897, 48.324761904, 59.126371882, 69.767641723, 80.471496598, 90.943197278, 101.631496598, 112.079818594, 122.463469387, 132.846371882, 143.374399092, 153.766371882, 153.766371882, 164.206213151, 177.846439909, 182.543673469]","[{""t"": 0.0, ""f"": ""Silence""}, {""t"": 0.542471655, ""f"": ""Intro""}, {""t"": 5.760090702, ""f"": ""Head""}, {""t"": 16.537074829, ""f"": ""Head""}, {""t"": 27.233174603, ""f"": ""Head""}, {""t"": 37.822244897, ""f"": ""Head""}, {""t"": 48.324761904, ""f"": ""Solo""}, {""t"": 59.126371882, ""f"": ""Solo""}, {""t"": 69.767641723, ""f"": ""Solo""}, {""t"": 80.471496598, ""f"": ""Solo""}, {""t"": 90.943197278, ""f"": ""Solo""}, {""t"": 101.631496598, ""f"": ""Solo""}, {""t"": 112.079818594, ""f"": ""Solo""}, {""t"": 122.463469387, ""f"": ""Solo""}, {""t"": 132.846371882, ""f"": ""Solo""}, {""t"": 143.374399092, ""f"": ""Solo""}, {""t"": 153.766371882, ""f"": ""Head""}, {""t"": 153.766371882, ""f"": ""Solo""}, {""t"": 164.206213151, ""f"": ""Head""}, {""t"": 177.846439909, ""f"": ""Silence""}, {""t"": 182.543673469, ""f"": ""End""}]",spectrograms/mel/434_Art_Blakey_Groove_Street.png,spectrograms/linear/434_Art_Blakey_Groove_Street.png,spectrograms/matrices/434_Art_Blakey_Groove_Street.npy
438,Living Easy,Clifford Brown,"[0.0, 0.325079365, 16.253945578, 46.371043083, 76.904489795, 107.926349206, 139.202630385, 169.898956916, 194.554897959, 221.921315192, 225.077097505]","[{""t"": 0.0, ""f"": ""Silence""}, {""t"": 0.325079365, ""f"": ""Intro""}, {""t"": 16.253945578, ""f"": ""Head""}, {""t"": 46.371043083, ""f"": ""Solo""}, {""t"": 76.904489795, ""f"": ""Bridge""}, {""t"": 107.926349206, ""f"": ""Solo""}, {""t"": 139.202630385, ""f"": ""Bridge""}, {""t"": 169.898956916, ""f"": ""Head""}, {""t"": 194.554897959, ""f"": ""Outro""}, {""t"": 221.921315192, ""f"": ""Silence""}, {""t"": 225.077097505, ""f"": ""End""}]","[0.0, 0.365714285, 15.978140589, 77.311496598, 107.928798185, 139.13723356, 169.532267573, 225.070997732]","[{""t"": 0.0, ""f"": ""Silence""}, {""t"": 0.365714285, ""f"": ""Intro""}, {""t"": 15.978140589, ""f"": ""no_function""}, {""t"": 77.311496598, ""f"": ""no_function""}, {""t"": 107.928798185, ""f"": ""no_function""}, {""t"": 139.13723356, ""f"": ""no_function""}, {""t"": 169.532267573, ""f"": ""no_function""}, {""t"": 225.070997732, ""f"": ""End""}]",spectrograms/mel/438_Clifford_Brown_Living_Easy.png,spectrograms/linear/438_Clifford_Brown_Living_Easy.png,spectrograms/matrices/438_Clifford_Brown_Living_Easy.npy
440,Wee   Allen  s Alley,"Dizzy Gillespie, Stan Getz & Sonny Stitt","[0.0, 0.545873015, 28.774149659, 51.74095238, 185.45723356, 319.30664399, 452.121179138, 474.97340136, 509.381564625]","[{""t"": 0.0, ""f"": ""Silence""}, {""t"": 0.545873015, ""f"": ""Intro""}, {""t"": 28.774149659, ""f"": ""Head""}, {""t"": 51.74095238, ""f"": ""Solo""}, {""t"": 185.45723356, ""f"": ""Solo""}, {""t"": 319.30664399, ""f"": ""Solo""}, {""t"": 452.121179138, ""f"": ""Head""}, {""t"": 474.97340136, ""f"": ""Outro""}, {""t"": 509.381564625, ""f"": ""End""}]","[0.0, 0.487619047, 28.768707482, 51.776780045, 51.776780045, 452.073786848, 474.08526077, 474.08526077, 505.226530612, 509.372630385]","[{""t"": 0.0, ""f"": ""Silence""}, {""t"": 0.487619047, ""f"": ""Intro""}, {""t"": 28.768707482, ""f"": ""Head""}, {""t"": 51.776780045, ""f"": ""Instrumental""}, {""t"": 51.776780045, ""f"": ""Solo""}, {""t"": 452.073786848, ""f"": ""Head""}, {""t"": 474.08526077, ""f"": ""Instrumental""}, {""t"": 474.08526077, ""f"": ""Outro""}, {""t"": 505.226530612, ""f"": ""Silence""}, {""t"": 509.372630385, ""f"": ""End""}]","spectrograms/mel/440_Dizzy_Gillespie,_Stan_Getz_&_Sonny_Stitt_Wee___Allen__s_Alley.png","spectrograms/linear/440_Dizzy_Gillespie,_Stan_Getz_&_Sonny_Stitt_Wee___Allen__s_Alley.png","spectrograms/matrices/440_Dizzy_Gillespie,_Stan_Getz_&_Sonny_Stitt_Wee___Allen__s_Alley.npy"
442,Night and Day 2,Stan Getz & Bill Evans,"[0.0, 0.162539682, 8.985804988, 62.809478458, 114.987755102, 166.521904761, 218.546213151, 269.549637188, 319.146666666, 370.529863945, 379.077369614, 394.514285714, 394.721179138]","[{""t"": 0.0, ""f"": ""Silence""}, {""t"": 0.162539682, ""f"": ""Intro""}, {""t"": 8.985804988, ""f"": ""Head""}, {""t"": 62.809478458, ""f"": ""Solo""}, {""t"": 114.987755102, ""f"": ""Solo""}, {""t"": 166.521904761, ""f"": ""Solo""}, {""t"": 218.546213151, ""f"": ""Solo""}, {""t"": 269.549637188, ""f"": ""Solo""}, {""t"": 319.146666666, ""f"": ""Head""}, {""t"": 370.529863945, ""f"": ""Solo""}, {""t"": 379.077369614, ""f"": ""Fade-out""}, {""t"": 394.514285714, ""f"": ""Silence""}, {""t"": 394.721179138, ""f"": ""End""}]","[0.0, 0.185759637, 8.38340136, 26.999297052, 44.925056689, 62.757936507, 166.481451247, 269.694126984, 319.129387755, 336.219274376, 353.936077097, 390.971882086, 394.710204081]","[{""t"": 0.0, ""f"": ""Silence""}, {""t"": 0.185759637, ""f"": ""Intro""}, {""t"": 8.38340136, ""f"": ""Head""}, {""t"": 26.999297052, ""f"": ""Head""}, {""t"": 44.925056689, ""f"": ""Head""}, {""t"": 62.757936507, ""f"": ""Solo""}, {""t"": 166.481451247, ""f"": ""Solo""}, {""t"": 269.694126984, ""f"": ""Solo""}, {""t"": 319.129387755, ""f"": ""Head""}, {""t"": 336.219274376, ""f"": ""Head""}, {""t"": 353.936077097, ""f"": ""Head""}, {""t"": 390.971882086, ""f"": ""Silence""}, {""t"": 394.710204081, ""f"": ""End""}]",spectrograms/mel/442_Stan_Getz_&_Bill_Evans_Night_and_Day_2.png,spectrograms/linear/442_Stan_Getz_&_Bill_Evans_Night_and_Day_2.png,spectrograms/matrices/442_Stan_Getz_&_Bill_Evans_Night_and_Day_2.npy
444,My Funny Valentine,Stan Getz & J. J. Johnson,"[0.0, 1.126530612, 65.787460317, 130.395056689, 195.035124716, 260.809954648, 326.626281179, 392.570929705, 460.75494331, 485.235396825, 487.861088435, 490.763514739]","[{""t"": 0.0, ""f"": ""Silence""}, {""t"": 1.126530612, ""f"": ""Head""}, {""t"": 65.787460317, ""f"": ""Solo""}, {""t"": 130.395056689, ""f"": ""Solo""}, {""t"": 195.035124716, ""f"": ""Solo""}, {""t"": 260.809954648, ""f"": ""Solo""}, {""t"": 326.626281179, ""f"": ""Solo""}, {""t"": 392.570929705, ""f"": ""Head""}, {""t"": 460.75494331, ""f"": ""Outro""}, {""t"": 485.235396825, ""f"": ""no_function""}, {""t"": 487.861088435, ""f"": ""Silence""}, {""t"": 490.763514739, ""f"": ""End""}]","[0.0, 1.242403628, 65.725011337, 130.404988662, 195.043197278, 260.951950113, 326.699977324, 392.549750566, 452.224376417, 488.156734693, 490.76877551]","[{""t"": 0.0, ""f"": ""silence""}, {""t"": 1.242403628, ""f"": ""Solo""}, {""t"": 65.725011337, ""f"": ""Solo""}, {""t"": 130.404988662, ""f"": ""no_function""}, {""t"": 195.043197278, ""f"": ""Solo""}, {""t"": 260.951950113, ""f"": ""no_function""}, {""t"": 326.699977324, ""f"": ""no_function""}, {""t"": 392.549750566, ""f"": ""no_function""}, {""t"": 452.224376417, ""f"": ""Outro""}, {""t"": 488.156734693, ""f"": ""Silence""}, {""t"": 490.76877551, ""f"": ""End""}]",spectrograms/mel/444_Stan_Getz_&_J._J._Johnson_My_Funny_Valentine.png,spectrograms/linear/444_Stan_Getz_&_J._J._Johnson_My_Funny_Valentine.png,spectrograms/matrices/444_Stan_Getz_&_J._J._Johnson_My_Funny_Valentine.npy
448,I  ll Never Be The Same,Coleman Hawkins,"[0.0, 0.396621315, 4.898140589, 39.015759637, 72.995442176, 106.835510204, 140.103469387, 173.175873015, 208.77031746, 212.934489795]","[{""t"": 0.0, ""f"": ""Silence""}, {""t"": 0.396621315, ""f"": ""Intro""}, {""t"": 4.898140589, ""f"": ""Head""}, {""t"": 39.015759637, ""f"": ""Head""}, {""t"": 72.995442176, ""f"": ""Solo""}, {""t"": 106.835510204, ""f"": ""Solo""}, {""t"": 140.103469387, ""f"": ""Solo""}, {""t"": 173.175873015, ""f"": ""Head""}, {""t"": 208.77031746, ""f"": ""Silence""}, {""t"": 212.934489795, ""f"": ""End""}]","[0.0, 0.510839002, 4.876190476, 38.987346938, 73.003287981, 106.89909297, 140.124240362, 173.252131519, 198.171473922, 206.216417233, 208.724172335, 212.92600907]","[{""t"": 0.0, ""f"": ""Silence""}, {""t"": 0.510839002, ""f"": ""Intro""}, {""t"": 4.876190476, ""f"": ""Head""}, {""t"": 38.987346938, ""f"": ""Solo""}, {""t"": 73.003287981, ""f"": ""no_function""}, {""t"": 106.89909297, ""f"": ""no_function""}, {""t"": 140.124240362, ""f"": ""no_function""}, {""t"": 173.252131519, ""f"": ""no_function""}, {""t"": 198.171473922, ""f"": ""Head""}, {""t"": 206.216417233, ""f"": ""Outro""}, {""t"": 208.724172335, ""f"": ""Silence""}, {""t"": 212.92600907, ""f"": ""End""}]",spectrograms/mel/448_Coleman_Hawkins_I__ll_Never_Be_The_Same.png,spectrograms/linear/448_Coleman_Hawkins_I__ll_Never_Be_The_Same.png,spectrograms/matrices/448_Coleman_Hawkins_I__ll_Never_Be_The_Same.npy
450,Boplicity,Miles Davis,"[0.0, 0.405215419, 14.643129251, 28.983922902, 43.199841269, 57.528412698, 85.834739229, 96.645714285, 111.053197278, 132.43063492, 160.573106575, 179.262857142, 181.971768707]","[{""t"": 0.0, ""f"": ""Silence""}, {""t"": 0.405215419, ""f"": ""Head""}, {""t"": 14.643129251, ""f"": ""Head""}, {""t"": 28.983922902, ""f"": ""Bridge""}, {""t"": 43.199841269, ""f"": ""Head""}, {""t"": 57.528412698, ""f"": ""Solo""}, {""t"": 85.834739229, ""f"": ""Bridge""}, {""t"": 96.645714285, ""f"": ""Solo""}, {""t"": 111.053197278, ""f"": ""Bridge""}, {""t"": 132.43063492, ""f"": ""Solo""}, {""t"": 160.573106575, ""f"": ""Head""}, {""t"": 179.262857142, ""f"": ""Silence""}, {""t"": 181.971768707, ""f"": ""End""}]","[0.0, 0.510839002, 57.662131519, 118.241224489, 160.630770975, 179.365306122, 181.954149659]","[{""t"": 0.0, ""f"": ""Silence""}, {""t"": 0.510839002, ""f"": ""Head""}, {""t"": 57.662131519, ""f"": ""Solo""}, {""t"": 118.241224489, ""f"": ""Solo""}, {""t"": 160.630770975, ""f"": ""Head""}, {""t"": 179.365306122, ""f"": ""Silence""}, {""t"": 181.954149659, ""f"": ""End""}]",spectrograms/mel/450_Miles_Davis_Boplicity.png,spectrograms/linear/450_Miles_Davis_Boplicity.png,spectrograms/matrices/450_Miles_Davis_Boplicity.npy
452,Memories Of You,Clifford Brown,"[0.0, 0.348299319, 14.644897959, 70.681043083, 128.296984126, 186.168911564, 210.527369614, 211.657777777]","[{""t"": 0.0, ""f"": ""Silence""}, {""t"": 0.348299319, ""f"": ""Intro""}, {""t"": 14.644897959, ""f"": ""Head""}, {""t"": 70.681043083, ""f"": ""Head""}, {""t"": 128.296984126, ""f"": ""Head""}, {""t"": 186.168911564, ""f"": ""Outro""}, {""t"": 210.527369614, ""f"": ""Silence""}, {""t"": 211.657777777, ""f"": ""End""}]","[0.0, 0.325079365, 15.128412698, 42.631723356, 70.832789115, 99.345192743, 128.174512471, 157.209229024, 184.134240362, 210.510022675, 211.644195011]","[{""t"": 0.0, ""f"": ""Silence""}, {""t"": 0.325079365, ""f"": ""Intro""}, {""t"": 15.128412698, ""f"": ""Head""}, {""t"": 42.631723356, ""f"": ""Head""}, {""t"": 70.832789115, ""f"": ""Head""}, {""t"": 99.345192743, ""f"": ""Head""}, {""t"": 128.174512471, ""f"": ""Head""}, {""t"": 157.209229024, ""f"": ""Head""}, {""t"": 184.134240362, ""f"": ""Outro""}, {""t"": 210.510022675, ""f"": ""Silence""}, {""t"": 211.644195011, ""f"": ""End""}]",spectrograms/mel/452_Clifford_Brown_Memories_Of_You.png,spectrograms/linear/452_Clifford_Brown_Memories_Of_You.png,spectrograms/matrices/452_Clifford_Brown_Memories_Of_You.npy
454,Old Fashioned Love,James P. Johnson,"[0.0, 0.069659863, 5.691496598, 44.609319727, 50.18430839, 89.281904761, 94.858571428, 133.479002267, 139.007324263, 177.604580498, 183.112562358, 185.939591836]","[{""t"": 0.0, ""f"": ""Silence""}, {""t"": 0.069659863, ""f"": ""Intro""}, {""t"": 5.691496598, ""f"": ""Verse""}, {""t"": 44.609319727, ""f"": ""Chorus""}, {""t"": 50.18430839, ""f"": ""Verse""}, {""t"": 89.281904761, ""f"": ""Chorus""}, {""t"": 94.858571428, ""f"": ""Verse""}, {""t"": 133.479002267, ""f"": ""Chorus""}, {""t"": 139.007324263, ""f"": ""Verse""}, {""t"": 177.604580498, ""f"": ""Chorus""}, {""t"": 183.112562358, ""f"": ""Silence""}, {""t"": 185.939591836, ""f"": ""End""}]",[],[],spectrograms/mel/454_James_P._Johnson_Old_Fashioned_Love.png,spectrograms/linear/454_James_P._Johnson_Old_Fashioned_Love.png,spectrograms/matrices/454_James_P._Johnson_Old_Fashioned_Love.npy
458,Summertime,Sidney Bechet,"[0.0, 0.487619047, 12.046303854, 58.189523809, 104.77478458, 151.269115646, 198.092811791, 254.172154195]","[{""t"": 0.0, ""f"": ""Silence""}, {""t"": 0.487619047, ""f"": ""Intro""}, {""t"": 12.046303854, ""f"": ""Head""}, {""t"": 58.189523809, ""f"": ""no_function""}, {""t"": 104.77478458, ""f"": ""Head""}, {""t"": 151.269115646, ""f"": ""no_function""}, {""t"": 198.092811791, ""f"": ""no_function""}, {""t"": 254.172154195, ""f"": ""End""}]","[0.0, 0.441179138, 12.114489795, 58.188843537, 104.835895691, 151.189070294, 198.228344671, 236.791609977, 249.684172335, 254.186439909]","[{""t"": 0.0, ""f"": ""Silence""}, {""t"": 0.441179138, ""f"": ""Intro""}, {""t"": 12.114489795, ""f"": ""Head""}, {""t"": 58.188843537, ""f"": ""Solo""}, {""t"": 104.835895691, ""f"": ""Solo""}, {""t"": 151.189070294, ""f"": ""Solo""}, {""t"": 198.228344671, ""f"": ""Solo""}, {""t"": 236.791609977, ""f"": ""Outro""}, {""t"": 249.684172335, ""f"": ""Silence""}, {""t"": 254.186439909, ""f"": ""End""}]",spectrograms/mel/458_Sidney_Bechet_Summertime.png,spectrograms/linear/458_Sidney_Bechet_Summertime.png,spectrograms/matrices/458_Sidney_Bechet_Summertime.npy
460,Way Down Yonder in New Orleans,Jimmie Noone and his New Orleans Band,"[0.0, 0.302040816, 29.605442176, 59.307120181, 87.73877551, 116.878095238, 145.909115646, 170.93877551, 175.69079365, 178.263877551]","[{""t"": 0.0, ""f"": ""Silence""}, {""t"": 0.302040816, ""f"": ""Head""}, {""t"": 29.605442176, ""f"": ""Head""}, {""t"": 59.307120181, ""f"": ""Solo""}, {""t"": 87.73877551, ""f"": ""Solo""}, {""t"": 116.878095238, ""f"": ""Solo""}, {""t"": 145.909115646, ""f"": ""Solo""}, {""t"": 170.93877551, ""f"": ""Outro""}, {""t"": 175.69079365, ""f"": ""Silence""}, {""t"": 178.263877551, ""f"": ""End""}]","[0.0, 0.224489795, 29.707800453, 29.707800453, 59.303764172, 59.303764172, 79.656598639, 79.656598639, 116.856802721, 116.856802721, 145.936825396, 145.936825396, 175.27755102, 178.259591836]","[{""t"": 0.0, ""f"": ""Silence""}, {""t"": 0.224489795, ""f"": ""Head""}, {""t"": 29.707800453, ""f"": ""Instrumental""}, {""t"": 29.707800453, ""f"": ""Solo""}, {""t"": 59.303764172, ""f"": ""Instrumental""}, {""t"": 59.303764172, ""f"": ""Solo""}, {""t"": 79.656598639, ""f"": ""Instrumental""}, {""t"": 79.656598639, ""f"": ""Solo""}, {""t"": 116.856802721, ""f"": ""Instrumental""}, {""t"": 116.856802721, ""f"": ""Solo""}, {""t"": 145.936825396, ""f"": ""Instrumental""}, {""t"": 145.936825396, ""f"": ""Solo""}, {""t"": 175.27755102, ""f"": ""Silence""}, {""t"": 178.259591836, ""f"": ""End""}]",spectrograms/mel/460_Jimmie_Noone_and_his_New_Orleans_Band_Way_Down_Yonder_in_New_Orleans.png,spectrograms/linear/460_Jimmie_Noone_and_his_New_Orleans_Band_Way_Down_Yonder_in_New_Orleans.png,spectrograms/matrices/460_Jimmie_Noone_and_his_New_Orleans_Band_Way_Down_Yonder_in_New_Orleans.npy
462,The Pearls,Jelly Roll Morton,"[0.0, 0.220589569, 7.037505668, 32.625147392, 58.106235827, 83.911224489, 90.383378684, 116.262267573, 141.887823129, 167.876870748, 193.895510204, 204.048639455, 206.681768707]","[{""t"": 0.0, ""f"": ""Silence""}, {""t"": 0.220589569, ""f"": ""Intro""}, {""t"": 7.037505668, ""f"": ""Main_Theme""}, {""t"": 32.625147392, ""f"": ""Secondary_Theme""}, {""t"": 58.106235827, ""f"": ""Main_Theme""}, {""t"": 83.911224489, ""f"": ""Interlude""}, {""t"": 90.383378684, ""f"": ""Secondary_Theme""}, {""t"": 116.262267573, ""f"": ""Secondary_Theme""}, {""t"": 141.887823129, ""f"": ""Secondary_Theme""}, {""t"": 167.876870748, ""f"": ""Secondary_Theme""}, {""t"": 193.895510204, ""f"": ""Outro""}, {""t"": 204.048639455, ""f"": ""Silence""}, {""t"": 206.681768707, ""f"": ""End""}]","[0.0, 0.645306122, 6.964489795, 32.627301587, 58.027777777, 83.899206349, 90.388208616, 116.212290249, 141.783151927, 167.886712018, 193.864716553, 203.854852607, 206.692312925]","[{""t"": 0.0, ""f"": ""Silence""}, {""t"": 0.645306122, ""f"": ""Intro""}, {""t"": 6.964489795, ""f"": ""no_function""}, {""t"": 32.627301587, ""f"": ""no_function""}, {""t"": 58.027777777, ""f"": ""Solo""}, {""t"": 83.899206349, ""f"": ""Transition""}, {""t"": 90.388208616, ""f"": ""no_function""}, {""t"": 116.212290249, ""f"": ""no_function""}, {""t"": 141.783151927, ""f"": ""no_function""}, {""t"": 167.886712018, ""f"": ""no_function""}, {""t"": 193.864716553, ""f"": ""Outro""}, {""t"": 203.854852607, ""f"": ""Silence""}, {""t"": 206.692312925, ""f"": ""End""}]",spectrograms/mel/462_Jelly_Roll_Morton_The_Pearls.png,spectrograms/linear/462_Jelly_Roll_Morton_The_Pearls.png,spectrograms/matrices/462_Jelly_Roll_Morton_The_Pearls.npy
464,She Keeps It Up All The Time,Willie Jackson,"[0.0, 0.253061224, 15.114421768, 34.603106575, 54.243287981, 74.294399092, 94.521814058, 113.174965986, 130.958888888, 149.855034013, 168.58154195, 173.884603174, 177.409478458]","[{""t"": 0.0, ""f"": ""Silence""}, {""t"": 0.253061224, ""f"": ""Intro""}, {""t"": 15.114421768, ""f"": ""Head""}, {""t"": 34.603106575, ""f"": ""Head""}, {""t"": 54.243287981, ""f"": ""Bridge""}, {""t"": 74.294399092, ""f"": ""Head""}, {""t"": 94.521814058, ""f"": ""Solo""}, {""t"": 113.174965986, ""f"": ""Solo""}, {""t"": 130.958888888, ""f"": ""Bridge""}, {""t"": 149.855034013, ""f"": ""Head""}, {""t"": 168.58154195, ""f"": ""Outro""}, {""t"": 173.884603174, ""f"": ""Silence""}, {""t"": 177.409478458, ""f"": ""End""}]","[0.0, 0.220589569, 14.942244897, 54.128911564, 94.475328798, 131.089705215, 177.397528344]","[{""t"": 0.0, ""f"": ""Silence""}, {""t"": 0.220589569, ""f"": ""Intro""}, {""t"": 14.942244897, ""f"": ""Verse""}, {""t"": 54.128911564, ""f"": ""Chorus""}, {""t"": 94.475328798, ""f"": ""Solo""}, {""t"": 131.089705215, ""f"": ""Chorus""}, {""t"": 177.397528344, ""f"": ""End""}]",spectrograms/mel/464_Willie_Jackson_She_Keeps_It_Up_All_The_Time.png,spectrograms/linear/464_Willie_Jackson_She_Keeps_It_Up_All_The_Time.png,spectrograms/matrices/464_Willie_Jackson_She_Keeps_It_Up_All_The_Time.npy
466,Five Point Blues,Bob Crosby's Bob Cats,"[0.0, 0.307641723, 10.619682539, 53.024489795, 83.75510204, 113.942857142, 144.653061224, 176.263537414, 181.928639455, 185.120090702]","[{""t"": 0.0, ""f"": ""Silence""}, {""t"": 0.307641723, ""f"": ""Intro""}, {""t"": 10.619682539, ""f"": ""Main_Theme""}, {""t"": 53.024489795, ""f"": ""Solo""}, {""t"": 83.75510204, ""f"": ""Solo""}, {""t"": 113.942857142, ""f"": ""Solo""}, {""t"": 144.653061224, ""f"": ""Solo""}, {""t"": 176.263537414, ""f"": ""Outro""}, {""t"": 181.928639455, ""f"": ""Silence""}, {""t"": 185.120090702, ""f"": ""End""}]","[0.0, 0.162539682, 10.487823129, 52.941224489, 83.846621315, 114.02770975, 144.405578231, 185.103650793]","[{""t"": 0.0, ""f"": ""Silence""}, {""t"": 0.162539682, ""f"": ""Intro""}, {""t"": 10.487823129, ""f"": ""no_function""}, {""t"": 52.941224489, ""f"": ""no_function""}, {""t"": 83.846621315, ""f"": ""no_function""}, {""t"": 114.02770975, ""f"": ""no_function""}, {""t"": 144.405578231, ""f"": ""no_function""}, {""t"": 185.103650793, ""f"": ""End""}]",spectrograms/mel/466_Bob_Crosby's_Bob_Cats_Five_Point_Blues.png,spectrograms/linear/466_Bob_Crosby's_Bob_Cats_Five_Point_Blues.png,spectrograms/matrices/466_Bob_Crosby's_Bob_Cats_Five_Point_Blues.npy
468,Good Bait,John Coltrane,"[0.0, 0.928798185, 16.188140589, 31.098253968, 46.09632653, 61.114852607, 76.29956916, 91.127641723, 105.901995464, 121.003854875, 136.117052154, 151.001428571, 166.00217687, 181.131020408, 196.219705215, 211.285986394, 226.568820861, 241.754671201, 256.91723356, 272.071133786, 287.157324263, 302.208662131, 317.398412698, 332.233015873, 347.222811791, 362.164149659, 376.91941043, 391.757278911, 406.22770975, 420.925623582, 436.094353741, 451.422131519, 466.900453514, 482.225782312, 497.45079365, 512.65095238, 528.077845804, 543.490566893, 558.343832199, 573.249750566, 588.036417233, 602.62723356, 616.884535147, 631.18802721, 645.585464852, 660.081247165, 676.118163265, 691.847029478, 707.878888888, 725.019863945, 728.973061224]","[{""t"": 0.0, ""f"": ""Silence""}, {""t"": 0.928798185, ""f"": ""Chorus""}, {""t"": 16.188140589, ""f"": ""Chorus""}, {""t"": 31.098253968, ""f"": ""Verse""}, {""t"": 46.09632653, ""f"": ""Chorus""}, {""t"": 61.114852607, ""f"": ""Solo""}, {""t"": 76.29956916, ""f"": ""Solo""}, {""t"": 91.127641723, ""f"": ""Solo""}, {""t"": 105.901995464, ""f"": ""Solo""}, {""t"": 121.003854875, ""f"": ""Solo""}, {""t"": 136.117052154, ""f"": ""Solo""}, {""t"": 151.001428571, ""f"": ""Solo""}, {""t"": 166.00217687, ""f"": ""Solo""}, {""t"": 181.131020408, ""f"": ""Solo""}, {""t"": 196.219705215, ""f"": ""Solo""}, {""t"": 211.285986394, ""f"": ""Solo""}, {""t"": 226.568820861, ""f"": ""Solo""}, {""t"": 241.754671201, ""f"": ""Solo""}, {""t"": 256.91723356, ""f"": ""Solo""}, {""t"": 272.071133786, ""f"": ""Solo""}, {""t"": 287.157324263, ""f"": ""Solo""}, {""t"": 302.208662131, ""f"": ""Solo""}, {""t"": 317.398412698, ""f"": ""Solo""}, {""t"": 332.233015873, ""f"": ""Solo""}, {""t"": 347.222811791, ""f"": ""Solo""}, {""t"": 362.164149659, ""f"": ""Solo""}, {""t"": 376.91941043, ""f"": ""Solo""}, {""t"": 391.757278911, ""f"": ""Solo""}, {""t"": 406.22770975, ""f"": ""Solo""}, {""t"": 420.925623582, ""f"": ""Solo""}, {""t"": 436.094353741, ""f"": ""Solo""}, {""t"": 451.422131519, ""f"": ""Solo""}, {""t"": 466.900453514, ""f"": ""Solo""}, {""t"": 482.225782312, ""f"": ""Solo""}, {""t"": 497.45079365, ""f"": ""Solo""}, {""t"": 512.65095238, ""f"": ""Solo""}, {""t"": 528.077845804, ""f"": ""Solo""}, {""t"": 543.490566893, ""f"": ""Solo""}, {""t"": 558.343832199, ""f"": ""Solo""}, {""t"": 573.249750566, ""f"": ""Solo""}, {""t"": 588.036417233, ""f"": ""Solo""}, {""t"": 602.62723356, ""f"": ""Solo""}, {""t"": 616.884535147, ""f"": ""Solo""}, {""t"": 631.18802721, ""f"": ""Solo""}, {""t"": 645.585464852, ""f"": ""Solo""}, {""t"": 660.081247165, ""f"": ""Chorus""}, {""t"": 676.118163265, ""f"": ""Chorus""}, {""t"": 691.847029478, ""f"": ""Verse""}, {""t"": 707.878888888, ""f"": ""Chorus""}, {""t"": 725.019863945, ""f"": ""Silence""}, {""t"": 728.973061224, ""f"": ""End""}]",[],[],spectrograms/mel/468_John_Coltrane_Good_Bait.png,spectrograms/linear/468_John_Coltrane_Good_Bait.png,spectrograms/matrices/468_John_Coltrane_Good_Bait.npy
472,Sam  s Tune,Art Blakey,"[0.0, 0.417959183, 3.991564625, 11.396938775, 18.766916099, 25.928276643, 33.278435374, 118.5492517, 202.138571428, 257.944512471, 312.205804988, 319.285963718, 326.446598639, 333.75893424, 341.068730158, 349.285736961, 352.327301587]","[{""t"": 0.0, ""f"": ""Silence""}, {""t"": 0.417959183, ""f"": ""Intro""}, {""t"": 3.991564625, ""f"": ""Head""}, {""t"": 11.396938775, ""f"": ""Head""}, {""t"": 18.766916099, ""f"": ""Solo""}, {""t"": 25.928276643, ""f"": ""Head""}, {""t"": 33.278435374, ""f"": ""Solo""}, {""t"": 118.5492517, ""f"": ""Solo""}, {""t"": 202.138571428, ""f"": ""Solo""}, {""t"": 257.944512471, ""f"": ""Solo""}, {""t"": 312.205804988, ""f"": ""Head""}, {""t"": 319.285963718, ""f"": ""Head""}, {""t"": 326.446598639, ""f"": ""Interlude""}, {""t"": 333.75893424, ""f"": ""Head""}, {""t"": 341.068730158, ""f"": ""Outro""}, {""t"": 349.285736961, ""f"": ""Silence""}, {""t"": 352.327301587, ""f"": ""End""}]","[0.0, 0.464399092, 3.993832199, 33.27909297, 62.021428571, 90.284671201, 118.53786848, 146.399183673, 174.253174603, 202.060045351, 230.202630385, 257.904036281, 285.083151927, 312.134399092, 333.717188208, 349.466303854, 352.316371882]","[{""t"": 0.0, ""f"": ""Silence""}, {""t"": 0.464399092, ""f"": ""Intro""}, {""t"": 3.993832199, ""f"": ""Head""}, {""t"": 33.27909297, ""f"": ""Solo""}, {""t"": 62.021428571, ""f"": ""no_function""}, {""t"": 90.284671201, ""f"": ""no_function""}, {""t"": 118.53786848, ""f"": ""Solo""}, {""t"": 146.399183673, ""f"": ""no_function""}, {""t"": 174.253174603, ""f"": ""no_function""}, {""t"": 202.060045351, ""f"": ""Solo""}, {""t"": 230.202630385, ""f"": ""no_function""}, {""t"": 257.904036281, ""f"": ""Solo""}, {""t"": 285.083151927, ""f"": ""Solo""}, {""t"": 312.134399092, ""f"": ""Head""}, {""t"": 333.717188208, ""f"": ""Outro""}, {""t"": 349.466303854, ""f"": ""Silence""}, {""t"": 352.316371882, ""f"": ""End""}]",spectrograms/mel/472_Art_Blakey_Sam__s_Tune.png,spectrograms/linear/472_Art_Blakey_Sam__s_Tune.png,spectrograms/matrices/472_Art_Blakey_Sam__s_Tune.npy
474,Soy Califa,Dexter Gordon,"[0.0, 0.313469387, 5.861723356, 19.265306122, 55.946145124, 67.411904761, 104.171791383, 140.988344671, 177.860566893, 214.612108843, 251.689750566, 288.696893424, 333.856507936, 371.071587301, 382.350770975, 386.652607709]","[{""t"": 0.0, ""f"": ""Silence""}, {""t"": 0.313469387, ""f"": ""no_function""}, {""t"": 5.861723356, ""f"": ""Intro""}, {""t"": 19.265306122, ""f"": ""Head""}, {""t"": 55.946145124, ""f"": ""Interlude""}, {""t"": 67.411904761, ""f"": ""Solo""}, {""t"": 104.171791383, ""f"": ""Solo""}, {""t"": 140.988344671, ""f"": ""Solo""}, {""t"": 177.860566893, ""f"": ""Solo""}, {""t"": 214.612108843, ""f"": ""Solo""}, {""t"": 251.689750566, ""f"": ""Solo""}, {""t"": 288.696893424, ""f"": ""Interlude""}, {""t"": 333.856507936, ""f"": ""Head""}, {""t"": 371.071587301, ""f"": ""Outro""}, {""t"": 382.350770975, ""f"": ""Silence""}, {""t"": 386.652607709, ""f"": ""End""}]","[0.0, 0.310204081, 19.226122448, 37.394693877, 46.707891156, 55.858503401, 67.228684807, 67.228684807, 85.433129251, 85.433129251, 94.930090702, 94.930090702, 122.213537414, 122.213537414, 131.78015873, 131.78015873, 159.110045351, 159.110045351, 168.607006802, 168.607006802, 196.076213151, 196.076213151, 205.503514739, 205.503514739, 233.0492517, 233.0492517, 242.453333333, 242.453333333, 269.992199546, 269.992199546, 279.373061224, 279.373061224, 315.294331065, 333.916734693, 352.33015873, 361.711020408, 371.045442176, 383.534693877, 386.638367346]","[{""t"": 0.0, ""f"": ""Silence""}, {""t"": 0.310204081, ""f"": ""Intro""}, {""t"": 19.226122448, ""f"": ""Head""}, {""t"": 37.394693877, ""f"": ""Theme""}, {""t"": 46.707891156, ""f"": ""Head""}, {""t"": 55.858503401, ""f"": ""Bridge""}, {""t"": 67.228684807, ""f"": ""Instrumental""}, {""t"": 67.228684807, ""f"": ""Solo""}, {""t"": 85.433129251, ""f"": ""Instrumental""}, {""t"": 85.433129251, ""f"": ""Solo""}, {""t"": 94.930090702, ""f"": ""Instrumental""}, {""t"": 94.930090702, ""f"": ""Solo""}, {""t"": 122.213537414, ""f"": ""Instrumental""}, {""t"": 122.213537414, ""f"": ""Solo""}, {""t"": 131.78015873, ""f"": ""Instrumental""}, {""t"": 131.78015873, ""f"": ""Solo""}, {""t"": 159.110045351, ""f"": ""Instrumental""}, {""t"": 159.110045351, ""f"": ""Solo""}, {""t"": 168.607006802, ""f"": ""Instrumental""}, {""t"": 168.607006802, ""f"": ""Solo""}, {""t"": 196.076213151, ""f"": ""Instrumental""}, {""t"": 196.076213151, ""f"": ""Solo""}, {""t"": 205.503514739, ""f"": ""Instrumental""}, {""t"": 205.503514739, ""f"": ""Solo""}, {""t"": 233.0492517, ""f"": ""Instrumental""}, {""t"": 233.0492517, ""f"": ""Solo""}, {""t"": 242.453333333, ""f"": ""Instrumental""}, {""t"": 242.453333333, ""f"": ""Solo""}, {""t"": 269.992199546, ""f"": ""Instrumental""}, {""t"": 269.992199546, ""f"": ""Solo""}, {""t"": 279.373061224, ""f"": ""Instrumental""}, {""t"": 279.373061224, ""f"": ""Solo""}, {""t"": 315.294331065, ""f"": ""Bridge""}, {""t"": 333.916734693, ""f"": ""Head""}, {""t"": 352.33015873, ""f"": ""Theme""}, {""t"": 361.711020408, ""f"": ""Head""}, {""t"": 371.045442176, ""f"": ""Outro""}, {""t"": 383.534693877, ""f"": ""Silence""}, {""t"": 386.638367346, ""f"": ""End""}]",spectrograms/mel/474_Dexter_Gordon_Soy_Califa.png,spectrograms/linear/474_Dexter_Gordon_Soy_Califa.png,spectrograms/matrices/474_Dexter_Gordon_Soy_Califa.npy
478,A Tribute To Someone,Herbie Hancock,"[0.0, 0.371519274, 16.557641723, 47.607165532, 79.368458049, 94.810725623, 126.490521541, 157.076507936, 187.252040816, 202.222403628, 232.31340136, 261.728117913, 291.471882086, 306.275124716, 335.7192517, 364.849591836, 394.053333333, 408.588208616, 438.766938775, 452.97861678, 483.937619047, 520.200430839, 525.07095238]","[{""t"": 0.0, ""f"": ""Silence""}, {""t"": 0.371519274, ""f"": ""Intro""}, {""t"": 16.557641723, ""f"": ""Head""}, {""t"": 47.607165532, ""f"": ""Head""}, {""t"": 79.368458049, ""f"": ""Bridge""}, {""t"": 94.810725623, ""f"": ""Head""}, {""t"": 126.490521541, ""f"": ""Solo""}, {""t"": 157.076507936, ""f"": ""Solo""}, {""t"": 187.252040816, ""f"": ""Solo""}, {""t"": 202.222403628, ""f"": ""Solo""}, {""t"": 232.31340136, ""f"": ""Solo""}, {""t"": 261.728117913, ""f"": ""Solo""}, {""t"": 291.471882086, ""f"": ""Solo""}, {""t"": 306.275124716, ""f"": ""Solo""}, {""t"": 335.7192517, ""f"": ""Solo""}, {""t"": 364.849591836, ""f"": ""Solo""}, {""t"": 394.053333333, ""f"": ""Solo""}, {""t"": 408.588208616, ""f"": ""Solo""}, {""t"": 438.766938775, ""f"": ""Bridge""}, {""t"": 452.97861678, ""f"": ""Head""}, {""t"": 483.937619047, ""f"": ""Outro""}, {""t"": 520.200430839, ""f"": ""Silence""}, {""t"": 525.07095238, ""f"": ""End""}]","[0.0, 0.65015873, 16.056961451, 47.591247165, 79.478412698, 79.478412698, 94.910068027, 126.461950113, 157.116099773, 187.241950113, 202.313287981, 231.998594104, 261.790589569, 291.526349206, 306.278548752, 335.835396825, 364.90494331, 393.982607709, 408.718049886, 437.942607709, 437.942607709, 453.022562358, 483.974512471, 520.308140589, 525.037664399]","[{""t"": 0.0, ""f"": ""Silence""}, {""t"": 0.65015873, ""f"": ""Intro""}, {""t"": 16.056961451, ""f"": ""Head""}, {""t"": 47.591247165, ""f"": ""Head""}, {""t"": 79.478412698, ""f"": ""Bridge""}, {""t"": 79.478412698, ""f"": ""Head""}, {""t"": 94.910068027, ""f"": ""Head""}, {""t"": 126.461950113, ""f"": ""Solo""}, {""t"": 157.116099773, ""f"": ""Solo""}, {""t"": 187.241950113, ""f"": ""Solo""}, {""t"": 202.313287981, ""f"": ""Solo""}, {""t"": 231.998594104, ""f"": ""Solo""}, {""t"": 261.790589569, ""f"": ""Solo""}, {""t"": 291.526349206, ""f"": ""Solo""}, {""t"": 306.278548752, ""f"": ""Solo""}, {""t"": 335.835396825, ""f"": ""Solo""}, {""t"": 364.90494331, ""f"": ""Solo""}, {""t"": 393.982607709, ""f"": ""Solo""}, {""t"": 408.718049886, ""f"": ""Solo""}, {""t"": 437.942607709, ""f"": ""Bridge""}, {""t"": 437.942607709, ""f"": ""Head""}, {""t"": 453.022562358, ""f"": ""Head""}, {""t"": 483.974512471, ""f"": ""Outro""}, {""t"": 520.308140589, ""f"": ""Silence""}, {""t"": 525.037664399, ""f"": ""End""}]",spectrograms/mel/478_Herbie_Hancock_A_Tribute_To_Someone.png,spectrograms/linear/478_Herbie_Hancock_A_Tribute_To_Someone.png,spectrograms/matrices/478_Herbie_Hancock_A_Tribute_To_Someone.npy
480,My Funny Valentine,Chucho Valdés,"[0.0, 0.022947845, 32.359297052, 104.867981859, 176.696961451, 261.057482993, 315.330612244, 330.074512471, 337.79446712, 337.801836734]","[{""t"": 0.0, ""f"": ""Silence""}, {""t"": 0.022947845, ""f"": ""Intro""}, {""t"": 32.359297052, ""f"": ""Head""}, {""t"": 104.867981859, ""f"": ""Solo""}, {""t"": 176.696961451, ""f"": ""Solo""}, {""t"": 261.057482993, ""f"": ""Coda""}, {""t"": 315.330612244, ""f"": ""Outro""}, {""t"": 330.074512471, ""f"": ""no_function""}, {""t"": 337.79446712, ""f"": ""Silence""}, {""t"": 337.801836734, ""f"": ""End""}]","[0.0, 0.659297052, 32.434013605, 48.598049886, 80.911224489, 104.817573696, 152.777959183, 176.636417233, 224.958049886, 246.789070294, 315.350204081, 330.400408163, 337.794580498]","[{""t"": 0.0, ""f"": ""silence""}, {""t"": 0.659297052, ""f"": ""Intro""}, {""t"": 32.434013605, ""f"": ""Chorus""}, {""t"": 48.598049886, ""f"": ""Verse""}, {""t"": 80.911224489, ""f"": ""Chorus""}, {""t"": 104.817573696, ""f"": ""Verse""}, {""t"": 152.777959183, ""f"": ""Chorus""}, {""t"": 176.636417233, ""f"": ""Verse""}, {""t"": 224.958049886, ""f"": ""Chorus""}, {""t"": 246.789070294, ""f"": ""Solo""}, {""t"": 315.350204081, ""f"": ""Outro""}, {""t"": 330.400408163, ""f"": ""no_function""}, {""t"": 337.794580498, ""f"": ""End""}]",spectrograms/mel/480_Chucho_Valdés_My_Funny_Valentine.png,spectrograms/linear/480_Chucho_Valdés_My_Funny_Valentine.png,spectrograms/matrices/480_Chucho_Valdés_My_Funny_Valentine.npy
482,Los Teenagers Bailan Changui,Marc Ribot & Los Cubanos Postizos,"[0.0, 0.116099773, 29.764263038, 31.786394557, 61.50632653, 91.290204081, 196.522426303, 256.589841269, 289.05941043, 289.474988662]","[{""t"": 0.0, ""f"": ""Silence""}, {""t"": 0.116099773, ""f"": ""Head""}, {""t"": 29.764263038, ""f"": ""Bridge""}, {""t"": 31.786394557, ""f"": ""Theme""}, {""t"": 61.50632653, ""f"": ""Head""}, {""t"": 91.290204081, ""f"": ""Solo""}, {""t"": 196.522426303, ""f"": ""Solo""}, {""t"": 256.589841269, ""f"": ""Head""}, {""t"": 289.05941043, ""f"": ""Silence""}, {""t"": 289.474988662, ""f"": ""End""}]","[0.0, 0.069659863, 29.767936507, 31.741655328, 61.463197278, 91.277619047, 196.371088435, 256.557210884, 286.928911564, 289.462857142]","[{""t"": 0.0, ""f"": ""Silence""}, {""t"": 0.069659863, ""f"": ""Head""}, {""t"": 29.767936507, ""f"": ""break""}, {""t"": 31.741655328, ""f"": ""Solo""}, {""t"": 61.463197278, ""f"": ""Head""}, {""t"": 91.277619047, ""f"": ""Solo""}, {""t"": 196.371088435, ""f"": ""Solo""}, {""t"": 256.557210884, ""f"": ""Head""}, {""t"": 286.928911564, ""f"": ""Silence""}, {""t"": 289.462857142, ""f"": ""End""}]",spectrograms/mel/482_Marc_Ribot_&_Los_Cubanos_Postizos_Los_Teenagers_Bailan_Changui.png,spectrograms/linear/482_Marc_Ribot_&_Los_Cubanos_Postizos_Los_Teenagers_Bailan_Changui.png,spectrograms/matrices/482_Marc_Ribot_&_Los_Cubanos_Postizos_Los_Teenagers_Bailan_Changui.npy
486,Samba Dees Days,Stan Getz & Charlie Byrd,"[0.0, 0.174149659, 18.92510204, 35.111972789, 43.235079365, 75.028548752, 122.450702947, 161.939523809, 201.108435374, 216.916371882]","[{""t"": 0.0, ""f"": ""Silence""}, {""t"": 0.174149659, ""f"": ""Head""}, {""t"": 18.92510204, ""f"": ""no_function""}, {""t"": 35.111972789, ""f"": ""Head""}, {""t"": 43.235079365, ""f"": ""no_function""}, {""t"": 75.028548752, ""f"": ""no_function""}, {""t"": 122.450702947, ""f"": ""Solo""}, {""t"": 161.939523809, ""f"": ""no_function""}, {""t"": 201.108435374, ""f"": ""Outro""}, {""t"": 216.916371882, ""f"": ""End""}]","[0.0, 0.185759637, 43.321519274, 83.089115646, 122.498820861, 161.996077097, 193.249365079, 211.841360544, 216.909274376]","[{""t"": 0.0, ""f"": ""Silence""}, {""t"": 0.185759637, ""f"": ""Theme""}, {""t"": 43.321519274, ""f"": ""Solo""}, {""t"": 83.089115646, ""f"": ""Solo""}, {""t"": 122.498820861, ""f"": ""Solo""}, {""t"": 161.996077097, ""f"": ""Solo""}, {""t"": 193.249365079, ""f"": ""Outro""}, {""t"": 211.841360544, ""f"": ""Silence""}, {""t"": 216.909274376, ""f"": ""End""}]",spectrograms/mel/486_Stan_Getz_&_Charlie_Byrd_Samba_Dees_Days.png,spectrograms/linear/486_Stan_Getz_&_Charlie_Byrd_Samba_Dees_Days.png,spectrograms/matrices/486_Stan_Getz_&_Charlie_Byrd_Samba_Dees_Days.npy
488,The Sleeping Lady And The Giant Who,Duke Ellington,"[0.0, 0.438820861, 39.91510204, 82.296190476, 89.363015873, 130.528140589, 171.960181405, 213.739682539, 241.337959183, 282.763922902, 324.563197278, 352.544285714, 359.464897959, 373.334671201, 400.91324263, 446.187505668, 447.597596371]","[{""t"": 0.0, ""f"": ""Silence""}, {""t"": 0.438820861, ""f"": ""Intro""}, {""t"": 39.91510204, ""f"": ""no_function""}, {""t"": 82.296190476, ""f"": ""no_function""}, {""t"": 89.363015873, ""f"": ""Main_Theme""}, {""t"": 130.528140589, ""f"": ""Main_Theme""}, {""t"": 171.960181405, ""f"": ""Main_Theme""}, {""t"": 213.739682539, ""f"": ""Secondary_Theme""}, {""t"": 241.337959183, ""f"": ""Main_Theme""}, {""t"": 282.763922902, ""f"": ""Secondary_Theme""}, {""t"": 324.563197278, ""f"": ""Secondary_Theme""}, {""t"": 352.544285714, ""f"": ""no_function""}, {""t"": 359.464897959, ""f"": ""Main_Theme""}, {""t"": 373.334671201, ""f"": ""Solo""}, {""t"": 400.91324263, ""f"": ""Outro""}, {""t"": 446.187505668, ""f"": ""Silence""}, {""t"": 447.597596371, ""f"": ""End""}]","[0.0, 0.528571428, 54.300770975, 82.310136054, 130.579614512, 199.971179138, 213.699160997, 241.355374149, 324.515782312, 352.579931972, 373.371383219, 400.867437641, 443.657142857, 447.595782312]","[{""t"": 0.0, ""f"": ""Silence""}, {""t"": 0.528571428, ""f"": ""Intro""}, {""t"": 54.300770975, ""f"": ""Main_Theme""}, {""t"": 82.310136054, ""f"": ""Secondary_Theme""}, {""t"": 130.579614512, ""f"": ""Secondary_Theme""}, {""t"": 199.971179138, ""f"": ""Solo""}, {""t"": 213.699160997, ""f"": ""Transition""}, {""t"": 241.355374149, ""f"": ""Secondary_Theme""}, {""t"": 324.515782312, ""f"": ""Transition""}, {""t"": 352.579931972, ""f"": ""Secondary_Theme""}, {""t"": 373.371383219, ""f"": ""Solo""}, {""t"": 400.867437641, ""f"": ""Outro""}, {""t"": 443.657142857, ""f"": ""Silence""}, {""t"": 447.595782312, ""f"": ""End""}]",spectrograms/mel/488_Duke_Ellington_The_Sleeping_Lady_And_The_Giant_Who.png,spectrograms/linear/488_Duke_Ellington_The_Sleeping_Lady_And_The_Giant_Who.png,spectrograms/matrices/488_Duke_Ellington_The_Sleeping_Lady_And_The_Giant_Who.npy
490,Samba Triste,Eliane Elías,"[0.0, 0.510839002, 11.725328798, 55.245646258, 60.6861678, 103.958163265, 147.181473922, 187.598185941, 192.912539682, 236.32494331, 281.444580498, 310.367664399, 313.003628117]","[{""t"": 0.0, ""f"": ""Silence""}, {""t"": 0.510839002, ""f"": ""Intro""}, {""t"": 11.725328798, ""f"": ""Head""}, {""t"": 55.245646258, ""f"": ""Bridge""}, {""t"": 60.6861678, ""f"": ""Solo""}, {""t"": 103.958163265, ""f"": ""Solo""}, {""t"": 147.181473922, ""f"": ""Solo""}, {""t"": 187.598185941, ""f"": ""Bridge""}, {""t"": 192.912539682, ""f"": ""Head""}, {""t"": 236.32494331, ""f"": ""Solo""}, {""t"": 281.444580498, ""f"": ""Outro""}, {""t"": 310.367664399, ""f"": ""Silence""}, {""t"": 313.003628117, ""f"": ""End""}]","[0.0, 0.49893424, 11.787959183, 33.539931972, 55.196780045, 103.964013605, 125.540045351, 147.146621315, 193.060839002, 214.692494331, 236.308004535, 297.472766439, 310.975963718, 312.999183673]","[{""t"": 0.0, ""f"": ""Silence""}, {""t"": 0.49893424, ""f"": ""Intro""}, {""t"": 11.787959183, ""f"": ""Head""}, {""t"": 33.539931972, ""f"": ""Head""}, {""t"": 55.196780045, ""f"": ""Head""}, {""t"": 103.964013605, ""f"": ""Solo""}, {""t"": 125.540045351, ""f"": ""Solo""}, {""t"": 147.146621315, ""f"": ""Solo""}, {""t"": 193.060839002, ""f"": ""Solo""}, {""t"": 214.692494331, ""f"": ""Head""}, {""t"": 236.308004535, ""f"": ""Outro""}, {""t"": 297.472766439, ""f"": ""Coda""}, {""t"": 310.975963718, ""f"": ""Silence""}, {""t"": 312.999183673, ""f"": ""End""}]",spectrograms/mel/490_Eliane_Elías_Samba_Triste.png,spectrograms/linear/490_Eliane_Elías_Samba_Triste.png,spectrograms/matrices/490_Eliane_Elías_Samba_Triste.npy
494,Afro Blue,The Derek Trucks Band,"[0.0, 0.232199546, 107.583673469, 120.965600907, 133.655963718, 170.34802721, 181.579319727, 233.47664399, 246.131519274, 258.367346938, 270.212244897, 282.152607709, 293.412312925, 339.364353741, 342.144104308]","[{""t"": 0.0, ""f"": ""Silence""}, {""t"": 0.232199546, ""f"": ""Intro""}, {""t"": 107.583673469, ""f"": ""Main_Theme""}, {""t"": 120.965600907, ""f"": ""Secondary_Theme""}, {""t"": 133.655963718, ""f"": ""Solo""}, {""t"": 170.34802721, ""f"": ""Theme""}, {""t"": 181.579319727, ""f"": ""Interlude""}, {""t"": 233.47664399, ""f"": ""Theme""}, {""t"": 246.131519274, ""f"": ""Secondary_Theme""}, {""t"": 258.367346938, ""f"": ""Solo""}, {""t"": 270.212244897, ""f"": ""Theme""}, {""t"": 282.152607709, ""f"": ""Theme""}, {""t"": 293.412312925, ""f"": ""Outro""}, {""t"": 339.364353741, ""f"": ""Silence""}, {""t"": 342.144104308, ""f"": ""End""}]","[0.0, 0.203174603, 107.741791383, 120.935374149, 133.552630385, 170.065306122, 189.056938775, 233.425804988, 246.074829931, 258.37, 270.095782312, 282.14079365, 342.125691609]","[{""t"": 0.0, ""f"": ""Silence""}, {""t"": 0.203174603, ""f"": ""Intro""}, {""t"": 107.741791383, ""f"": ""Head""}, {""t"": 120.935374149, ""f"": ""no_function""}, {""t"": 133.552630385, ""f"": ""Solo""}, {""t"": 170.065306122, ""f"": ""Head""}, {""t"": 189.056938775, ""f"": ""Solo""}, {""t"": 233.425804988, ""f"": ""Head""}, {""t"": 246.074829931, ""f"": ""Head""}, {""t"": 258.37, ""f"": ""Solo""}, {""t"": 270.095782312, ""f"": ""Head""}, {""t"": 282.14079365, ""f"": ""Head""}, {""t"": 342.125691609, ""f"": ""End""}]",spectrograms/mel/494_The_Derek_Trucks_Band_Afro_Blue.png,spectrograms/linear/494_The_Derek_Trucks_Band_Afro_Blue.png,spectrograms/matrices/494_The_Derek_Trucks_Band_Afro_Blue.npy
496,Al Green,Charlie Hunter,"[0.0, 0.162539682, 26.231473922, 71.724376417, 116.85909297, 205.543129251, 228.305170068, 273.375283446, 339.746780045]","[{""t"": 0.0, ""f"": ""Silence""}, {""t"": 0.162539682, ""f"": ""Intro""}, {""t"": 26.231473922, ""f"": ""Head""}, {""t"": 71.724376417, ""f"": ""Solo""}, {""t"": 116.85909297, ""f"": ""Solo""}, {""t"": 205.543129251, ""f"": ""Interlude""}, {""t"": 228.305170068, ""f"": ""Head""}, {""t"": 273.375283446, ""f"": ""Outro""}, {""t"": 339.746780045, ""f"": ""End""}]","[0.0, 0.171428571, 26.182834467, 71.654603174, 71.654603174, 116.813378684, 116.813378684, 161.173333333, 161.173333333, 183.148843537, 205.473378684, 228.181519274, 267.814331065, 300.605714285, 336.963265306, 339.708843537]","[{""t"": 0.0, ""f"": ""Silence""}, {""t"": 0.171428571, ""f"": ""Intro""}, {""t"": 26.182834467, ""f"": ""Head""}, {""t"": 71.654603174, ""f"": ""Instrumental""}, {""t"": 71.654603174, ""f"": ""Solo""}, {""t"": 116.813378684, ""f"": ""Instrumental""}, {""t"": 116.813378684, ""f"": ""Solo""}, {""t"": 161.173333333, ""f"": ""Instrumental""}, {""t"": 161.173333333, ""f"": ""Solo""}, {""t"": 183.148843537, ""f"": ""Bridge""}, {""t"": 205.473378684, ""f"": ""Interlude""}, {""t"": 228.181519274, ""f"": ""Head""}, {""t"": 267.814331065, ""f"": ""Instrumental""}, {""t"": 300.605714285, ""f"": ""Outro""}, {""t"": 336.963265306, ""f"": ""Silence""}, {""t"": 339.708843537, ""f"": ""End""}]",spectrograms/mel/496_Charlie_Hunter_Al_Green.png,spectrograms/linear/496_Charlie_Hunter_Al_Green.png,spectrograms/matrices/496_Charlie_Hunter_Al_Green.npy
498,In My Solitude,Oliver Jones & Clark Terry,"[0.0, 0.359183673, 14.604081632, 40.370226757, 66.353197278, 92.749002267, 118.746757369, 145.414965986, 172.091587301, 198.898276643, 225.70723356, 252.266802721, 286.760884353, 289.446848072]","[{""t"": 0.0, ""f"": ""Silence""}, {""t"": 0.359183673, ""f"": ""Intro""}, {""t"": 14.604081632, ""f"": ""Head""}, {""t"": 40.370226757, ""f"": ""Head""}, {""t"": 66.353197278, ""f"": ""Bridge""}, {""t"": 92.749002267, ""f"": ""Head""}, {""t"": 118.746757369, ""f"": ""Solo""}, {""t"": 145.414965986, ""f"": ""Head""}, {""t"": 172.091587301, ""f"": ""Bridge""}, {""t"": 198.898276643, ""f"": ""Solo""}, {""t"": 225.70723356, ""f"": ""Bridge""}, {""t"": 252.266802721, ""f"": ""Outro""}, {""t"": 286.760884353, ""f"": ""Silence""}, {""t"": 289.446848072, ""f"": ""End""}]","[0.0, 0.348299319, 14.535691609, 40.228820861, 66.303310657, 92.722539682, 118.688979591, 145.450385487, 172.14, 198.778004535, 225.6930839, 252.155034013, 285.598662131, 289.461882086]","[{""t"": 0.0, ""f"": ""Silence""}, {""t"": 0.348299319, ""f"": ""Intro""}, {""t"": 14.535691609, ""f"": ""Head""}, {""t"": 40.228820861, ""f"": ""Head""}, {""t"": 66.303310657, ""f"": ""Head""}, {""t"": 92.722539682, ""f"": ""Head""}, {""t"": 118.688979591, ""f"": ""Solo""}, {""t"": 145.450385487, ""f"": ""Solo""}, {""t"": 172.14, ""f"": ""Solo""}, {""t"": 198.778004535, ""f"": ""Solo""}, {""t"": 225.6930839, ""f"": ""Head""}, {""t"": 252.155034013, ""f"": ""Head""}, {""t"": 285.598662131, ""f"": ""Silence""}, {""t"": 289.461882086, ""f"": ""End""}]",spectrograms/mel/498_Oliver_Jones_&_Clark_Terry_In_My_Solitude.png,spectrograms/linear/498_Oliver_Jones_&_Clark_Terry_In_My_Solitude.png,spectrograms/matrices/498_Oliver_Jones_&_Clark_Terry_In_My_Solitude.npy
502,Last Night In Rio,Oliver Jones & Clark Terry,"[0.0, 0.285714285, 14.12462585, 41.980680272, 69.852902494, 83.533832199, 111.41063492, 166.618752834, 264.098344671, 277.879954648, 305.946462585, 326.803038548, 346.560226757, 353.833514739]","[{""t"": 0.0, ""f"": ""Silence""}, {""t"": 0.285714285, ""f"": ""Intro""}, {""t"": 14.12462585, ""f"": ""Head""}, {""t"": 41.980680272, ""f"": ""Head""}, {""t"": 69.852902494, ""f"": ""Bridge""}, {""t"": 83.533832199, ""f"": ""Head""}, {""t"": 111.41063492, ""f"": ""Solo""}, {""t"": 166.618752834, ""f"": ""Solo""}, {""t"": 264.098344671, ""f"": ""Bridge""}, {""t"": 277.879954648, ""f"": ""Head""}, {""t"": 305.946462585, ""f"": ""Outro""}, {""t"": 326.803038548, ""f"": ""Fade-out""}, {""t"": 346.560226757, ""f"": ""Silence""}, {""t"": 353.833514739, ""f"": ""End""}]","[0.0, 0.293877551, 14.066780045, 28.21861678, 42.074920634, 56.066598639, 69.810725623, 83.562653061, 97.545714285, 111.379047619, 111.379047619, 166.66861678, 166.66861678, 208.554920634, 208.554920634, 264.150362811, 277.933968253, 292.085623582, 309.447891156, 323.331111111, 348.595918367, 353.843492063]","[{""t"": 0.0, ""f"": ""Silence""}, {""t"": 0.293877551, ""f"": ""Intro""}, {""t"": 14.066780045, ""f"": ""Head""}, {""t"": 28.21861678, ""f"": ""Theme""}, {""t"": 42.074920634, ""f"": ""Head""}, {""t"": 56.066598639, ""f"": ""Bridge""}, {""t"": 69.810725623, ""f"": ""Theme""}, {""t"": 83.562653061, ""f"": ""Head""}, {""t"": 97.545714285, ""f"": ""Theme""}, {""t"": 111.379047619, ""f"": ""Instrumental""}, {""t"": 111.379047619, ""f"": ""Solo""}, {""t"": 166.66861678, ""f"": ""Instrumental""}, {""t"": 166.66861678, ""f"": ""Solo""}, {""t"": 208.554920634, ""f"": ""Instrumental""}, {""t"": 208.554920634, ""f"": ""Solo""}, {""t"": 264.150362811, ""f"": ""Bridge""}, {""t"": 277.933968253, ""f"": ""Head""}, {""t"": 292.085623582, ""f"": ""Theme""}, {""t"": 309.447891156, ""f"": ""Outro""}, {""t"": 323.331111111, ""f"": ""Fade-out""}, {""t"": 348.595918367, ""f"": ""Silence""}, {""t"": 353.843492063, ""f"": ""End""}]",spectrograms/mel/502_Oliver_Jones_&_Clark_Terry_Last_Night_In_Rio.png,spectrograms/linear/502_Oliver_Jones_&_Clark_Terry_Last_Night_In_Rio.png,spectrograms/matrices/502_Oliver_Jones_&_Clark_Terry_Last_Night_In_Rio.npy
508,First Street,Soulive,"[0.0, 0.367346938, 37.455578231, 89.726439909, 141.907460317, 292.967029478, 327.541383219, 396.497732426, 399.306689342, 401.439002267]","[{""t"": 0.0, ""f"": ""Silence""}, {""t"": 0.367346938, ""f"": ""Intro""}, {""t"": 37.455578231, ""f"": ""Head""}, {""t"": 89.726439909, ""f"": ""Head""}, {""t"": 141.907460317, ""f"": ""Solo""}, {""t"": 292.967029478, ""f"": ""Solo""}, {""t"": 327.541383219, ""f"": ""Head""}, {""t"": 396.497732426, ""f"": ""no_function""}, {""t"": 399.306689342, ""f"": ""Silence""}, {""t"": 401.439002267, ""f"": ""End""}]","[0.0, 0.394739229, 37.140090702, 71.578049886, 89.612857142, 123.77526077, 141.908458049, 292.910770975, 327.372403628, 361.073061224, 396.457505668, 398.708820861, 401.424195011]","[{""t"": 0.0, ""f"": ""Silence""}, {""t"": 0.394739229, ""f"": ""Intro""}, {""t"": 37.140090702, ""f"": ""Head""}, {""t"": 71.578049886, ""f"": ""Transition""}, {""t"": 89.612857142, ""f"": ""Head""}, {""t"": 123.77526077, ""f"": ""Transition""}, {""t"": 141.908458049, ""f"": ""Solo""}, {""t"": 292.910770975, ""f"": ""Transition""}, {""t"": 327.372403628, ""f"": ""Head""}, {""t"": 361.073061224, ""f"": ""Outro""}, {""t"": 396.457505668, ""f"": ""no_function""}, {""t"": 398.708820861, ""f"": ""Silence""}, {""t"": 401.424195011, ""f"": ""End""}]",spectrograms/mel/508_Soulive_First_Street.png,spectrograms/linear/508_Soulive_First_Street.png,spectrograms/matrices/508_Soulive_First_Street.npy
510,Somewhere In The Night,Grant Green,"[0.0, 0.394739229, 16.939115646, 50.011609977, 66.257755102, 99.330498866, 132.105351473, 164.793582766, 197.833696145, 230.959297052, 264.167052154, 296.919206349, 329.014399092, 361.552380952, 393.648435374, 410.080566893, 442.680657596, 458.84861678, 479.776757369, 484.041405895]","[{""t"": 0.0, ""f"": ""Silence""}, {""t"": 0.394739229, ""f"": ""Intro""}, {""t"": 16.939115646, ""f"": ""Head""}, {""t"": 50.011609977, ""f"": ""Head""}, {""t"": 66.257755102, ""f"": ""Solo""}, {""t"": 99.330498866, ""f"": ""Solo""}, {""t"": 132.105351473, ""f"": ""Solo""}, {""t"": 164.793582766, ""f"": ""Solo""}, {""t"": 197.833696145, ""f"": ""Solo""}, {""t"": 230.959297052, ""f"": ""Solo""}, {""t"": 264.167052154, ""f"": ""Solo""}, {""t"": 296.919206349, ""f"": ""Solo""}, {""t"": 329.014399092, ""f"": ""Solo""}, {""t"": 361.552380952, ""f"": ""Solo""}, {""t"": 393.648435374, ""f"": ""Solo""}, {""t"": 410.080566893, ""f"": ""Head""}, {""t"": 442.680657596, ""f"": ""Head""}, {""t"": 458.84861678, ""f"": ""Outro""}, {""t"": 479.776757369, ""f"": ""Silence""}, {""t"": 484.041405895, ""f"": ""End""}]","[0.0, 0.416825396, 16.937437641, 66.289365079, 164.773877551, 264.065804988, 361.489546485, 409.970113378, 458.767052154, 479.701043083, 484.029138321]","[{""t"": 0.0, ""f"": ""Silence""}, {""t"": 0.416825396, ""f"": ""Intro""}, {""t"": 16.937437641, ""f"": ""Head""}, {""t"": 66.289365079, ""f"": ""Solo""}, {""t"": 164.773877551, ""f"": ""Solo""}, {""t"": 264.065804988, ""f"": ""Solo""}, {""t"": 361.489546485, ""f"": ""Solo""}, {""t"": 409.970113378, ""f"": ""Head""}, {""t"": 458.767052154, ""f"": ""Outro""}, {""t"": 479.701043083, ""f"": ""Silence""}, {""t"": 484.029138321, ""f"": ""End""}]",spectrograms/mel/510_Grant_Green_Somewhere_In_The_Night.png,spectrograms/linear/510_Grant_Green_Somewhere_In_The_Night.png,spectrograms/matrices/510_Grant_Green_Somewhere_In_The_Night.npy
514,Politely,Art Blakey,"[0.0, 0.348299319, 46.039591836, 90.517120181, 135.12430839, 223.429591836, 310.533764172, 355.911678004, 364.464104308]","[{""t"": 0.0, ""f"": ""Silence""}, {""t"": 0.348299319, ""f"": ""Head""}, {""t"": 46.039591836, ""f"": ""Solo""}, {""t"": 90.517120181, ""f"": ""Solo""}, {""t"": 135.12430839, ""f"": ""Solo""}, {""t"": 223.429591836, ""f"": ""Solo""}, {""t"": 310.533764172, ""f"": ""Head""}, {""t"": 355.911678004, ""f"": ""Outro""}, {""t"": 364.464104308, ""f"": ""End""}]","[0.0, 0.278639455, 46.133741496, 90.567301587, 135.207437641, 223.414988662, 310.397732426, 347.982947845, 362.525986394, 364.45478458]","[{""t"": 0.0, ""f"": ""Silence""}, {""t"": 0.278639455, ""f"": ""Theme""}, {""t"": 46.133741496, ""f"": ""Solo""}, {""t"": 90.567301587, ""f"": ""Solo""}, {""t"": 135.207437641, ""f"": ""Solo""}, {""t"": 223.414988662, ""f"": ""Solo""}, {""t"": 310.397732426, ""f"": ""Theme""}, {""t"": 347.982947845, ""f"": ""Outro""}, {""t"": 362.525986394, ""f"": ""Silence""}, {""t"": 364.45478458, ""f"": ""End""}]",spectrograms/mel/514_Art_Blakey_Politely.png,spectrograms/linear/514_Art_Blakey_Politely.png,spectrograms/matrices/514_Art_Blakey_Politely.npy
516,Low Down    Dirty,George Benson,"[0.0, 0.255419501, 46.570770975, 91.535442176, 137.647891156, 182.787482993, 228.438820861, 274.518140589, 321.165124716, 368.082721088, 414.602267573, 461.401768707, 498.621904761, 515.775578231, 518.427052154]","[{""t"": 0.0, ""f"": ""Silence""}, {""t"": 0.255419501, ""f"": ""Head""}, {""t"": 46.570770975, ""f"": ""Solo""}, {""t"": 91.535442176, ""f"": ""Solo""}, {""t"": 137.647891156, ""f"": ""Solo""}, {""t"": 182.787482993, ""f"": ""Solo""}, {""t"": 228.438820861, ""f"": ""Solo""}, {""t"": 274.518140589, ""f"": ""Solo""}, {""t"": 321.165124716, ""f"": ""Solo""}, {""t"": 368.082721088, ""f"": ""Solo""}, {""t"": 414.602267573, ""f"": ""Solo""}, {""t"": 461.401768707, ""f"": ""Head""}, {""t"": 498.621904761, ""f"": ""Outro""}, {""t"": 515.775578231, ""f"": ""Silence""}, {""t"": 518.427052154, ""f"": ""End""}]","[0.0, 0.232199546, 46.516031746, 91.506938775, 137.644172335, 182.818571428, 228.450884353, 274.147029478, 321.218435374, 368.043832199, 414.62648526, 461.330612244, 498.658956916, 515.436553287, 518.433945578]","[{""t"": 0.0, ""f"": ""Silence""}, {""t"": 0.232199546, ""f"": ""Head""}, {""t"": 46.516031746, ""f"": ""Solo""}, {""t"": 91.506938775, ""f"": ""Solo""}, {""t"": 137.644172335, ""f"": ""Solo""}, {""t"": 182.818571428, ""f"": ""Solo""}, {""t"": 228.450884353, ""f"": ""Solo""}, {""t"": 274.147029478, ""f"": ""Solo""}, {""t"": 321.218435374, ""f"": ""Solo""}, {""t"": 368.043832199, ""f"": ""Solo""}, {""t"": 414.62648526, ""f"": ""Solo""}, {""t"": 461.330612244, ""f"": ""Head""}, {""t"": 498.658956916, ""f"": ""Outro""}, {""t"": 515.436553287, ""f"": ""Silence""}, {""t"": 518.433945578, ""f"": ""End""}]",spectrograms/mel/516_George_Benson_Low_Down____Dirty.png,spectrograms/linear/516_George_Benson_Low_Down____Dirty.png,spectrograms/matrices/516_George_Benson_Low_Down____Dirty.npy
518,Little Birdie,Wynton Marsalis,"[0.0, 0.359909297, 7.105306122, 77.349160997, 89.940136054, 102.467664399, 115.005396825, 127.602199546, 140.112879818, 152.415782312, 164.775351473, 176.866394557, 188.789750566, 200.676734693, 212.405600907, 224.351201814, 236.110861678, 247.914217687, 261.275963718, 264.031519274]","[{""t"": 0.0, ""f"": ""Silence""}, {""t"": 0.359909297, ""f"": ""Intro""}, {""t"": 7.105306122, ""f"": ""Solo""}, {""t"": 77.349160997, ""f"": ""Verse""}, {""t"": 89.940136054, ""f"": ""no_function""}, {""t"": 102.467664399, ""f"": ""no_function""}, {""t"": 115.005396825, ""f"": ""no_function""}, {""t"": 127.602199546, ""f"": ""Bridge""}, {""t"": 140.112879818, ""f"": ""Verse""}, {""t"": 152.415782312, ""f"": ""no_function""}, {""t"": 164.775351473, ""f"": ""no_function""}, {""t"": 176.866394557, ""f"": ""no_function""}, {""t"": 188.789750566, ""f"": ""Bridge""}, {""t"": 200.676734693, ""f"": ""Verse""}, {""t"": 212.405600907, ""f"": ""no_function""}, {""t"": 224.351201814, ""f"": ""no_function""}, {""t"": 236.110861678, ""f"": ""Bridge""}, {""t"": 247.914217687, ""f"": ""Outro""}, {""t"": 261.275963718, ""f"": ""Silence""}, {""t"": 264.031519274, ""f"": ""End""}]","[0.0, 0.228571428, 77.333537414, 127.590702947, 140.101564625, 188.781950113, 200.629501133, 247.853469387, 260.551904761, 264.029115646]","[{""t"": 0.0, ""f"": ""Silence""}, {""t"": 0.228571428, ""f"": ""Intro""}, {""t"": 77.333537414, ""f"": ""no_function""}, {""t"": 127.590702947, ""f"": ""Interlude""}, {""t"": 140.101564625, ""f"": ""no_function""}, {""t"": 188.781950113, ""f"": ""Interlude""}, {""t"": 200.629501133, ""f"": ""no_function""}, {""t"": 247.853469387, ""f"": ""Outro""}, {""t"": 260.551904761, ""f"": ""Silence""}, {""t"": 264.029115646, ""f"": ""End""}]",spectrograms/mel/518_Wynton_Marsalis_Little_Birdie.png,spectrograms/linear/518_Wynton_Marsalis_Little_Birdie.png,spectrograms/matrices/518_Wynton_Marsalis_Little_Birdie.npy
520,Chicago Flyer,"Meade ""Lux"" Lewis","[0.0, 0.383129251, 21.060090702, 36.915873015, 52.972630385, 69.092108843, 85.723968253, 102.020090702, 118.34015873, 134.875827664, 151.48462585, 168.196961451, 184.940136054, 202.027913832, 218.884671201, 238.412698412, 240.850113378]","[{""t"": 0.0, ""f"": ""Silence""}, {""t"": 0.383129251, ""f"": ""Intro""}, {""t"": 21.060090702, ""f"": ""Head""}, {""t"": 36.915873015, ""f"": ""Solo""}, {""t"": 52.972630385, ""f"": ""Solo""}, {""t"": 69.092108843, ""f"": ""Solo""}, {""t"": 85.723968253, ""f"": ""Solo""}, {""t"": 102.020090702, ""f"": ""Solo""}, {""t"": 118.34015873, ""f"": ""Solo""}, {""t"": 134.875827664, ""f"": ""Solo""}, {""t"": 151.48462585, ""f"": ""Solo""}, {""t"": 168.196961451, ""f"": ""Solo""}, {""t"": 184.940136054, ""f"": ""Solo""}, {""t"": 202.027913832, ""f"": ""Solo""}, {""t"": 218.884671201, ""f"": ""Head""}, {""t"": 238.412698412, ""f"": ""Silence""}, {""t"": 240.850113378, ""f"": ""End""}]","[0.0, 0.365714285, 10.605782312, 20.975986394, 36.995238095, 53.013786848, 69.159342403, 85.687142857, 102.137346938, 118.37154195, 134.823424036, 151.372290249, 168.26462585, 184.884875283, 202.044444444, 218.756689342, 240.848956916]","[{""t"": 0.0, ""f"": ""Silence""}, {""t"": 0.365714285, ""f"": ""Intro""}, {""t"": 10.605782312, ""f"": ""no_function""}, {""t"": 20.975986394, ""f"": ""no_function""}, {""t"": 36.995238095, ""f"": ""no_function""}, {""t"": 53.013786848, ""f"": ""no_function""}, {""t"": 69.159342403, ""f"": ""no_function""}, {""t"": 85.687142857, ""f"": ""no_function""}, {""t"": 102.137346938, ""f"": ""no_function""}, {""t"": 118.37154195, ""f"": ""no_function""}, {""t"": 134.823424036, ""f"": ""no_function""}, {""t"": 151.372290249, ""f"": ""no_function""}, {""t"": 168.26462585, ""f"": ""no_function""}, {""t"": 184.884875283, ""f"": ""no_function""}, {""t"": 202.044444444, ""f"": ""no_function""}, {""t"": 218.756689342, ""f"": ""no_function""}, {""t"": 240.848956916, ""f"": ""End""}]","spectrograms/mel/520_Meade_""Lux""_Lewis_Chicago_Flyer.png","spectrograms/linear/520_Meade_""Lux""_Lewis_Chicago_Flyer.png","spectrograms/matrices/520_Meade_""Lux""_Lewis_Chicago_Flyer.npy"
522,Embraceable You,Art Tatum,"[0.0, 0.232199546, 105.674013605, 144.391836734, 196.626575963, 232.385306122, 267.638390022, 270.220975056]","[{""t"": 0.0, ""f"": ""Silence""}, {""t"": 0.232199546, ""f"": ""Intro""}, {""t"": 105.674013605, ""f"": ""no_function""}, {""t"": 144.391836734, ""f"": ""Solo""}, {""t"": 196.626575963, ""f"": ""no_function""}, {""t"": 232.385306122, ""f"": ""Outro""}, {""t"": 267.638390022, ""f"": ""Silence""}, {""t"": 270.220975056, ""f"": ""End""}]","[0.0, 0.162539682, 9.588095238, 55.045283446, 104.98632653, 150.053945578, 195.998526077, 270.210589569]","[{""t"": 0.0, ""f"": ""Silence""}, {""t"": 0.162539682, ""f"": ""Intro""}, {""t"": 9.588095238, ""f"": ""no_function""}, {""t"": 55.045283446, ""f"": ""no_function""}, {""t"": 104.98632653, ""f"": ""no_function""}, {""t"": 150.053945578, ""f"": ""no_function""}, {""t"": 195.998526077, ""f"": ""no_function""}, {""t"": 270.210589569, ""f"": ""End""}]",spectrograms/mel/522_Art_Tatum_Embraceable_You.png,spectrograms/linear/522_Art_Tatum_Embraceable_You.png,spectrograms/matrices/522_Art_Tatum_Embraceable_You.npy
526,Honeysuckle Rose,Johnny Hodges,"[0.0, 0.139319727, 6.629297052, 25.843015873, 51.690294784, 77.491609977, 103.175963718, 128.506303854, 153.651655328, 172.59446712, 178.631655328, 182.439183673]","[{""t"": 0.0, ""f"": ""Silence""}, {""t"": 0.139319727, ""f"": ""Intro""}, {""t"": 6.629297052, ""f"": ""Secondary_Theme""}, {""t"": 25.843015873, ""f"": ""Main_Theme""}, {""t"": 51.690294784, ""f"": ""Secondary_Theme""}, {""t"": 77.491609977, ""f"": ""Solo""}, {""t"": 103.175963718, ""f"": ""Solo""}, {""t"": 128.506303854, ""f"": ""Main_Theme""}, {""t"": 153.651655328, ""f"": ""Secondary_Theme""}, {""t"": 172.59446712, ""f"": ""Outro""}, {""t"": 178.631655328, ""f"": ""Silence""}, {""t"": 182.439183673, ""f"": ""End""}]","[0.0, 0.139319727, 6.627029478, 25.862471655, 51.706122448, 77.463605442, 103.236077097, 128.406077097, 153.694693877, 178.375691609, 182.439183673]","[{""t"": 0.0, ""f"": ""Silence""}, {""t"": 0.139319727, ""f"": ""Intro""}, {""t"": 6.627029478, ""f"": ""Head""}, {""t"": 25.862471655, ""f"": ""Head""}, {""t"": 51.706122448, ""f"": ""Head""}, {""t"": 77.463605442, ""f"": ""Solo""}, {""t"": 103.236077097, ""f"": ""Solo""}, {""t"": 128.406077097, ""f"": ""Head""}, {""t"": 153.694693877, ""f"": ""Head""}, {""t"": 178.375691609, ""f"": ""Silence""}, {""t"": 182.439183673, ""f"": ""End""}]",spectrograms/mel/526_Johnny_Hodges_Honeysuckle_Rose.png,spectrograms/linear/526_Johnny_Hodges_Honeysuckle_Rose.png,spectrograms/matrices/526_Johnny_Hodges_Honeysuckle_Rose.npy
528,Little Man   You  ve Had A Busy Day,Count Basie & Sarah Vaughan,"[0.0, 0.4, 17.209977324, 58.727732426, 92.975079365, 127.462766439, 162.006938775, 197.214195011, 231.850385487, 267.370498866, 290.028798185, 293.478276643]","[{""t"": 0.0, ""f"": ""Silence""}, {""t"": 0.4, ""f"": ""Intro""}, {""t"": 17.209977324, ""f"": ""Transition""}, {""t"": 58.727732426, ""f"": ""Main_Theme""}, {""t"": 92.975079365, ""f"": ""Main_Theme""}, {""t"": 127.462766439, ""f"": ""Secondary_Theme""}, {""t"": 162.006938775, ""f"": ""Main_Theme""}, {""t"": 197.214195011, ""f"": ""Secondary_Theme""}, {""t"": 231.850385487, ""f"": ""Main_Theme""}, {""t"": 267.370498866, ""f"": ""Coda""}, {""t"": 290.028798185, ""f"": ""Silence""}, {""t"": 293.478276643, ""f"": ""End""}]","[0.0, 0.441179138, 17.205986394, 127.569637188, 197.009863945, 267.331337868, 290.432108843, 293.493741496]","[{""t"": 0.0, ""f"": ""Silence""}, {""t"": 0.441179138, ""f"": ""Intro""}, {""t"": 17.205986394, ""f"": ""Verse""}, {""t"": 127.569637188, ""f"": ""Bridge""}, {""t"": 197.009863945, ""f"": ""Bridge""}, {""t"": 267.331337868, ""f"": ""Outro""}, {""t"": 290.432108843, ""f"": ""Silence""}, {""t"": 293.493741496, ""f"": ""End""}]",spectrograms/mel/528_Count_Basie_&_Sarah_Vaughan_Little_Man___You__ve_Had_A_Busy_Day.png,spectrograms/linear/528_Count_Basie_&_Sarah_Vaughan_Little_Man___You__ve_Had_A_Busy_Day.png,spectrograms/matrices/528_Count_Basie_&_Sarah_Vaughan_Little_Man___You__ve_Had_A_Busy_Day.npy
532,Providence,Ani DiFranco,"[0.0, 0.291428571, 20.655487528, 60.397188208, 122.658911564, 173.831655328, 193.770136054, 235.300272108, 277.348730158, 329.150249433, 349.078163265, 438.196417233]","[{""t"": 0.0, ""f"": ""Silence""}, {""t"": 0.291428571, ""f"": ""Intro""}, {""t"": 20.655487528, ""f"": ""Verse""}, {""t"": 60.397188208, ""f"": ""Pre-Chorus""}, {""t"": 122.658911564, ""f"": ""Chorus""}, {""t"": 173.831655328, ""f"": ""Transition""}, {""t"": 193.770136054, ""f"": ""Verse""}, {""t"": 235.300272108, ""f"": ""Pre-Chorus""}, {""t"": 277.348730158, ""f"": ""Chorus""}, {""t"": 329.150249433, ""f"": ""Transition""}, {""t"": 349.078163265, ""f"": ""Outro""}, {""t"": 438.196417233, ""f"": ""End""}]","[0.0, 0.43340136, 20.635238095, 60.398253968, 101.751723356, 122.734852607, 172.617142857, 193.969229024, 235.420929705, 277.48201814, 327.888979591, 438.182562358]","[{""t"": 0.0, ""f"": ""Silence""}, {""t"": 0.43340136, ""f"": ""Intro""}, {""t"": 20.635238095, ""f"": ""Verse""}, {""t"": 60.398253968, ""f"": ""Chorus""}, {""t"": 101.751723356, ""f"": ""Transition""}, {""t"": 122.734852607, ""f"": ""Bridge""}, {""t"": 172.617142857, ""f"": ""Transition""}, {""t"": 193.969229024, ""f"": ""Verse""}, {""t"": 235.420929705, ""f"": ""Chorus""}, {""t"": 277.48201814, ""f"": ""Bridge""}, {""t"": 327.888979591, ""f"": ""Outro""}, {""t"": 438.182562358, ""f"": ""End""}]",spectrograms/mel/532_Ani_DiFranco_Providence.png,spectrograms/linear/532_Ani_DiFranco_Providence.png,spectrograms/matrices/532_Ani_DiFranco_Providence.npy
534,I  m Sticking With You,The Velvet Underground,"[0.0, 0.208979591, 19.858049886, 39.665714285, 59.71371882, 83.781065759, 108.920136054, 132.045668934, 144.263446712, 149.067210884]","[{""t"": 0.0, ""f"": ""Silence""}, {""t"": 0.208979591, ""f"": ""Chorus""}, {""t"": 19.858049886, ""f"": ""Verse""}, {""t"": 39.665714285, ""f"": ""Chorus""}, {""t"": 59.71371882, ""f"": ""Verse""}, {""t"": 83.781065759, ""f"": ""Chorus""}, {""t"": 108.920136054, ""f"": ""Outro""}, {""t"": 132.045668934, ""f"": ""Fade-out""}, {""t"": 144.263446712, ""f"": ""Silence""}, {""t"": 149.067210884, ""f"": ""End""}]","[0.0, 0.232199546, 20.007437641, 39.623265306, 59.559342403, 85.310612244, 132.126575963, 144.462539682, 149.071632653]","[{""t"": 0.0, ""f"": ""Silence""}, {""t"": 0.232199546, ""f"": ""no_function""}, {""t"": 20.007437641, ""f"": ""Verse""}, {""t"": 39.623265306, ""f"": ""Chorus""}, {""t"": 59.559342403, ""f"": ""Bridge""}, {""t"": 85.310612244, ""f"": ""Chorus""}, {""t"": 132.126575963, ""f"": ""Fade-out""}, {""t"": 144.462539682, ""f"": ""Silence""}, {""t"": 149.071632653, ""f"": ""End""}]",spectrograms/mel/534_The_Velvet_Underground_I__m_Sticking_With_You.png,spectrograms/linear/534_The_Velvet_Underground_I__m_Sticking_With_You.png,spectrograms/matrices/534_The_Velvet_Underground_I__m_Sticking_With_You.npy
536,Nevada City   California,Utah Philips & Ani DiFranco,"[0.0, 0.293877551, 73.096417233, 90.029138321, 153.730612244, 171.497165532, 191.085714285, 200.003968253, 202.840816326, 304.00217687, 304.00217687, 321.546712018, 347.981519274, 383.165714285, 399.837800453, 401.69340136]","[{""t"": 0.0, ""f"": ""Silence""}, {""t"": 0.293877551, ""f"": ""no_function""}, {""t"": 73.096417233, ""f"": ""Instrumental""}, {""t"": 90.029138321, ""f"": ""no_function""}, {""t"": 153.730612244, ""f"": ""Instrumental""}, {""t"": 171.497165532, ""f"": ""no_function""}, {""t"": 191.085714285, ""f"": ""Instrumental""}, {""t"": 200.003968253, ""f"": ""Interlude""}, {""t"": 202.840816326, ""f"": ""Instrumental""}, {""t"": 304.00217687, ""f"": ""Interlude""}, {""t"": 304.00217687, ""f"": ""voice""}, {""t"": 321.546712018, ""f"": ""spoken""}, {""t"": 347.981519274, ""f"": ""Instrumental""}, {""t"": 383.165714285, ""f"": ""Outro""}, {""t"": 399.837800453, ""f"": ""Silence""}, {""t"": 401.69340136, ""f"": ""End""}]","[0.0, 0.317256235, 72.923129251, 89.443265306, 153.631111111, 170.853492063, 191.067437641, 199.970884353, 202.678639455, 308.337324263, 308.337324263, 347.881360544, 383.140294784, 399.895124716, 401.696077097]","[{""t"": 0.0, ""f"": ""Silence""}, {""t"": 0.317256235, ""f"": ""dialog""}, {""t"": 72.923129251, ""f"": ""groove""}, {""t"": 89.443265306, ""f"": ""dialog""}, {""t"": 153.631111111, ""f"": ""groove""}, {""t"": 170.853492063, ""f"": ""dialog""}, {""t"": 191.067437641, ""f"": ""groove""}, {""t"": 199.970884353, ""f"": ""dialog""}, {""t"": 202.678639455, ""f"": ""groove""}, {""t"": 308.337324263, ""f"": ""groove""}, {""t"": 308.337324263, ""f"": ""w/dialog""}, {""t"": 347.881360544, ""f"": ""groove""}, {""t"": 383.140294784, ""f"": ""Outro""}, {""t"": 399.895124716, ""f"": ""Silence""}, {""t"": 401.696077097, ""f"": ""End""}]",spectrograms/mel/536_Utah_Philips_&_Ani_DiFranco_Nevada_City___California.png,spectrograms/linear/536_Utah_Philips_&_Ani_DiFranco_Nevada_City___California.png,spectrograms/matrices/536_Utah_Philips_&_Ani_DiFranco_Nevada_City___California.npy
538,Sleep,Kimya Dawson,"[0.0, 0.348299319, 14.256281179, 26.605555555, 39.101292517, 50.532653061, 52.772789115]","[{""t"": 0.0, ""f"": ""Silence""}, {""t"": 0.348299319, ""f"": ""no_function""}, {""t"": 14.256281179, ""f"": ""no_function""}, {""t"": 26.605555555, ""f"": ""no_function""}, {""t"": 39.101292517, ""f"": ""no_function""}, {""t"": 50.532653061, ""f"": ""Silence""}, {""t"": 52.772789115, ""f"": ""End""}]","[0.0, 0.371519274, 14.110226757, 26.575963718, 39.008730158, 45.116848072, 51.531655328, 52.772380952]","[{""t"": 0.0, ""f"": ""Silence""}, {""t"": 0.371519274, ""f"": ""no_function""}, {""t"": 14.110226757, ""f"": ""no_function""}, {""t"": 26.575963718, ""f"": ""no_function""}, {""t"": 39.008730158, ""f"": ""no_function""}, {""t"": 45.116848072, ""f"": ""Fade-out""}, {""t"": 51.531655328, ""f"": ""Silence""}, {""t"": 52.772380952, ""f"": ""End""}]",spectrograms/mel/538_Kimya_Dawson_Sleep.png,spectrograms/linear/538_Kimya_Dawson_Sleep.png,spectrograms/matrices/538_Kimya_Dawson_Sleep.npy
540,Cartoons,Kristin Hersh,"[0.0, 0.4, 11.826825396, 21.223038548, 32.089977324, 42.358253968, 50.086621315, 56.838321995, 64.894331065, 75.070657596, 79.73877551, 81.475918367]","[{""t"": 0.0, ""f"": ""Silence""}, {""t"": 0.4, ""f"": ""Verse""}, {""t"": 11.826825396, ""f"": ""no_function""}, {""t"": 21.223038548, ""f"": ""Verse""}, {""t"": 32.089977324, ""f"": ""no_function""}, {""t"": 42.358253968, ""f"": ""Chorus""}, {""t"": 50.086621315, ""f"": ""no_function""}, {""t"": 56.838321995, ""f"": ""Chorus""}, {""t"": 64.894331065, ""f"": ""no_function""}, {""t"": 75.070657596, ""f"": ""no_function""}, {""t"": 79.73877551, ""f"": ""Silence""}, {""t"": 81.475918367, ""f"": ""End""}]","[0.0, 0.348299319, 21.12095238, 42.390408163, 56.773174603, 81.495963718]","[{""t"": 0.0, ""f"": ""Silence""}, {""t"": 0.348299319, ""f"": ""Verse""}, {""t"": 21.12095238, ""f"": ""Verse""}, {""t"": 42.390408163, ""f"": ""no_function""}, {""t"": 56.773174603, ""f"": ""no_function""}, {""t"": 81.495963718, ""f"": ""End""}]",spectrograms/mel/540_Kristin_Hersh_Cartoons.png,spectrograms/linear/540_Kristin_Hersh_Cartoons.png,spectrograms/matrices/540_Kristin_Hersh_Cartoons.npy
542,Modern Love,The Last Town Chorus,"[0.0, 0.092879818, 12.501473922, 45.332154195, 82.219138321, 131.451428571, 168.370997732, 205.266371882, 266.588117913]","[{""t"": 0.0, ""f"": ""Silence""}, {""t"": 0.092879818, ""f"": ""Intro""}, {""t"": 12.501473922, ""f"": ""Verse""}, {""t"": 45.332154195, ""f"": ""Verse""}, {""t"": 82.219138321, ""f"": ""Chorus""}, {""t"": 131.451428571, ""f"": ""Interlude""}, {""t"": 168.370997732, ""f"": ""Verse""}, {""t"": 205.266371882, ""f"": ""Chorus""}, {""t"": 266.588117913, ""f"": ""End""}]",[],[],spectrograms/mel/542_The_Last_Town_Chorus_Modern_Love.png,spectrograms/linear/542_The_Last_Town_Chorus_Modern_Love.png,spectrograms/matrices/542_The_Last_Town_Chorus_Modern_Love.npy
548,Subcity,Tracy Chapman,"[0.0, 0.534058956, 15.221360544, 44.100907029, 72.814104308, 97.850997732, 126.643514739, 148.149523809, 176.912834467, 196.67510204, 225.312426303, 245.083877551, 273.784331065, 308.825396825, 312.55510204]","[{""t"": 0.0, ""f"": ""Silence""}, {""t"": 0.534058956, ""f"": ""Intro""}, {""t"": 15.221360544, ""f"": ""Verse""}, {""t"": 44.100907029, ""f"": ""Chorus""}, {""t"": 72.814104308, ""f"": ""Verse""}, {""t"": 97.850997732, ""f"": ""Chorus""}, {""t"": 126.643514739, ""f"": ""Verse""}, {""t"": 148.149523809, ""f"": ""Chorus""}, {""t"": 176.912834467, ""f"": ""Verse""}, {""t"": 196.67510204, ""f"": ""Chorus""}, {""t"": 225.312426303, ""f"": ""Verse""}, {""t"": 245.083877551, ""f"": ""Chorus""}, {""t"": 273.784331065, ""f"": ""Outro""}, {""t"": 308.825396825, ""f"": ""Silence""}, {""t"": 312.55510204, ""f"": ""End""}]",[],[],spectrograms/mel/548_Tracy_Chapman_Subcity.png,spectrograms/linear/548_Tracy_Chapman_Subcity.png,spectrograms/matrices/548_Tracy_Chapman_Subcity.npy
550,Gospel Train   Orchestral,Tom Waits,"[0.0, 0.371519274, 67.647913832, 103.35201814, 133.688888888, 141.467573696, 152.890408163, 153.787845804]","[{""t"": 0.0, ""f"": ""Silence""}, {""t"": 0.371519274, ""f"": ""no_function""}, {""t"": 67.647913832, ""f"": ""no_function""}, {""t"": 103.35201814, ""f"": ""no_function""}, {""t"": 133.688888888, ""f"": ""no_function""}, {""t"": 141.467573696, ""f"": ""Outro""}, {""t"": 152.890408163, ""f"": ""Silence""}, {""t"": 153.787845804, ""f"": ""End""}]","[0.0, 0.417959183, 16.65786848, 41.264739229, 44.411655328, 62.939727891, 79.313650793, 109.579546485, 115.658956916, 139.898730158, 152.525895691, 153.789002267]","[{""t"": 0.0, ""f"": ""Silence""}, {""t"": 0.417959183, ""f"": ""ostinato""}, {""t"": 16.65786848, ""f"": ""Theme""}, {""t"": 41.264739229, ""f"": ""ostinato""}, {""t"": 44.411655328, ""f"": ""Theme""}, {""t"": 62.939727891, ""f"": ""ostinato""}, {""t"": 79.313650793, ""f"": ""Theme""}, {""t"": 109.579546485, ""f"": ""ostinato""}, {""t"": 115.658956916, ""f"": ""Theme""}, {""t"": 139.898730158, ""f"": ""Outro""}, {""t"": 152.525895691, ""f"": ""Silence""}, {""t"": 153.789002267, ""f"": ""End""}]",spectrograms/mel/550_Tom_Waits_Gospel_Train___Orchestral.png,spectrograms/linear/550_Tom_Waits_Gospel_Train___Orchestral.png,spectrograms/matrices/550_Tom_Waits_Gospel_Train___Orchestral.npy
554,Country Pie,Bob Dylan,"[0.0, 0.422653061, 10.236893424, 19.851043083, 29.524376417, 39.157732426, 48.94170068, 58.589591836, 68.191678004, 78.029954648, 86.489795918, 88.95510204, 94.988548752, 97.964920634]","[{""t"": 0.0, ""f"": ""Silence""}, {""t"": 0.422653061, ""f"": ""Intro""}, {""t"": 10.236893424, ""f"": ""Intro""}, {""t"": 19.851043083, ""f"": ""Verse""}, {""t"": 29.524376417, ""f"": ""Verse""}, {""t"": 39.157732426, ""f"": ""Bridge""}, {""t"": 48.94170068, ""f"": ""Verse""}, {""t"": 58.589591836, ""f"": ""Solo""}, {""t"": 68.191678004, ""f"": ""Bridge""}, {""t"": 78.029954648, ""f"": ""Verse""}, {""t"": 86.489795918, ""f"": ""Interlude""}, {""t"": 88.95510204, ""f"": ""Fade-out""}, {""t"": 94.988548752, ""f"": ""Silence""}, {""t"": 97.964920634, ""f"": ""End""}]","[0.0, 0.325079365, 19.735487528, 39.058911564, 48.852108843, 68.139206349, 77.94956916, 94.631814058, 97.989931972]","[{""t"": 0.0, ""f"": ""Silence""}, {""t"": 0.325079365, ""f"": ""Intro""}, {""t"": 19.735487528, ""f"": ""Verse""}, {""t"": 39.058911564, ""f"": ""no_function""}, {""t"": 48.852108843, ""f"": ""Verse""}, {""t"": 68.139206349, ""f"": ""no_function""}, {""t"": 77.94956916, ""f"": ""Verse""}, {""t"": 94.631814058, ""f"": ""Silence""}, {""t"": 97.989931972, ""f"": ""End""}]",spectrograms/mel/554_Bob_Dylan_Country_Pie.png,spectrograms/linear/554_Bob_Dylan_Country_Pie.png,spectrograms/matrices/554_Bob_Dylan_Country_Pie.npy
556,Singing To The Birds,Lisa Germano,"[0.0, 0.464399092, 19.262902494, 25.50063492, 40.013106575, 46.212834467, 58.449750566, 66.638095238, 89.090816326, 95.341473922, 109.644965986, 115.821473922, 123.971678004, 134.14664399, 156.530680272, 162.558526077, 186.962698412, 194.950362811, 207.071179138, 219.159342403, 235.273990929, 251.342199546, 264.252494331, 265.090612244]","[{""t"": 0.0, ""f"": ""Silence""}, {""t"": 0.464399092, ""f"": ""Intro""}, {""t"": 19.262902494, ""f"": ""Verse""}, {""t"": 25.50063492, ""f"": ""no_function""}, {""t"": 40.013106575, ""f"": ""Verse""}, {""t"": 46.212834467, ""f"": ""no_function""}, {""t"": 58.449750566, ""f"": ""Pre-Chorus""}, {""t"": 66.638095238, ""f"": ""Chorus""}, {""t"": 89.090816326, ""f"": ""Verse""}, {""t"": 95.341473922, ""f"": ""no_function""}, {""t"": 109.644965986, ""f"": ""Verse""}, {""t"": 115.821473922, ""f"": ""Pre-Chorus""}, {""t"": 123.971678004, ""f"": ""Chorus""}, {""t"": 134.14664399, ""f"": ""Bridge""}, {""t"": 156.530680272, ""f"": ""Verse""}, {""t"": 162.558526077, ""f"": ""no_function""}, {""t"": 186.962698412, ""f"": ""Pre-Verse""}, {""t"": 194.950362811, ""f"": ""Instrumental""}, {""t"": 207.071179138, ""f"": ""Chorus""}, {""t"": 219.159342403, ""f"": ""Bridge""}, {""t"": 235.273990929, ""f"": ""Bridge""}, {""t"": 251.342199546, ""f"": ""Outro""}, {""t"": 264.252494331, ""f"": ""Silence""}, {""t"": 265.090612244, ""f"": ""End""}]","[0.0, 0.464399092, 10.921292517, 19.48154195, 66.648390022, 80.991201814, 89.16462585, 123.971337868, 156.519637188, 194.983537414, 207.0523356, 243.257346938, 263.59292517, 265.105646258]","[{""t"": 0.0, ""f"": ""Silence""}, {""t"": 0.464399092, ""f"": ""Intro""}, {""t"": 10.921292517, ""f"": ""Pre-Verse""}, {""t"": 19.48154195, ""f"": ""Verse""}, {""t"": 66.648390022, ""f"": ""Chorus""}, {""t"": 80.991201814, ""f"": ""Transition""}, {""t"": 89.16462585, ""f"": ""Verse""}, {""t"": 123.971337868, ""f"": ""Chorus""}, {""t"": 156.519637188, ""f"": ""Verse""}, {""t"": 194.983537414, ""f"": ""Transition""}, {""t"": 207.0523356, ""f"": ""Chorus""}, {""t"": 243.257346938, ""f"": ""Outro""}, {""t"": 263.59292517, ""f"": ""Silence""}, {""t"": 265.105646258, ""f"": ""End""}]",spectrograms/mel/556_Lisa_Germano_Singing_To_The_Birds.png,spectrograms/linear/556_Lisa_Germano_Singing_To_The_Birds.png,spectrograms/matrices/556_Lisa_Germano_Singing_To_The_Birds.npy
560,Take Me Home,Holly Cole,[],[],[],[],spectrograms/mel/560_Holly_Cole_Take_Me_Home.png,spectrograms/linear/560_Holly_Cole_Take_Me_Home.png,spectrograms/matrices/560_Holly_Cole_Take_Me_Home.npy
562,Ruby II,Amy Millan,"[0.0, 0.208979591, 3.645170068, 20.979705215, 23.812199546, 39.999727891, 57.205487528, 59.645578231, 76.317074829, 79.725396825, 97.23770975, 104.856621315, 106.798956916]","[{""t"": 0.0, ""f"": ""Silence""}, {""t"": 0.208979591, ""f"": ""no_function""}, {""t"": 3.645170068, ""f"": ""Chorus""}, {""t"": 20.979705215, ""f"": ""no_function""}, {""t"": 23.812199546, ""f"": ""Verse""}, {""t"": 39.999727891, ""f"": ""Solo""}, {""t"": 57.205487528, ""f"": ""no_function""}, {""t"": 59.645578231, ""f"": ""Verse""}, {""t"": 76.317074829, ""f"": ""no_function""}, {""t"": 79.725396825, ""f"": ""Chorus""}, {""t"": 97.23770975, ""f"": ""Fade-out""}, {""t"": 104.856621315, ""f"": ""Silence""}, {""t"": 106.798956916, ""f"": ""End""}]","[0.0, 0.0, 3.672131519, 20.256439909, 23.678435374, 40.182267573, 56.394489795, 59.818299319, 79.79478458, 97.290929705, 106.79877551, 106.79877551]","[{""t"": 0.0, ""f"": ""Intro""}, {""t"": 0.0, ""f"": ""Silence""}, {""t"": 3.672131519, ""f"": ""Verse""}, {""t"": 20.256439909, ""f"": ""Transition""}, {""t"": 23.678435374, ""f"": ""Verse""}, {""t"": 40.182267573, ""f"": ""Solo""}, {""t"": 56.394489795, ""f"": ""Transition""}, {""t"": 59.818299319, ""f"": ""Verse""}, {""t"": 79.79478458, ""f"": ""Verse""}, {""t"": 97.290929705, ""f"": ""Coda""}, {""t"": 106.79877551, ""f"": ""End""}, {""t"": 106.79877551, ""f"": ""Silence""}]",spectrograms/mel/562_Amy_Millan_Ruby_II.png,spectrograms/linear/562_Amy_Millan_Ruby_II.png,spectrograms/matrices/562_Amy_Millan_Ruby_II.npy
564,Sweet Thing,Mary J. Blige,"[0.0, 0.348299319, 12.417142857, 36.577029478, 53.315623582, 65.492494331, 89.618480725, 106.303786848, 118.389841269, 130.407845804, 154.7123356, 209.168911564, 220.878548752, 226.726689342]","[{""t"": 0.0, ""f"": ""Silence""}, {""t"": 0.348299319, ""f"": ""Intro""}, {""t"": 12.417142857, ""f"": ""Verse""}, {""t"": 36.577029478, ""f"": ""Chorus""}, {""t"": 53.315623582, ""f"": ""Transition""}, {""t"": 65.492494331, ""f"": ""Verse""}, {""t"": 89.618480725, ""f"": ""Chorus""}, {""t"": 106.303786848, ""f"": ""Transition""}, {""t"": 118.389841269, ""f"": ""Transition""}, {""t"": 130.407845804, ""f"": ""Bridge""}, {""t"": 154.7123356, ""f"": ""Coda""}, {""t"": 209.168911564, ""f"": ""Fade-out""}, {""t"": 220.878548752, ""f"": ""Silence""}, {""t"": 226.726689342, ""f"": ""End""}]","[0.0, 0.358299319, 12.48015873, 36.722108843, 53.591655328, 65.382244897, 89.585464852, 106.208072562, 130.552653061, 154.727324263, 203.07755102, 209.139591836, 222.893492063, 226.725510204]","[{""t"": 0.0, ""f"": ""Silence""}, {""t"": 0.358299319, ""f"": ""Intro""}, {""t"": 12.48015873, ""f"": ""Verse""}, {""t"": 36.722108843, ""f"": ""Chorus""}, {""t"": 53.591655328, ""f"": ""Transition""}, {""t"": 65.382244897, ""f"": ""Verse""}, {""t"": 89.585464852, ""f"": ""Chorus""}, {""t"": 106.208072562, ""f"": ""Transition""}, {""t"": 130.552653061, ""f"": ""Verse""}, {""t"": 154.727324263, ""f"": ""Chorus""}, {""t"": 203.07755102, ""f"": ""Outro""}, {""t"": 209.139591836, ""f"": ""Fade-out""}, {""t"": 222.893492063, ""f"": ""Silence""}, {""t"": 226.725510204, ""f"": ""End""}]",spectrograms/mel/564_Mary_J._Blige_Sweet_Thing.png,spectrograms/linear/564_Mary_J._Blige_Sweet_Thing.png,spectrograms/matrices/564_Mary_J._Blige_Sweet_Thing.npy
566,Stop 3,Jamelia,"[0.0, 0.325079365, 15.716802721, 31.063492063, 46.37446712, 67.534331065, 75.284897959, 90.618276643, 105.92462585, 127.12526077, 144.54462585, 152.067482993, 167.449818594, 191.137460317, 202.626031746, 215.570249433, 218.11079365]","[{""t"": 0.0, ""f"": ""Silence""}, {""t"": 0.325079365, ""f"": ""Intro""}, {""t"": 15.716802721, ""f"": ""Verse""}, {""t"": 31.063492063, ""f"": ""Verse""}, {""t"": 46.37446712, ""f"": ""Chorus""}, {""t"": 67.534331065, ""f"": ""Interlude""}, {""t"": 75.284897959, ""f"": ""Verse""}, {""t"": 90.618276643, ""f"": ""Verse""}, {""t"": 105.92462585, ""f"": ""Chorus""}, {""t"": 127.12526077, ""f"": ""Transition""}, {""t"": 144.54462585, ""f"": ""Interlude""}, {""t"": 152.067482993, ""f"": ""no_function""}, {""t"": 167.449818594, ""f"": ""Chorus""}, {""t"": 191.137460317, ""f"": ""Outro""}, {""t"": 202.626031746, ""f"": ""Fade-out""}, {""t"": 215.570249433, ""f"": ""Silence""}, {""t"": 218.11079365, ""f"": ""End""}]","[0.0, 0.363174603, 15.648752834, 46.384081632, 75.223786848, 105.893877551, 127.111360544, 152.044263038, 159.759297052, 167.424036281, 187.284376417, 202.533696145, 215.68877551, 218.108820861]","[{""t"": 0.0, ""f"": ""Silence""}, {""t"": 0.363174603, ""f"": ""Intro""}, {""t"": 15.648752834, ""f"": ""Verse""}, {""t"": 46.384081632, ""f"": ""Chorus""}, {""t"": 75.223786848, ""f"": ""Verse""}, {""t"": 105.893877551, ""f"": ""Chorus""}, {""t"": 127.111360544, ""f"": ""Bridge""}, {""t"": 152.044263038, ""f"": ""Interlude""}, {""t"": 159.759297052, ""f"": ""Transition""}, {""t"": 167.424036281, ""f"": ""Chorus""}, {""t"": 187.284376417, ""f"": ""Outro""}, {""t"": 202.533696145, ""f"": ""Fade-out""}, {""t"": 215.68877551, ""f"": ""Silence""}, {""t"": 218.108820861, ""f"": ""End""}]",spectrograms/mel/566_Jamelia_Stop_3.png,spectrograms/linear/566_Jamelia_Stop_3.png,spectrograms/matrices/566_Jamelia_Stop_3.npy
568,Green Eyes,Erykah Badu,"[0.0, 0.464399092, 3.930068027, 113.344195011, 153.551904761, 193.849501133, 231.830498866, 243.332426303, 299.137800453, 325.212743764, 376.55600907, 492.479682539, 599.349863945, 604.881632653, 605.030907029]","[{""t"": 0.0, ""f"": ""Silence""}, {""t"": 0.464399092, ""f"": ""no_function""}, {""t"": 3.930068027, ""f"": ""Verse""}, {""t"": 113.344195011, ""f"": ""Verse""}, {""t"": 153.551904761, ""f"": ""no_function""}, {""t"": 193.849501133, ""f"": ""Transition""}, {""t"": 231.830498866, ""f"": ""Transition""}, {""t"": 243.332426303, ""f"": ""Verse""}, {""t"": 299.137800453, ""f"": ""Transition""}, {""t"": 325.212743764, ""f"": ""Verse""}, {""t"": 376.55600907, ""f"": ""Verse""}, {""t"": 492.479682539, ""f"": ""Outro""}, {""t"": 599.349863945, ""f"": ""no_function""}, {""t"": 604.881632653, ""f"": ""Silence""}, {""t"": 605.030907029, ""f"": ""End""}]","[0.0, 0.394739229, 10.637006802, 113.413582766, 142.070566893, 153.56430839, 182.561315192, 193.873537414, 232.089365079, 266.206530612, 299.256145124, 325.121519274, 401.948163265, 428.604126984, 490.913696145, 605.056553287]","[{""t"": 0.0, ""f"": ""Silence""}, {""t"": 0.394739229, ""f"": ""no_function""}, {""t"": 10.637006802, ""f"": ""Intro""}, {""t"": 113.413582766, ""f"": ""Verse""}, {""t"": 142.070566893, ""f"": ""Interlude""}, {""t"": 153.56430839, ""f"": ""Verse""}, {""t"": 182.561315192, ""f"": ""Interlude""}, {""t"": 193.873537414, ""f"": ""Solo""}, {""t"": 232.089365079, ""f"": ""Verse""}, {""t"": 266.206530612, ""f"": ""Solo""}, {""t"": 299.256145124, ""f"": ""Transition""}, {""t"": 325.121519274, ""f"": ""no_function""}, {""t"": 401.948163265, ""f"": ""Interlude""}, {""t"": 428.604126984, ""f"": ""no_function""}, {""t"": 490.913696145, ""f"": ""no_function""}, {""t"": 605.056553287, ""f"": ""End""}]",spectrograms/mel/568_Erykah_Badu_Green_Eyes.png,spectrograms/linear/568_Erykah_Badu_Green_Eyes.png,spectrograms/matrices/568_Erykah_Badu_Green_Eyes.npy
574,What Do U Want,Cassie,"[0.0, 1.259682539, 17.308480725, 33.284716553, 49.272743764, 65.26786848, 81.284104308, 97.283922902, 113.300045351, 129.300340136, 145.343265306, 161.369070294, 177.380294784, 194.025941043, 194.069546485]","[{""t"": 0.0, ""f"": ""Silence""}, {""t"": 1.259682539, ""f"": ""Intro""}, {""t"": 17.308480725, ""f"": ""Verse""}, {""t"": 33.284716553, ""f"": ""Verse""}, {""t"": 49.272743764, ""f"": ""Chorus""}, {""t"": 65.26786848, ""f"": ""Verse""}, {""t"": 81.284104308, ""f"": ""Verse""}, {""t"": 97.283922902, ""f"": ""Chorus""}, {""t"": 113.300045351, ""f"": ""Chorus""}, {""t"": 129.300340136, ""f"": ""Bridge""}, {""t"": 145.343265306, ""f"": ""Chorus""}, {""t"": 161.369070294, ""f"": ""Chorus""}, {""t"": 177.380294784, ""f"": ""Outro""}, {""t"": 194.025941043, ""f"": ""Silence""}, {""t"": 194.069546485, ""f"": ""End""}]","[0.0, 1.207437641, 17.249841269, 49.269229024, 65.381133786, 97.284693877, 113.300725623, 129.348662131, 145.34893424, 161.34600907, 177.356757369, 194.069954648, 194.069954648]","[{""t"": 0.0, ""f"": ""Silence""}, {""t"": 1.207437641, ""f"": ""Intro""}, {""t"": 17.249841269, ""f"": ""Verse""}, {""t"": 49.269229024, ""f"": ""Chorus""}, {""t"": 65.381133786, ""f"": ""Verse""}, {""t"": 97.284693877, ""f"": ""Chorus""}, {""t"": 113.300725623, ""f"": ""Bridge""}, {""t"": 129.348662131, ""f"": ""Bridge""}, {""t"": 145.34893424, ""f"": ""Bridge""}, {""t"": 161.34600907, ""f"": ""Chorus""}, {""t"": 177.356757369, ""f"": ""Chorus""}, {""t"": 194.069954648, ""f"": ""End""}, {""t"": 194.069954648, ""f"": ""Silence""}]",spectrograms/mel/574_Cassie_What_Do_U_Want.png,spectrograms/linear/574_Cassie_What_Do_U_Want.png,spectrograms/matrices/574_Cassie_What_Do_U_Want.npy
576,Attention   featuring Raphael Saadiq,Kelis,"[0.0, 0.267029478, 21.497664399, 41.309886621, 61.058843537, 80.947414965, 100.718639455, 120.593469387, 140.384852607, 160.201043083, 179.969523809, 179.969523809, 200.061065759, 204.419115646]","[{""t"": 0.0, ""f"": ""Silence""}, {""t"": 0.267029478, ""f"": ""Intro""}, {""t"": 21.497664399, ""f"": ""Verse""}, {""t"": 41.309886621, ""f"": ""Verse""}, {""t"": 61.058843537, ""f"": ""Verse""}, {""t"": 80.947414965, ""f"": ""Verse""}, {""t"": 100.718639455, ""f"": ""Bridge""}, {""t"": 120.593469387, ""f"": ""Verse""}, {""t"": 140.384852607, ""f"": ""Verse""}, {""t"": 160.201043083, ""f"": ""Verse""}, {""t"": 179.969523809, ""f"": ""Fade-out""}, {""t"": 179.969523809, ""f"": ""Verse""}, {""t"": 200.061065759, ""f"": ""Silence""}, {""t"": 204.419115646, ""f"": ""End""}]","[0.0, 1.610907029, 21.475147392, 41.218639455, 61.106598639, 80.946621315, 100.706916099, 120.525283446, 140.314671201, 160.227120181, 179.907097505, 200.456077097, 204.425079365]","[{""t"": 0.0, ""f"": ""Silence""}, {""t"": 1.610907029, ""f"": ""Intro""}, {""t"": 21.475147392, ""f"": ""Verse""}, {""t"": 41.218639455, ""f"": ""Chorus""}, {""t"": 61.106598639, ""f"": ""Verse""}, {""t"": 80.946621315, ""f"": ""Chorus""}, {""t"": 100.706916099, ""f"": ""Verse""}, {""t"": 120.525283446, ""f"": ""Chorus""}, {""t"": 140.314671201, ""f"": ""Verse""}, {""t"": 160.227120181, ""f"": ""Chorus""}, {""t"": 179.907097505, ""f"": ""Fade-out""}, {""t"": 200.456077097, ""f"": ""Silence""}, {""t"": 204.425079365, ""f"": ""End""}]",spectrograms/mel/576_Kelis_Attention___featuring_Raphael_Saadiq.png,spectrograms/linear/576_Kelis_Attention___featuring_Raphael_Saadiq.png,spectrograms/matrices/576_Kelis_Attention___featuring_Raphael_Saadiq.npy
578,Where Do We Go from Here,Jamiroquai,"[0.0, 0.481632653, 8.0, 22.987755102, 38.02079365, 52.923287981, 67.964807256, 87.609523809, 102.67755102, 117.637845804, 132.676961451, 147.590929705, 213.233174603, 230.086712018, 265.680226757, 280.696258503, 295.694988662, 310.67185941, 313.6]","[{""t"": 0.0, ""f"": ""Silence""}, {""t"": 0.481632653, ""f"": ""Intro""}, {""t"": 8.0, ""f"": ""Intro""}, {""t"": 22.987755102, ""f"": ""Pre-Verse""}, {""t"": 38.02079365, ""f"": ""Verse""}, {""t"": 52.923287981, ""f"": ""Verse""}, {""t"": 67.964807256, ""f"": ""Chorus""}, {""t"": 87.609523809, ""f"": ""Pre-Verse""}, {""t"": 102.67755102, ""f"": ""Verse""}, {""t"": 117.637845804, ""f"": ""no_function""}, {""t"": 132.676961451, ""f"": ""Pre-Chorus""}, {""t"": 147.590929705, ""f"": ""Chorus""}, {""t"": 213.233174603, ""f"": ""Interlude""}, {""t"": 230.086712018, ""f"": ""Chorus""}, {""t"": 265.680226757, ""f"": ""Outro""}, {""t"": 280.696258503, ""f"": ""Outro""}, {""t"": 295.694988662, ""f"": ""Fade-out""}, {""t"": 310.67185941, ""f"": ""Silence""}, {""t"": 313.6, ""f"": ""End""}]","[0.0, 0.507936507, 7.94585034, 72.015396825, 87.795691609, 102.701179138, 147.597913832, 167.422743764, 209.948390022, 230.072970521, 265.738435374, 295.780272108, 313.599977324]","[{""t"": 0.0, ""f"": ""Silence""}, {""t"": 0.507936507, ""f"": ""Intro""}, {""t"": 7.94585034, ""f"": ""Verse""}, {""t"": 72.015396825, ""f"": ""no_function""}, {""t"": 87.795691609, ""f"": ""post-chorus""}, {""t"": 102.701179138, ""f"": ""Verse""}, {""t"": 147.597913832, ""f"": ""Chorus""}, {""t"": 167.422743764, ""f"": ""post-chorus""}, {""t"": 209.948390022, ""f"": ""no_function""}, {""t"": 230.072970521, ""f"": ""Chorus""}, {""t"": 265.738435374, ""f"": ""Outro""}, {""t"": 295.780272108, ""f"": ""Fade-out""}, {""t"": 313.599977324, ""f"": ""End""}]",spectrograms/mel/578_Jamiroquai_Where_Do_We_Go_from_Here.png,spectrograms/linear/578_Jamiroquai_Where_Do_We_Go_from_Here.png,spectrograms/matrices/578_Jamiroquai_Where_Do_We_Go_from_Here.npy
580,Smokin      Drinkin,James Brown,"[0.0, 0.371519274, 17.890408163, 52.670997732, 70.475555555, 88.014875283, 123.141564625, 140.924829931, 158.080907029, 201.645668934, 262.851564625, 275.271768707]","[{""t"": 0.0, ""f"": ""Silence""}, {""t"": 0.371519274, ""f"": ""Intro""}, {""t"": 17.890408163, ""f"": ""Verse""}, {""t"": 52.670997732, ""f"": ""Chorus""}, {""t"": 70.475555555, ""f"": ""Interlude""}, {""t"": 88.014875283, ""f"": ""Verse""}, {""t"": 123.141564625, ""f"": ""Chorus""}, {""t"": 140.924829931, ""f"": ""Interlude""}, {""t"": 158.080907029, ""f"": ""Verse""}, {""t"": 201.645668934, ""f"": ""no_function""}, {""t"": 262.851564625, ""f"": ""Fade-out""}, {""t"": 275.271768707, ""f"": ""End""}]","[0.0, 0.422312925, 17.946077097, 35.226099773, 52.746394557, 70.569909297, 88.018321995, 105.527800453, 123.1861678, 140.975147392, 158.199387755, 267.159795918, 267.159795918, 273.239909297, 275.262290249]","[{""t"": 0.0, ""f"": ""Silence""}, {""t"": 0.422312925, ""f"": ""Intro""}, {""t"": 17.946077097, ""f"": ""Verse""}, {""t"": 35.226099773, ""f"": ""Verse""}, {""t"": 52.746394557, ""f"": ""Chorus""}, {""t"": 70.569909297, ""f"": ""Instrumental""}, {""t"": 88.018321995, ""f"": ""Verse""}, {""t"": 105.527800453, ""f"": ""Verse""}, {""t"": 123.1861678, ""f"": ""Chorus""}, {""t"": 140.975147392, ""f"": ""Instrumental""}, {""t"": 158.199387755, ""f"": ""Instrumental""}, {""t"": 267.159795918, ""f"": ""Fade-out""}, {""t"": 267.159795918, ""f"": ""Outro""}, {""t"": 273.239909297, ""f"": ""Silence""}, {""t"": 275.262290249, ""f"": ""End""}]",spectrograms/mel/580_James_Brown_Smokin______Drinkin.png,spectrograms/linear/580_James_Brown_Smokin______Drinkin.png,spectrograms/matrices/580_James_Brown_Smokin______Drinkin.npy
582,Cabbage Roll,Liquid Soul,"[0.0, 0.394716553, 56.50755102, 88.489795918, 104.51154195, 120.579750566, 152.564512471, 168.609501133, 184.631269841, 200.620408163, 248.708911564, 276.71217687, 284.374761904, 286.981224489]","[{""t"": 0.0, ""f"": ""Silence""}, {""t"": 0.394716553, ""f"": ""Intro""}, {""t"": 56.50755102, ""f"": ""Main_Theme""}, {""t"": 88.489795918, ""f"": ""Verse""}, {""t"": 104.51154195, ""f"": ""Main_Theme""}, {""t"": 120.579750566, ""f"": ""Solo""}, {""t"": 152.564512471, ""f"": ""Main_Theme""}, {""t"": 168.609501133, ""f"": ""Interlude""}, {""t"": 184.631269841, ""f"": ""Pre-Verse""}, {""t"": 200.620408163, ""f"": ""Verse""}, {""t"": 248.708911564, ""f"": ""Main_Theme""}, {""t"": 276.71217687, ""f"": ""Outro""}, {""t"": 284.374761904, ""f"": ""Silence""}, {""t"": 286.981224489, ""f"": ""End""}]","[0.0, 0.348299319, 16.395918367, 56.401587301, 88.548956916, 104.499727891, 120.522108843, 152.670975056, 168.589433106, 184.594444444, 200.64494331, 248.635759637, 283.758571428, 287.015759637]","[{""t"": 0.0, ""f"": ""Silence""}, {""t"": 0.348299319, ""f"": ""Intro""}, {""t"": 16.395918367, ""f"": ""Intro""}, {""t"": 56.401587301, ""f"": ""Chorus""}, {""t"": 88.548956916, ""f"": ""Verse""}, {""t"": 104.499727891, ""f"": ""Chorus""}, {""t"": 120.522108843, ""f"": ""Solo""}, {""t"": 152.670975056, ""f"": ""Chorus""}, {""t"": 168.589433106, ""f"": ""Bridge""}, {""t"": 184.594444444, ""f"": ""Transition""}, {""t"": 200.64494331, ""f"": ""Verse""}, {""t"": 248.635759637, ""f"": ""Chorus""}, {""t"": 283.758571428, ""f"": ""Silence""}, {""t"": 287.015759637, ""f"": ""End""}]",spectrograms/mel/582_Liquid_Soul_Cabbage_Roll.png,spectrograms/linear/582_Liquid_Soul_Cabbage_Roll.png,spectrograms/matrices/582_Liquid_Soul_Cabbage_Roll.npy
584,Over The Rainbow,Maceo Parker,"[0.0, 0.487619047, 38.182403628, 79.469229024, 117.901723356, 153.020362811, 189.74446712, 251.75585034, 256.00494331]","[{""t"": 0.0, ""f"": ""Silence""}, {""t"": 0.487619047, ""f"": ""Intro""}, {""t"": 38.182403628, ""f"": ""Verse""}, {""t"": 79.469229024, ""f"": ""Verse""}, {""t"": 117.901723356, ""f"": ""Bridge""}, {""t"": 153.020362811, ""f"": ""Verse""}, {""t"": 189.74446712, ""f"": ""Coda""}, {""t"": 251.75585034, ""f"": ""Silence""}, {""t"": 256.00494331, ""f"": ""End""}]","[0.0, 1.021678004, 38.127165532, 78.89095238, 118.314353741, 152.886213151, 224.258321995, 252.517006802, 256.022426303]","[{""t"": 0.0, ""f"": ""Silence""}, {""t"": 1.021678004, ""f"": ""Verse""}, {""t"": 38.127165532, ""f"": ""Chorus""}, {""t"": 78.89095238, ""f"": ""Chorus""}, {""t"": 118.314353741, ""f"": ""Verse""}, {""t"": 152.886213151, ""f"": ""Chorus""}, {""t"": 224.258321995, ""f"": ""Outro""}, {""t"": 252.517006802, ""f"": ""Silence""}, {""t"": 256.022426303, ""f"": ""End""}]",spectrograms/mel/584_Maceo_Parker_Over_The_Rainbow.png,spectrograms/linear/584_Maceo_Parker_Over_The_Rainbow.png,spectrograms/matrices/584_Maceo_Parker_Over_The_Rainbow.npy
586,Chatterbox,Albert Collins,"[0.0, 0.12770975, 4.603968253, 46.257369614, 87.280362811, 127.626054421, 140.717823129, 140.846054421]","[{""t"": 0.0, ""f"": ""Silence""}, {""t"": 0.12770975, ""f"": ""Intro""}, {""t"": 4.603968253, ""f"": ""Solo""}, {""t"": 46.257369614, ""f"": ""Solo""}, {""t"": 87.280362811, ""f"": ""Solo""}, {""t"": 127.626054421, ""f"": ""Fade-out""}, {""t"": 140.717823129, ""f"": ""Silence""}, {""t"": 140.846054421, ""f"": ""End""}]","[0.0, 0.220589569, 4.593764172, 42.009501133, 46.241723356, 66.719727891, 74.849614512, 83.015351473, 87.287664399, 131.663990929, 131.663990929, 140.833129251, 140.833129251]","[{""t"": 0.0, ""f"": ""Silence""}, {""t"": 0.220589569, ""f"": ""Intro""}, {""t"": 4.593764172, ""f"": ""no_function""}, {""t"": 42.009501133, ""f"": ""Head""}, {""t"": 46.241723356, ""f"": ""no_function""}, {""t"": 66.719727891, ""f"": ""Bridge""}, {""t"": 74.849614512, ""f"": ""no_function""}, {""t"": 83.015351473, ""f"": ""Head""}, {""t"": 87.287664399, ""f"": ""no_function""}, {""t"": 131.663990929, ""f"": ""Fade-out""}, {""t"": 131.663990929, ""f"": ""Outro""}, {""t"": 140.833129251, ""f"": ""End""}, {""t"": 140.833129251, ""f"": ""Silence""}]",spectrograms/mel/586_Albert_Collins_Chatterbox.png,spectrograms/linear/586_Albert_Collins_Chatterbox.png,spectrograms/matrices/586_Albert_Collins_Chatterbox.npy
588,26th Moon,Pocketdwellers,"[0.0, 0.463673469, 19.878480725, 77.928843537, 87.65217687, 145.626961451, 202.724353741, 212.310362811, 270.348231292, 299.41462585, 311.635011337, 313.905147392]","[{""t"": 0.0, ""f"": ""Silence""}, {""t"": 0.463673469, ""f"": ""Intro""}, {""t"": 19.878480725, ""f"": ""Chorus""}, {""t"": 77.928843537, ""f"": ""Transition""}, {""t"": 87.65217687, ""f"": ""Verse""}, {""t"": 145.626961451, ""f"": ""Solo""}, {""t"": 202.724353741, ""f"": ""Transition""}, {""t"": 212.310362811, ""f"": ""Verse""}, {""t"": 270.348231292, ""f"": ""Outro""}, {""t"": 299.41462585, ""f"": ""Outro""}, {""t"": 311.635011337, ""f"": ""Silence""}, {""t"": 313.905147392, ""f"": ""End""}]","[0.0, 0.441179138, 19.884104308, 87.655328798, 145.66770975, 212.401496598, 299.496938775, 311.611791383, 313.897619047]","[{""t"": 0.0, ""f"": ""Silence""}, {""t"": 0.441179138, ""f"": ""Intro""}, {""t"": 19.884104308, ""f"": ""Pre-Verse""}, {""t"": 87.655328798, ""f"": ""Verse""}, {""t"": 145.66770975, ""f"": ""Solo""}, {""t"": 212.401496598, ""f"": ""Verse""}, {""t"": 299.496938775, ""f"": ""Outro""}, {""t"": 311.611791383, ""f"": ""Silence""}, {""t"": 313.897619047, ""f"": ""End""}]",spectrograms/mel/588_Pocketdwellers_26th_Moon.png,spectrograms/linear/588_Pocketdwellers_26th_Moon.png,spectrograms/matrices/588_Pocketdwellers_26th_Moon.npy
590,Didn  t It Rain,Mahalia Jackson,"[0.0, 0.65015873, 5.854353741, 19.544761904, 33.440907029, 50.01723356, 85.273106575, 98.768979591, 104.20909297, 136.63340136, 147.192993197, 157.593673469, 160.86462585]","[{""t"": 0.0, ""f"": ""Silence""}, {""t"": 0.65015873, ""f"": ""Intro""}, {""t"": 5.854353741, ""f"": ""Chorus""}, {""t"": 19.544761904, ""f"": ""Chorus""}, {""t"": 33.440907029, ""f"": ""Verse""}, {""t"": 50.01723356, ""f"": ""Interlude""}, {""t"": 85.273106575, ""f"": ""Chorus""}, {""t"": 98.768979591, ""f"": ""Verse""}, {""t"": 104.20909297, ""f"": ""Interlude""}, {""t"": 136.63340136, ""f"": ""Chorus""}, {""t"": 147.192993197, ""f"": ""Outro""}, {""t"": 157.593673469, ""f"": ""Silence""}, {""t"": 160.86462585, ""f"": ""End""}]","[0.0, 0.620408163, 5.919387755, 19.647029478, 33.424988662, 50.080544217, 85.143197278, 98.751746031, 104.247165532, 136.553129251, 147.268707482, 160.871111111, 160.871111111]","[{""t"": 0.0, ""f"": ""Silence""}, {""t"": 0.620408163, ""f"": ""Intro""}, {""t"": 5.919387755, ""f"": ""Chorus""}, {""t"": 19.647029478, ""f"": ""Chorus""}, {""t"": 33.424988662, ""f"": ""Verse""}, {""t"": 50.080544217, ""f"": ""no_function""}, {""t"": 85.143197278, ""f"": ""Chorus""}, {""t"": 98.751746031, ""f"": ""Verse""}, {""t"": 104.247165532, ""f"": ""no_function""}, {""t"": 136.553129251, ""f"": ""Chorus""}, {""t"": 147.268707482, ""f"": ""Coda""}, {""t"": 160.871111111, ""f"": ""End""}, {""t"": 160.871111111, ""f"": ""Silence""}]",spectrograms/mel/590_Mahalia_Jackson_Didn__t_It_Rain.png,spectrograms/linear/590_Mahalia_Jackson_Didn__t_It_Rain.png,spectrograms/matrices/590_Mahalia_Jackson_Didn__t_It_Rain.npy
592,Rock My Soul,Golden Gate Jubilee Quartet,"[0.0, 0.058049886, 15.632063492, 42.391292517, 59.631587301, 86.501133786, 103.672811791, 118.982789115, 122.812290249]","[{""t"": 0.0, ""f"": ""Silence""}, {""t"": 0.058049886, ""f"": ""Intro""}, {""t"": 15.632063492, ""f"": ""Verse""}, {""t"": 42.391292517, ""f"": ""Interlude""}, {""t"": 59.631587301, ""f"": ""Verse""}, {""t"": 86.501133786, ""f"": ""Interlude""}, {""t"": 103.672811791, ""f"": ""Outro""}, {""t"": 118.982789115, ""f"": ""Silence""}, {""t"": 122.812290249, ""f"": ""End""}]","[0.0, 0.0, 14.107006802, 28.029024943, 40.848185941, 54.59292517, 71.967800453, 85.542312925, 98.67526077, 119.152108843, 122.82063492]","[{""t"": 0.0, ""f"": ""Chorus""}, {""t"": 0.0, ""f"": ""silence""}, {""t"": 14.107006802, ""f"": ""Chorus""}, {""t"": 28.029024943, ""f"": ""Verse""}, {""t"": 40.848185941, ""f"": ""Pre-Chorus""}, {""t"": 54.59292517, ""f"": ""Chorus""}, {""t"": 71.967800453, ""f"": ""Verse""}, {""t"": 85.542312925, ""f"": ""Pre-Chorus""}, {""t"": 98.67526077, ""f"": ""Chorus""}, {""t"": 119.152108843, ""f"": ""Silence""}, {""t"": 122.82063492, ""f"": ""End""}]",spectrograms/mel/592_Golden_Gate_Jubilee_Quartet_Rock_My_Soul.png,spectrograms/linear/592_Golden_Gate_Jubilee_Quartet_Rock_My_Soul.png,spectrograms/matrices/592_Golden_Gate_Jubilee_Quartet_Rock_My_Soul.npy
594,Since The Last Time,Lyle Lovett,"[0.0, 0.371519274, 23.489863945, 147.423492063, 171.866349206, 183.993968253, 196.361111111, 208.20079365, 220.352902494, 232.328458049, 254.135623582, 266.072312925, 278.6, 302.370249433, 302.370249433, 315.045238095, 327.589160997, 341.349523809, 424.687369614, 431.960816326]","[{""t"": 0.0, ""f"": ""Silence""}, {""t"": 0.371519274, ""f"": ""Intro""}, {""t"": 23.489863945, ""f"": ""Verse""}, {""t"": 147.423492063, ""f"": ""Verse""}, {""t"": 171.866349206, ""f"": ""Bridge""}, {""t"": 183.993968253, ""f"": ""Verse""}, {""t"": 196.361111111, ""f"": ""Chorus""}, {""t"": 208.20079365, ""f"": ""Verse""}, {""t"": 220.352902494, ""f"": ""Chorus""}, {""t"": 232.328458049, ""f"": ""Verse""}, {""t"": 254.135623582, ""f"": ""Chorus""}, {""t"": 266.072312925, ""f"": ""Verse""}, {""t"": 278.6, ""f"": ""Chorus""}, {""t"": 302.370249433, ""f"": ""Instrumental""}, {""t"": 302.370249433, ""f"": ""Interlude""}, {""t"": 315.045238095, ""f"": ""Interlude""}, {""t"": 327.589160997, ""f"": ""Chorus""}, {""t"": 341.349523809, ""f"": ""Outro""}, {""t"": 424.687369614, ""f"": ""Silence""}, {""t"": 431.960816326, ""f"": ""End""}]","[0.0, 0.312063492, 23.621927437, 51.014240362, 77.484988662, 99.079546485, 118.979047619, 147.144852607, 171.8530839, 183.930272108, 196.108866213, 208.112811791, 220.258707482, 232.32446712, 257.010770975, 266.093854875, 281.469433106, 302.513582766, 327.444126984, 339.421088435, 341.309229024, 368.64, 386.834126984, 425.366961451, 431.976281179]","[{""t"": 0.0, ""f"": ""Silence""}, {""t"": 0.312063492, ""f"": ""Intro""}, {""t"": 23.621927437, ""f"": ""Verse""}, {""t"": 51.014240362, ""f"": ""Verse""}, {""t"": 77.484988662, ""f"": ""Verse""}, {""t"": 99.079546485, ""f"": ""Verse""}, {""t"": 118.979047619, ""f"": ""Verse""}, {""t"": 147.144852607, ""f"": ""Verse""}, {""t"": 171.8530839, ""f"": ""Interlude""}, {""t"": 183.930272108, ""f"": ""Verse""}, {""t"": 196.108866213, ""f"": ""Chorus""}, {""t"": 208.112811791, ""f"": ""Verse""}, {""t"": 220.258707482, ""f"": ""Chorus""}, {""t"": 232.32446712, ""f"": ""Verse""}, {""t"": 257.010770975, ""f"": ""Chorus""}, {""t"": 266.093854875, ""f"": ""Verse""}, {""t"": 281.469433106, ""f"": ""Chorus""}, {""t"": 302.513582766, ""f"": ""Interlude""}, {""t"": 327.444126984, ""f"": ""Chorus""}, {""t"": 339.421088435, ""f"": ""break""}, {""t"": 341.309229024, ""f"": ""Verse""}, {""t"": 368.64, ""f"": ""Verse""}, {""t"": 386.834126984, ""f"": ""Verse""}, {""t"": 425.366961451, ""f"": ""Silence""}, {""t"": 431.976281179, ""f"": ""End""}]",spectrograms/mel/594_Lyle_Lovett_Since_The_Last_Time.png,spectrograms/linear/594_Lyle_Lovett_Since_The_Last_Time.png,spectrograms/matrices/594_Lyle_Lovett_Since_The_Last_Time.npy
596,To Me It  s So Wonderful,Mahalia Jackson,"[0.0, 0.506122448, 13.034580498, 37.597052154, 62.292743764, 87.239047619, 111.950090702, 136.806145124, 175.051383219, 179.443764172]","[{""t"": 0.0, ""f"": ""Silence""}, {""t"": 0.506122448, ""f"": ""Intro""}, {""t"": 13.034580498, ""f"": ""Chorus""}, {""t"": 37.597052154, ""f"": ""Chorus""}, {""t"": 62.292743764, ""f"": ""Chorus""}, {""t"": 87.239047619, ""f"": ""Chorus""}, {""t"": 111.950090702, ""f"": ""Chorus""}, {""t"": 136.806145124, ""f"": ""Chorus""}, {""t"": 175.051383219, ""f"": ""Silence""}, {""t"": 179.443764172, ""f"": ""End""}]","[0.0, 0.203174603, 13.028004535, 37.546349206, 62.343106575, 87.146734693, 111.936031746, 136.705600907, 179.452879818]","[{""t"": 0.0, ""f"": ""Silence""}, {""t"": 0.203174603, ""f"": ""Intro""}, {""t"": 13.028004535, ""f"": ""Chorus""}, {""t"": 37.546349206, ""f"": ""Chorus""}, {""t"": 62.343106575, ""f"": ""Chorus""}, {""t"": 87.146734693, ""f"": ""Verse""}, {""t"": 111.936031746, ""f"": ""Chorus""}, {""t"": 136.705600907, ""f"": ""Chorus""}, {""t"": 179.452879818, ""f"": ""End""}]",spectrograms/mel/596_Mahalia_Jackson_To_Me_It__s_So_Wonderful.png,spectrograms/linear/596_Mahalia_Jackson_To_Me_It__s_So_Wonderful.png,spectrograms/matrices/596_Mahalia_Jackson_To_Me_It__s_So_Wonderful.npy
602,I Said I Wasn  t Gonna Tell Nobody,Montreal Jubilation Gospel Choir,"[0.0, 0.255419501, 2.712108843, 12.213696145, 31.838117913, 51.554240362, 71.446122448, 91.190249433, 111.030181405, 130.742789115, 150.564535147, 170.286598639, 181.671882086, 185.502743764]","[{""t"": 0.0, ""f"": ""Silence""}, {""t"": 0.255419501, ""f"": ""Intro""}, {""t"": 2.712108843, ""f"": ""Intro""}, {""t"": 12.213696145, ""f"": ""Verse""}, {""t"": 31.838117913, ""f"": ""Verse""}, {""t"": 51.554240362, ""f"": ""Chorus""}, {""t"": 71.446122448, ""f"": ""Verse""}, {""t"": 91.190249433, ""f"": ""Verse""}, {""t"": 111.030181405, ""f"": ""Chorus""}, {""t"": 130.742789115, ""f"": ""Chorus""}, {""t"": 150.564535147, ""f"": ""Chorus""}, {""t"": 170.286598639, ""f"": ""Fade-out""}, {""t"": 181.671882086, ""f"": ""Silence""}, {""t"": 185.502743764, ""f"": ""End""}]","[0.0, 0.0, 12.339342403, 31.811043083, 51.602698412, 71.404671201, 91.210680272, 110.987777777, 130.771224489, 150.626712018, 170.346666666, 170.346666666, 184.099659863, 185.503605442]","[{""t"": 0.0, ""f"": ""Intro""}, {""t"": 0.0, ""f"": ""Silence""}, {""t"": 12.339342403, ""f"": ""Verse""}, {""t"": 31.811043083, ""f"": ""Verse""}, {""t"": 51.602698412, ""f"": ""Chorus""}, {""t"": 71.404671201, ""f"": ""Verse""}, {""t"": 91.210680272, ""f"": ""Verse""}, {""t"": 110.987777777, ""f"": ""Chorus""}, {""t"": 130.771224489, ""f"": ""Chorus""}, {""t"": 150.626712018, ""f"": ""Chorus""}, {""t"": 170.346666666, ""f"": ""Chorus""}, {""t"": 170.346666666, ""f"": ""Fade-out""}, {""t"": 184.099659863, ""f"": ""Silence""}, {""t"": 185.503605442, ""f"": ""End""}]",spectrograms/mel/602_Montreal_Jubilation_Gospel_Choir_I_Said_I_Wasn__t_Gonna_Tell_Nobody.png,spectrograms/linear/602_Montreal_Jubilation_Gospel_Choir_I_Said_I_Wasn__t_Gonna_Tell_Nobody.png,spectrograms/matrices/602_Montreal_Jubilation_Gospel_Choir_I_Said_I_Wasn__t_Gonna_Tell_Nobody.npy
604,Til   I Kissed You,The Everly Brothers,"[0.0, 0.451020408, 7.540680272, 38.245034013, 69.162539682, 100.619138321, 121.944149659, 141.331904761, 148.304875283]","[{""t"": 0.0, ""f"": ""Silence""}, {""t"": 0.451020408, ""f"": ""Intro""}, {""t"": 7.540680272, ""f"": ""Verse""}, {""t"": 38.245034013, ""f"": ""Verse""}, {""t"": 69.162539682, ""f"": ""Verse""}, {""t"": 100.619138321, ""f"": ""Verse""}, {""t"": 121.944149659, ""f"": ""Fade-out""}, {""t"": 141.331904761, ""f"": ""Silence""}, {""t"": 148.304875283, ""f"": ""End""}]","[0.0, 0.441179138, 7.48877551, 21.034829931, 38.170589569, 51.882743764, 69.004058956, 83.483832199, 100.410136054, 115.041768707, 135.355147392, 143.219160997, 148.314920634]","[{""t"": 0.0, ""f"": ""Silence""}, {""t"": 0.441179138, ""f"": ""Intro""}, {""t"": 7.48877551, ""f"": ""Verse""}, {""t"": 21.034829931, ""f"": ""Verse""}, {""t"": 38.170589569, ""f"": ""Verse""}, {""t"": 51.882743764, ""f"": ""Verse""}, {""t"": 69.004058956, ""f"": ""Chorus""}, {""t"": 83.483832199, ""f"": ""Verse""}, {""t"": 100.410136054, ""f"": ""Chorus""}, {""t"": 115.041768707, ""f"": ""Verse""}, {""t"": 135.355147392, ""f"": ""Fade-out""}, {""t"": 143.219160997, ""f"": ""Silence""}, {""t"": 148.314920634, ""f"": ""End""}]",spectrograms/mel/604_The_Everly_Brothers_Til___I_Kissed_You.png,spectrograms/linear/604_The_Everly_Brothers_Til___I_Kissed_You.png,spectrograms/matrices/604_The_Everly_Brothers_Til___I_Kissed_You.npy
606,Runaround Sue,Dion,"[0.0, 0.394739229, 23.33877551, 35.452108843, 47.475374149, 59.571315192, 71.662834467, 83.759591836, 95.84941043, 107.990975056, 120.05462585, 132.126916099, 144.234988662, 150.226916099, 160.002698412, 162.172993197]","[{""t"": 0.0, ""f"": ""Silence""}, {""t"": 0.394739229, ""f"": ""Intro""}, {""t"": 23.33877551, ""f"": ""Chorus""}, {""t"": 35.452108843, ""f"": ""Chorus""}, {""t"": 47.475374149, ""f"": ""Verse""}, {""t"": 59.571315192, ""f"": ""Verse""}, {""t"": 71.662834467, ""f"": ""Chorus""}, {""t"": 83.759591836, ""f"": ""Bridge""}, {""t"": 95.84941043, ""f"": ""Verse""}, {""t"": 107.990975056, ""f"": ""Verse""}, {""t"": 120.05462585, ""f"": ""Bridge""}, {""t"": 132.126916099, ""f"": ""Verse""}, {""t"": 144.234988662, ""f"": ""Solo""}, {""t"": 150.226916099, ""f"": ""Fade-out""}, {""t"": 160.002698412, ""f"": ""Silence""}, {""t"": 162.172993197, ""f"": ""End""}]","[0.0, 0.395283446, 23.329546485, 47.426530612, 71.635963718, 83.699954648, 95.838390022, 107.910680272, 119.952312925, 132.055532879, 144.141519274, 144.141519274, 159.339002267, 162.178390022]","[{""t"": 0.0, ""f"": ""Silence""}, {""t"": 0.395283446, ""f"": ""Intro""}, {""t"": 23.329546485, ""f"": ""Intro""}, {""t"": 47.426530612, ""f"": ""Verse""}, {""t"": 71.635963718, ""f"": ""Chorus""}, {""t"": 83.699954648, ""f"": ""Bridge""}, {""t"": 95.838390022, ""f"": ""Verse""}, {""t"": 107.910680272, ""f"": ""Interlude""}, {""t"": 119.952312925, ""f"": ""Bridge""}, {""t"": 132.055532879, ""f"": ""Verse""}, {""t"": 144.141519274, ""f"": ""Fade-out""}, {""t"": 144.141519274, ""f"": ""Outro""}, {""t"": 159.339002267, ""f"": ""Silence""}, {""t"": 162.178390022, ""f"": ""End""}]",spectrograms/mel/606_Dion_Runaround_Sue.png,spectrograms/linear/606_Dion_Runaround_Sue.png,spectrograms/matrices/606_Dion_Runaround_Sue.npy
608,Woo Hoo,The 5.6.7.8.'s,"[0.0, 0.278639455, 20.430657596, 31.567505668, 54.08170068, 65.455396825, 89.237913832, 112.861088435, 119.491405895]","[{""t"": 0.0, ""f"": ""Silence""}, {""t"": 0.278639455, ""f"": ""Intro""}, {""t"": 20.430657596, ""f"": ""Chorus""}, {""t"": 31.567505668, ""f"": ""Solo""}, {""t"": 54.08170068, ""f"": ""Chorus""}, {""t"": 65.455396825, ""f"": ""Solo""}, {""t"": 89.237913832, ""f"": ""Chorus""}, {""t"": 112.861088435, ""f"": ""no_function""}, {""t"": 119.491405895, ""f"": ""End""}]","[0.0, 0.36095238, 20.515714285, 31.666122448, 31.666122448, 42.78478458, 42.78478458, 54.140136054, 65.532517006, 65.532517006, 77.471882086, 77.471882086, 89.419727891, 100.700544217, 112.844965986, 118.36371882, 119.433877551]","[{""t"": 0.0, ""f"": ""Silence""}, {""t"": 0.36095238, ""f"": ""Intro""}, {""t"": 20.515714285, ""f"": ""Chorus""}, {""t"": 31.666122448, ""f"": ""Instrumental""}, {""t"": 31.666122448, ""f"": ""Solo""}, {""t"": 42.78478458, ""f"": ""Instrumental""}, {""t"": 42.78478458, ""f"": ""Solo""}, {""t"": 54.140136054, ""f"": ""Chorus""}, {""t"": 65.532517006, ""f"": ""Instrumental""}, {""t"": 65.532517006, ""f"": ""Solo""}, {""t"": 77.471882086, ""f"": ""Instrumental""}, {""t"": 77.471882086, ""f"": ""Solo""}, {""t"": 89.419727891, ""f"": ""Chorus""}, {""t"": 100.700544217, ""f"": ""Chorus""}, {""t"": 112.844965986, ""f"": ""no_function""}, {""t"": 118.36371882, ""f"": ""Silence""}, {""t"": 119.433877551, ""f"": ""End""}]",spectrograms/mel/608_The_5.6.7.8.'s_Woo_Hoo.png,spectrograms/linear/608_The_5.6.7.8.'s_Woo_Hoo.png,spectrograms/matrices/608_The_5.6.7.8.'s_Woo_Hoo.npy
610,Jeepster,T Rex,"[0.0, 0.071428571, 14.188888888, 19.332947845, 39.828911564, 47.526530612, 52.587755102, 72.702040816, 80.4, 85.47755102, 105.591836734, 113.314285714, 123.616802721, 133.663877551, 153.896077097, 161.568095238, 166.567959183, 186.553832199, 201.823786848, 211.714285714, 240.92371882, 249.389795918, 249.40600907]","[{""t"": 0.0, ""f"": ""Silence""}, {""t"": 0.071428571, ""f"": ""Intro""}, {""t"": 14.188888888, ""f"": ""Pre-Verse""}, {""t"": 19.332947845, ""f"": ""Verse""}, {""t"": 39.828911564, ""f"": ""Chorus""}, {""t"": 47.526530612, ""f"": ""Pre-Verse""}, {""t"": 52.587755102, ""f"": ""Verse""}, {""t"": 72.702040816, ""f"": ""Chorus""}, {""t"": 80.4, ""f"": ""Pre-Verse""}, {""t"": 85.47755102, ""f"": ""Verse""}, {""t"": 105.591836734, ""f"": ""Chorus""}, {""t"": 113.314285714, ""f"": ""Bridge""}, {""t"": 123.616802721, ""f"": ""Solo""}, {""t"": 133.663877551, ""f"": ""Verse""}, {""t"": 153.896077097, ""f"": ""Chorus""}, {""t"": 161.568095238, ""f"": ""Pre-Verse""}, {""t"": 166.567959183, ""f"": ""Verse""}, {""t"": 186.553832199, ""f"": ""Chorus""}, {""t"": 201.823786848, ""f"": ""Bridge""}, {""t"": 211.714285714, ""f"": ""Solo""}, {""t"": 240.92371882, ""f"": ""Fade-out""}, {""t"": 249.389795918, ""f"": ""Silence""}, {""t"": 249.40600907, ""f"": ""End""}]","[0.0, 0.0, 19.30909297, 39.788185941, 47.506734693, 52.556961451, 72.681564625, 80.382789115, 85.449229024, 105.568911564, 113.293174603, 133.635986394, 153.850612244, 161.527936507, 166.693106575, 186.518435374, 201.767165532, 240.898004535, 249.394263038]","[{""t"": 0.0, ""f"": ""Intro""}, {""t"": 0.0, ""f"": ""silence""}, {""t"": 19.30909297, ""f"": ""Verse""}, {""t"": 39.788185941, ""f"": ""Chorus""}, {""t"": 47.506734693, ""f"": ""Transition""}, {""t"": 52.556961451, ""f"": ""Verse""}, {""t"": 72.681564625, ""f"": ""Chorus""}, {""t"": 80.382789115, ""f"": ""Transition""}, {""t"": 85.449229024, ""f"": ""Verse""}, {""t"": 105.568911564, ""f"": ""Chorus""}, {""t"": 113.293174603, ""f"": ""Transition""}, {""t"": 133.635986394, ""f"": ""Verse""}, {""t"": 153.850612244, ""f"": ""Chorus""}, {""t"": 161.527936507, ""f"": ""Transition""}, {""t"": 166.693106575, ""f"": ""Verse""}, {""t"": 186.518435374, ""f"": ""Chorus""}, {""t"": 201.767165532, ""f"": ""Outro""}, {""t"": 240.898004535, ""f"": ""Fade-out""}, {""t"": 249.394263038, ""f"": ""End""}]",spectrograms/mel/610_T_Rex_Jeepster.png,spectrograms/linear/610_T_Rex_Jeepster.png,spectrograms/matrices/610_T_Rex_Jeepster.npy
612,Don  t You Just Know It,Huey 'Piano' Smith & The Clowns,"[0.0, 0.049342403, 3.979659863, 17.621043083, 37.907414965, 51.588344671, 71.980340136, 85.840748299, 106.396848072, 120.204512471, 140.707913832, 140.707913832, 147.628276643, 147.808367346]","[{""t"": 0.0, ""f"": ""Silence""}, {""t"": 0.049342403, ""f"": ""Intro""}, {""t"": 3.979659863, ""f"": ""Verse""}, {""t"": 17.621043083, ""f"": ""Chorus""}, {""t"": 37.907414965, ""f"": ""Verse""}, {""t"": 51.588344671, ""f"": ""Chorus""}, {""t"": 71.980340136, ""f"": ""Verse""}, {""t"": 85.840748299, ""f"": ""Chorus""}, {""t"": 106.396848072, ""f"": ""Verse""}, {""t"": 120.204512471, ""f"": ""Chorus""}, {""t"": 140.707913832, ""f"": ""Chorus""}, {""t"": 140.707913832, ""f"": ""Fade-out""}, {""t"": 147.628276643, ""f"": ""Silence""}, {""t"": 147.808367346, ""f"": ""End""}]","[0.0, 0.65015873, 4.029047619, 17.570226757, 37.895918367, 51.694331065, 72.028299319, 85.76956916, 106.366031746, 120.231791383, 140.663469387, 147.568979591, 147.815532879]","[{""t"": 0.0, ""f"": ""Silence""}, {""t"": 0.65015873, ""f"": ""Intro""}, {""t"": 4.029047619, ""f"": ""Verse""}, {""t"": 17.570226757, ""f"": ""Chorus""}, {""t"": 37.895918367, ""f"": ""Verse""}, {""t"": 51.694331065, ""f"": ""Chorus""}, {""t"": 72.028299319, ""f"": ""Verse""}, {""t"": 85.76956916, ""f"": ""Chorus""}, {""t"": 106.366031746, ""f"": ""Verse""}, {""t"": 120.231791383, ""f"": ""Chorus""}, {""t"": 140.663469387, ""f"": ""Outro""}, {""t"": 147.568979591, ""f"": ""Silence""}, {""t"": 147.815532879, ""f"": ""End""}]",spectrograms/mel/612_Huey_'Piano'_Smith_&_The_Clowns_Don__t_You_Just_Know_It.png,spectrograms/linear/612_Huey_'Piano'_Smith_&_The_Clowns_Don__t_You_Just_Know_It.png,spectrograms/matrices/612_Huey_'Piano'_Smith_&_The_Clowns_Don__t_You_Just_Know_It.npy
614,Long Tall Sally,Little Richard,"[0.0, 0.394739229, 16.472721088, 32.155759637, 47.619682539, 78.389909297, 94.069387755, 109.739455782, 126.766689342, 129.871292517]","[{""t"": 0.0, ""f"": ""Silence""}, {""t"": 0.394739229, ""f"": ""Verse""}, {""t"": 16.472721088, ""f"": ""Verse""}, {""t"": 32.155759637, ""f"": ""Verse""}, {""t"": 47.619682539, ""f"": ""Solo""}, {""t"": 78.389909297, ""f"": ""Verse""}, {""t"": 94.069387755, ""f"": ""Verse""}, {""t"": 109.739455782, ""f"": ""Coda""}, {""t"": 126.766689342, ""f"": ""Silence""}, {""t"": 129.871292517, ""f"": ""End""}]","[0.0, 0.371519274, 6.090022675, 16.512607709, 21.842426303, 32.202086167, 37.439115646, 47.738185941, 47.738185941, 63.048911564, 63.048911564, 78.498299319, 83.836439909, 94.224671201, 99.466870748, 109.744512471, 109.744512471, 127.137959183, 129.869705215]","[{""t"": 0.0, ""f"": ""Silence""}, {""t"": 0.371519274, ""f"": ""Verse""}, {""t"": 6.090022675, ""f"": ""Chorus""}, {""t"": 16.512607709, ""f"": ""Verse""}, {""t"": 21.842426303, ""f"": ""Chorus""}, {""t"": 32.202086167, ""f"": ""Verse""}, {""t"": 37.439115646, ""f"": ""Chorus""}, {""t"": 47.738185941, ""f"": ""Instrumental""}, {""t"": 47.738185941, ""f"": ""Solo""}, {""t"": 63.048911564, ""f"": ""Instrumental""}, {""t"": 63.048911564, ""f"": ""Solo""}, {""t"": 78.498299319, ""f"": ""Verse""}, {""t"": 83.836439909, ""f"": ""Chorus""}, {""t"": 94.224671201, ""f"": ""Verse""}, {""t"": 99.466870748, ""f"": ""Chorus""}, {""t"": 109.744512471, ""f"": ""Chorus""}, {""t"": 109.744512471, ""f"": ""Outro""}, {""t"": 127.137959183, ""f"": ""Silence""}, {""t"": 129.869705215, ""f"": ""End""}]",spectrograms/mel/614_Little_Richard_Long_Tall_Sally.png,spectrograms/linear/614_Little_Richard_Long_Tall_Sally.png,spectrograms/matrices/614_Little_Richard_Long_Tall_Sally.npy
616,Spooky,Dusty Springfield,"[0.0, 0.046439909, 9.265668934, 36.473219954, 45.465510204, 72.529727891, 81.449705215, 99.297528344, 126.194693877, 135.025328798, 152.865215419, 155.777891156, 155.849319727]","[{""t"": 0.0, ""f"": ""Silence""}, {""t"": 0.046439909, ""f"": ""Intro""}, {""t"": 9.265668934, ""f"": ""Verse""}, {""t"": 36.473219954, ""f"": ""Chorus""}, {""t"": 45.465510204, ""f"": ""Verse""}, {""t"": 72.529727891, ""f"": ""Chorus""}, {""t"": 81.449705215, ""f"": ""Solo""}, {""t"": 99.297528344, ""f"": ""Verse""}, {""t"": 126.194693877, ""f"": ""Chorus""}, {""t"": 135.025328798, ""f"": ""Outro""}, {""t"": 152.865215419, ""f"": ""Fade-out""}, {""t"": 155.777891156, ""f"": ""Silence""}, {""t"": 155.849319727, ""f"": ""End""}]","[0.0, 0.185759637, 9.336598639, 45.526213151, 81.646349206, 99.265306122, 135.103174603, 155.825578231]","[{""t"": 0.0, ""f"": ""Silence""}, {""t"": 0.185759637, ""f"": ""Pre-Verse""}, {""t"": 9.336598639, ""f"": ""Verse""}, {""t"": 45.526213151, ""f"": ""Verse""}, {""t"": 81.646349206, ""f"": ""Solo""}, {""t"": 99.265306122, ""f"": ""Verse""}, {""t"": 135.103174603, ""f"": ""Outro""}, {""t"": 155.825578231, ""f"": ""End""}]",spectrograms/mel/616_Dusty_Springfield_Spooky.png,spectrograms/linear/616_Dusty_Springfield_Spooky.png,spectrograms/matrices/616_Dusty_Springfield_Spooky.npy
618,Let  s Stay Together,Al Green,"[0.0, 0.65015873, 10.581337868, 29.829591836, 48.82217687, 67.776780045, 86.493832199, 105.21340136, 124.069478458, 142.925600907, 161.741609977, 180.501065759, 185.339002267, 196.365963718, 200.53446712]","[{""t"": 0.0, ""f"": ""Silence""}, {""t"": 0.65015873, ""f"": ""Intro""}, {""t"": 10.581337868, ""f"": ""Verse""}, {""t"": 29.829591836, ""f"": ""Verse""}, {""t"": 48.82217687, ""f"": ""Verse""}, {""t"": 67.776780045, ""f"": ""Verse""}, {""t"": 86.493832199, ""f"": ""Chorus""}, {""t"": 105.21340136, ""f"": ""Interlude""}, {""t"": 124.069478458, ""f"": ""Verse""}, {""t"": 142.925600907, ""f"": ""Verse""}, {""t"": 161.741609977, ""f"": ""Chorus""}, {""t"": 180.501065759, ""f"": ""Chorus""}, {""t"": 185.339002267, ""f"": ""Fade-out""}, {""t"": 196.365963718, ""f"": ""Silence""}, {""t"": 200.53446712, ""f"": ""End""}]","[0.0, 0.858707482, 10.616802721, 29.83371882, 48.887573696, 67.769954648, 86.544104308, 105.328253968, 124.127959183, 142.98462585, 161.850975056, 180.592063492, 180.592063492, 195.976190476, 200.515918367]","[{""t"": 0.0, ""f"": ""Silence""}, {""t"": 0.858707482, ""f"": ""Intro""}, {""t"": 10.616802721, ""f"": ""Verse""}, {""t"": 29.83371882, ""f"": ""Transition""}, {""t"": 48.887573696, ""f"": ""Verse""}, {""t"": 67.769954648, ""f"": ""Transition""}, {""t"": 86.544104308, ""f"": ""Chorus""}, {""t"": 105.328253968, ""f"": ""Interlude""}, {""t"": 124.127959183, ""f"": ""Verse""}, {""t"": 142.98462585, ""f"": ""Transition""}, {""t"": 161.850975056, ""f"": ""Chorus""}, {""t"": 180.592063492, ""f"": ""Chorus""}, {""t"": 180.592063492, ""f"": ""Fade-out""}, {""t"": 195.976190476, ""f"": ""Silence""}, {""t"": 200.515918367, ""f"": ""End""}]",spectrograms/mel/618_Al_Green_Let__s_Stay_Together.png,spectrograms/linear/618_Al_Green_Let__s_Stay_Together.png,spectrograms/matrices/618_Al_Green_Let__s_Stay_Together.npy
620,Chain Gang,Otis Redding,"[0.0, 0.036734693, 48.745192743, 93.00095238, 145.686916099, 167.994036281, 177.664580498, 177.672312925]","[{""t"": 0.0, ""f"": ""Silence""}, {""t"": 0.036734693, ""f"": ""Verse""}, {""t"": 48.745192743, ""f"": ""Verse""}, {""t"": 93.00095238, ""f"": ""Verse""}, {""t"": 145.686916099, ""f"": ""Outro""}, {""t"": 167.994036281, ""f"": ""Fade-out""}, {""t"": 177.664580498, ""f"": ""Silence""}, {""t"": 177.672312925, ""f"": ""End""}]","[0.0, 0.0, 13.583650793, 31.230816326, 48.738662131, 57.701564625, 75.441609977, 92.972653061, 101.889115646, 110.596575963, 128.104421768, 145.565827664, 154.621609977, 163.584512471, 177.65877551]","[{""t"": 0.0, ""f"": ""Intro""}, {""t"": 0.0, ""f"": ""silence""}, {""t"": 13.583650793, ""f"": ""Verse""}, {""t"": 31.230816326, ""f"": ""Pre-Chorus""}, {""t"": 48.738662131, ""f"": ""Chorus""}, {""t"": 57.701564625, ""f"": ""Verse""}, {""t"": 75.441609977, ""f"": ""Pre-Chorus""}, {""t"": 92.972653061, ""f"": ""Chorus""}, {""t"": 101.889115646, ""f"": ""Bridge""}, {""t"": 110.596575963, ""f"": ""Verse""}, {""t"": 128.104421768, ""f"": ""Pre-Chorus""}, {""t"": 145.565827664, ""f"": ""Chorus""}, {""t"": 154.621609977, ""f"": ""Outro""}, {""t"": 163.584512471, ""f"": ""Fade-out""}, {""t"": 177.65877551, ""f"": ""End""}]",spectrograms/mel/620_Otis_Redding_Chain_Gang.png,spectrograms/linear/620_Otis_Redding_Chain_Gang.png,spectrograms/matrices/620_Otis_Redding_Chain_Gang.npy
622,Rock And Roll Again,Donald Byrd,"[0.0, 0.264126984, 24.625487528, 137.481405895, 157.644240362, 222.259682539, 242.578639455, 338.316893424, 338.316893424, 366.407981859, 369.896984126]","[{""t"": 0.0, ""f"": ""Silence""}, {""t"": 0.264126984, ""f"": ""Intro""}, {""t"": 24.625487528, ""f"": ""Theme""}, {""t"": 137.481405895, ""f"": ""Bridge""}, {""t"": 157.644240362, ""f"": ""Solo""}, {""t"": 222.259682539, ""f"": ""Bridge""}, {""t"": 242.578639455, ""f"": ""Solo""}, {""t"": 338.316893424, ""f"": ""Fade-out""}, {""t"": 338.316893424, ""f"": ""Outro""}, {""t"": 366.407981859, ""f"": ""Silence""}, {""t"": 369.896984126, ""f"": ""End""}]","[0.0, 0.232199546, 24.619455782, 137.45941043, 157.703378684, 222.330090702, 242.60893424, 339.298117913, 339.298117913, 365.667845804, 369.907460317]","[{""t"": 0.0, ""f"": ""Silence""}, {""t"": 0.232199546, ""f"": ""Intro""}, {""t"": 24.619455782, ""f"": ""no_function""}, {""t"": 137.45941043, ""f"": ""Bridge""}, {""t"": 157.703378684, ""f"": ""no_function""}, {""t"": 222.330090702, ""f"": ""Bridge""}, {""t"": 242.60893424, ""f"": ""no_function""}, {""t"": 339.298117913, ""f"": ""Fade-out""}, {""t"": 339.298117913, ""f"": ""Outro""}, {""t"": 365.667845804, ""f"": ""Silence""}, {""t"": 369.907460317, ""f"": ""End""}]",spectrograms/mel/622_Donald_Byrd_Rock_And_Roll_Again.png,spectrograms/linear/622_Donald_Byrd_Rock_And_Roll_Again.png,spectrograms/matrices/622_Donald_Byrd_Rock_And_Roll_Again.npy
626,Don  t Cry For Louie,Vaya Con Dios,"[0.0, 0.696598639, 11.812857142, 33.405532879, 76.351632653, 97.913537414, 119.561428571, 183.26340136]","[{""t"": 0.0, ""f"": ""Silence""}, {""t"": 0.696598639, ""f"": ""Intro""}, {""t"": 11.812857142, ""f"": ""Verse""}, {""t"": 33.405532879, ""f"": ""Chorus""}, {""t"": 76.351632653, ""f"": ""Solo""}, {""t"": 97.913537414, ""f"": ""Verse""}, {""t"": 119.561428571, ""f"": ""Chorus""}, {""t"": 183.26340136, ""f"": ""End""}]","[0.0, 0.673378684, 11.864195011, 22.639931972, 33.461473922, 54.85, 76.271927437, 97.895827664, 108.631882086, 119.40015873, 140.792086167, 180.056099773, 183.239070294]","[{""t"": 0.0, ""f"": ""Silence""}, {""t"": 0.673378684, ""f"": ""Intro""}, {""t"": 11.864195011, ""f"": ""Verse""}, {""t"": 22.639931972, ""f"": ""Pre-Chorus""}, {""t"": 33.461473922, ""f"": ""Chorus""}, {""t"": 54.85, ""f"": ""Chorus""}, {""t"": 76.271927437, ""f"": ""Solo""}, {""t"": 97.895827664, ""f"": ""Verse""}, {""t"": 108.631882086, ""f"": ""Pre-Chorus""}, {""t"": 119.40015873, ""f"": ""Chorus""}, {""t"": 140.792086167, ""f"": ""Outro""}, {""t"": 180.056099773, ""f"": ""Silence""}, {""t"": 183.239070294, ""f"": ""End""}]",spectrograms/mel/626_Vaya_Con_Dios_Don__t_Cry_For_Louie.png,spectrograms/linear/626_Vaya_Con_Dios_Don__t_Cry_For_Louie.png,spectrograms/matrices/626_Vaya_Con_Dios_Don__t_Cry_For_Louie.npy
628,Money Honey,Drifters,"[0.0, 0.293877551, 4.163764172, 19.155691609, 34.256145124, 49.088911564, 64.20371882, 79.20802721, 94.619546485, 125.212063492, 140.659863945, 156.079591836, 174.263741496, 176.958321995]","[{""t"": 0.0, ""f"": ""Silence""}, {""t"": 0.293877551, ""f"": ""Intro""}, {""t"": 4.163764172, ""f"": ""Verse""}, {""t"": 19.155691609, ""f"": ""Chorus""}, {""t"": 34.256145124, ""f"": ""Verse""}, {""t"": 49.088911564, ""f"": ""Chorus""}, {""t"": 64.20371882, ""f"": ""Verse""}, {""t"": 79.20802721, ""f"": ""Chorus""}, {""t"": 94.619546485, ""f"": ""Solo""}, {""t"": 125.212063492, ""f"": ""Verse""}, {""t"": 140.659863945, ""f"": ""Chorus""}, {""t"": 156.079591836, ""f"": ""Outro""}, {""t"": 174.263741496, ""f"": ""Silence""}, {""t"": 176.958321995, ""f"": ""End""}]","[0.0, 0.248979591, 4.193378684, 19.195918367, 34.267936507, 49.16600907, 64.229070294, 79.195714285, 94.669070294, 94.669070294, 125.281496598, 140.684897959, 156.126530612, 173.718639455, 176.967573696]","[{""t"": 0.0, ""f"": ""Silence""}, {""t"": 0.248979591, ""f"": ""Intro""}, {""t"": 4.193378684, ""f"": ""Verse""}, {""t"": 19.195918367, ""f"": ""Chorus""}, {""t"": 34.267936507, ""f"": ""Verse""}, {""t"": 49.16600907, ""f"": ""Chorus""}, {""t"": 64.229070294, ""f"": ""Verse""}, {""t"": 79.195714285, ""f"": ""Chorus""}, {""t"": 94.669070294, ""f"": ""Instrumental""}, {""t"": 94.669070294, ""f"": ""Solo""}, {""t"": 125.281496598, ""f"": ""Verse""}, {""t"": 140.684897959, ""f"": ""Chorus""}, {""t"": 156.126530612, ""f"": ""Coda""}, {""t"": 173.718639455, ""f"": ""Silence""}, {""t"": 176.967573696, ""f"": ""End""}]",spectrograms/mel/628_Drifters_Money_Honey.png,spectrograms/linear/628_Drifters_Money_Honey.png,spectrograms/matrices/628_Drifters_Money_Honey.npy
630,Nationalite,Tiken Jah Fakoly,"[0.0, 0.324149659, 19.559183673, 31.693968253, 55.830430839, 103.96430839, 116.09893424, 164.227641723, 182.245941043, 194.222766439, 236.092108843, 277.989319727, 301.853605442, 314.0461678, 328.625873015, 331.651292517]","[{""t"": 0.0, ""f"": ""Silence""}, {""t"": 0.324149659, ""f"": ""Intro""}, {""t"": 19.559183673, ""f"": ""no_function""}, {""t"": 31.693968253, ""f"": ""Chorus""}, {""t"": 55.830430839, ""f"": ""Verse""}, {""t"": 103.96430839, ""f"": ""Chorus""}, {""t"": 116.09893424, ""f"": ""Verse""}, {""t"": 164.227641723, ""f"": ""Chorus""}, {""t"": 182.245941043, ""f"": ""Bridge""}, {""t"": 194.222766439, ""f"": ""Verse""}, {""t"": 236.092108843, ""f"": ""Chorus""}, {""t"": 277.989319727, ""f"": ""Bridge""}, {""t"": 301.853605442, ""f"": ""Outro""}, {""t"": 314.0461678, ""f"": ""Fade-out""}, {""t"": 328.625873015, ""f"": ""Silence""}, {""t"": 331.651292517, ""f"": ""End""}]","[0.0, 1.561111111, 31.764489795, 55.862698412, 86.031133786, 98.041519274, 116.161337868, 146.301360544, 158.338594104, 182.394739229, 194.340385487, 230.177528344, 278.101587301, 301.935532879, 314.048843537, 329.042199546, 331.675056689]","[{""t"": 0.0, ""f"": ""Silence""}, {""t"": 1.561111111, ""f"": ""Intro""}, {""t"": 31.764489795, ""f"": ""Chorus""}, {""t"": 55.862698412, ""f"": ""Verse""}, {""t"": 86.031133786, ""f"": ""Transition""}, {""t"": 98.041519274, ""f"": ""Chorus""}, {""t"": 116.161337868, ""f"": ""Verse""}, {""t"": 146.301360544, ""f"": ""Transition""}, {""t"": 158.338594104, ""f"": ""Chorus""}, {""t"": 182.394739229, ""f"": ""Interlude""}, {""t"": 194.340385487, ""f"": ""Verse""}, {""t"": 230.177528344, ""f"": ""Chorus""}, {""t"": 278.101587301, ""f"": ""Interlude""}, {""t"": 301.935532879, ""f"": ""Outro""}, {""t"": 314.048843537, ""f"": ""Fade-out""}, {""t"": 329.042199546, ""f"": ""Silence""}, {""t"": 331.675056689, ""f"": ""End""}]",spectrograms/mel/630_Tiken_Jah_Fakoly_Nationalite.png,spectrograms/linear/630_Tiken_Jah_Fakoly_Nationalite.png,spectrograms/matrices/630_Tiken_Jah_Fakoly_Nationalite.npy
632,Rise    Shine,Bunny Wailer,"[0.0, 0.371519274, 57.029705215, 84.892789115, 112.542811791, 140.130204081, 167.659705215, 195.211405895, 222.551882086, 249.683741496, 276.640997732, 303.695079365, 315.652063492, 320.574693877]","[{""t"": 0.0, ""f"": ""Silence""}, {""t"": 0.371519274, ""f"": ""Intro""}, {""t"": 57.029705215, ""f"": ""Interlude""}, {""t"": 84.892789115, ""f"": ""Verse""}, {""t"": 112.542811791, ""f"": ""Chorus""}, {""t"": 140.130204081, ""f"": ""Interlude""}, {""t"": 167.659705215, ""f"": ""Verse""}, {""t"": 195.211405895, ""f"": ""Chorus""}, {""t"": 222.551882086, ""f"": ""Interlude""}, {""t"": 249.683741496, ""f"": ""Verse""}, {""t"": 276.640997732, ""f"": ""Chorus""}, {""t"": 303.695079365, ""f"": ""Fade-out""}, {""t"": 315.652063492, ""f"": ""Silence""}, {""t"": 320.574693877, ""f"": ""End""}]",[],[],spectrograms/mel/632_Bunny_Wailer_Rise____Shine.png,spectrograms/linear/632_Bunny_Wailer_Rise____Shine.png,spectrograms/matrices/632_Bunny_Wailer_Rise____Shine.npy
634,Refuge,Matisyahu,"[0.0, 0.000839002, 12.089795918, 60.29, 84.518594104, 99.312721088, 122.870430839, 146.683492063, 213.249047619, 237.47047619, 242.202766439, 242.20956916]","[{""t"": 0.0, ""f"": ""Silence""}, {""t"": 0.000839002, ""f"": ""applause""}, {""t"": 12.089795918, ""f"": ""Intro""}, {""t"": 60.29, ""f"": ""Verse""}, {""t"": 84.518594104, ""f"": ""no_function""}, {""t"": 99.312721088, ""f"": ""Verse""}, {""t"": 122.870430839, ""f"": ""Chorus""}, {""t"": 146.683492063, ""f"": ""no_function""}, {""t"": 213.249047619, ""f"": ""Outro""}, {""t"": 237.47047619, ""f"": ""applause""}, {""t"": 242.202766439, ""f"": ""Silence""}, {""t"": 242.20956916, ""f"": ""End""}]","[0.0, 0.02031746, 60.272947845, 84.535442176, 99.447369614, 146.915691609, 213.228299319, 237.668140589, 242.207324263]","[{""t"": 0.0, ""f"": ""Silence""}, {""t"": 0.02031746, ""f"": ""Intro""}, {""t"": 60.272947845, ""f"": ""Verse""}, {""t"": 84.535442176, ""f"": ""Pre-Chorus""}, {""t"": 99.447369614, ""f"": ""Chorus""}, {""t"": 146.915691609, ""f"": ""Solo""}, {""t"": 213.228299319, ""f"": ""Outro""}, {""t"": 237.668140589, ""f"": ""no_function""}, {""t"": 242.207324263, ""f"": ""End""}]",spectrograms/mel/634_Matisyahu_Refuge.png,spectrograms/linear/634_Matisyahu_Refuge.png,spectrograms/matrices/634_Matisyahu_Refuge.npy
636,Alarm   Remix,Jessy Moss,"[0.0, 0.441179138, 17.51201814, 40.444693877, 63.101156462, 68.796780045, 91.579501133, 114.351156462, 125.635532879, 137.073741496, 148.451428571, 187.77941043]","[{""t"": 0.0, ""f"": ""Silence""}, {""t"": 0.441179138, ""f"": ""Intro""}, {""t"": 17.51201814, ""f"": ""Verse""}, {""t"": 40.444693877, ""f"": ""Chorus""}, {""t"": 63.101156462, ""f"": ""post-chorus""}, {""t"": 68.796780045, ""f"": ""Verse""}, {""t"": 91.579501133, ""f"": ""Chorus""}, {""t"": 114.351156462, ""f"": ""Interlude""}, {""t"": 125.635532879, ""f"": ""Verse""}, {""t"": 137.073741496, ""f"": ""Chorus""}, {""t"": 148.451428571, ""f"": ""Outro""}, {""t"": 187.77941043, ""f"": ""End""}]","[0.0, 0.469387755, 6.170362811, 17.609727891, 28.987913832, 40.409342403, 51.673832199, 63.137823129, 68.825895691, 80.203854875, 91.585986394, 103.001904761, 114.332403628, 125.721972789, 137.081995464, 148.489909297, 176.97, 182.885714285, 187.786666666]","[{""t"": 0.0, ""f"": ""Silence""}, {""t"": 0.469387755, ""f"": ""Intro""}, {""t"": 6.170362811, ""f"": ""Intro""}, {""t"": 17.609727891, ""f"": ""Verse""}, {""t"": 28.987913832, ""f"": ""Verse""}, {""t"": 40.409342403, ""f"": ""Chorus""}, {""t"": 51.673832199, ""f"": ""Chorus""}, {""t"": 63.137823129, ""f"": ""Bridge""}, {""t"": 68.825895691, ""f"": ""Verse""}, {""t"": 80.203854875, ""f"": ""Verse""}, {""t"": 91.585986394, ""f"": ""Chorus""}, {""t"": 103.001904761, ""f"": ""Chorus""}, {""t"": 114.332403628, ""f"": ""Bridge""}, {""t"": 125.721972789, ""f"": ""Bridge""}, {""t"": 137.081995464, ""f"": ""Chorus""}, {""t"": 148.489909297, ""f"": ""Chorus""}, {""t"": 176.97, ""f"": ""Outro""}, {""t"": 182.885714285, ""f"": ""Silence""}, {""t"": 187.786666666, ""f"": ""End""}]",spectrograms/mel/636_Jessy_Moss_Alarm___Remix.png,spectrograms/linear/636_Jessy_Moss_Alarm___Remix.png,spectrograms/matrices/636_Jessy_Moss_Alarm___Remix.npy
642,BAD BOYS,Inner Circle,"[0.0, 0.195918367, 27.096734693, 38.081133786, 49.059614512, 60.019614512, 70.955804988, 92.947913832, 103.873129251, 125.780589569, 147.616666666, 169.305623582, 180.211814058, 191.123900226, 201.99600907, 212.740022675, 212.740022675, 224.82956916, 229.500839002]","[{""t"": 0.0, ""f"": ""Silence""}, {""t"": 0.195918367, ""f"": ""Intro""}, {""t"": 27.096734693, ""f"": ""Chorus""}, {""t"": 38.081133786, ""f"": ""Verse""}, {""t"": 49.059614512, ""f"": ""Chorus""}, {""t"": 60.019614512, ""f"": ""Verse""}, {""t"": 70.955804988, ""f"": ""Chorus""}, {""t"": 92.947913832, ""f"": ""Verse""}, {""t"": 103.873129251, ""f"": ""Chorus""}, {""t"": 125.780589569, ""f"": ""Interlude""}, {""t"": 147.616666666, ""f"": ""Verse""}, {""t"": 169.305623582, ""f"": ""Chorus""}, {""t"": 180.211814058, ""f"": ""Bridge""}, {""t"": 191.123900226, ""f"": ""Chorus""}, {""t"": 201.99600907, ""f"": ""Verse""}, {""t"": 212.740022675, ""f"": ""Chorus""}, {""t"": 212.740022675, ""f"": ""Fade-out""}, {""t"": 224.82956916, ""f"": ""Silence""}, {""t"": 229.500839002, ""f"": ""End""}]","[0.0, 0.204081632, 4.985124716, 27.134444444, 38.055918367, 49.033310657, 59.951972789, 70.976122448, 92.94632653, 103.85632653, 125.793582766, 147.584285714, 158.447981859, 169.354217687, 191.142108843, 212.720272108, 212.720272108, 212.720272108, 226.163265306, 229.499455782]","[{""t"": 0.0, ""f"": ""Silence""}, {""t"": 0.204081632, ""f"": ""Intro""}, {""t"": 4.985124716, ""f"": ""Intro""}, {""t"": 27.134444444, ""f"": ""Chorus""}, {""t"": 38.055918367, ""f"": ""Verse""}, {""t"": 49.033310657, ""f"": ""Chorus""}, {""t"": 59.951972789, ""f"": ""Verse""}, {""t"": 70.976122448, ""f"": ""Chorus""}, {""t"": 92.94632653, ""f"": ""Verse""}, {""t"": 103.85632653, ""f"": ""Chorus""}, {""t"": 125.793582766, ""f"": ""Instrumental""}, {""t"": 147.584285714, ""f"": ""Verse""}, {""t"": 158.447981859, ""f"": ""Verse""}, {""t"": 169.354217687, ""f"": ""Chorus""}, {""t"": 191.142108843, ""f"": ""Chorus""}, {""t"": 212.720272108, ""f"": ""Fade-out""}, {""t"": 212.720272108, ""f"": ""Outro""}, {""t"": 212.720272108, ""f"": ""out""}, {""t"": 226.163265306, ""f"": ""Silence""}, {""t"": 229.499455782, ""f"": ""End""}]",spectrograms/mel/642_Inner_Circle_BAD_BOYS.png,spectrograms/linear/642_Inner_Circle_BAD_BOYS.png,spectrograms/matrices/642_Inner_Circle_BAD_BOYS.npy
644,Hol   a Fresh,Red Dragon,"[0.0, 0.0, 1.614965986, 13.974648526, 50.649727891, 93.455034013, 117.919841269, 154.691383219, 197.511814058, 222.0223356, 222.0223356, 236.449070294]","[{""t"": 0.0, ""f"": ""Intro""}, {""t"": 0.0, ""f"": ""silence""}, {""t"": 1.614965986, ""f"": ""Intro""}, {""t"": 13.974648526, ""f"": ""Verse""}, {""t"": 50.649727891, ""f"": ""Chorus""}, {""t"": 93.455034013, ""f"": ""Transition""}, {""t"": 117.919841269, ""f"": ""Verse""}, {""t"": 154.691383219, ""f"": ""Chorus""}, {""t"": 197.511814058, ""f"": ""Transition""}, {""t"": 222.0223356, ""f"": ""Fade-out""}, {""t"": 222.0223356, ""f"": ""Outro""}, {""t"": 236.449070294, ""f"": ""End""}]","[0.0, 0.185759637, 1.68031746, 13.906439909, 26.195238095, 50.753990929, 72.032653061, 96.130612244, 130.187755102, 154.688752834, 176.093446712, 200.610770975, 231.199841269, 236.452766439]","[{""t"": 0.0, ""f"": ""Silence""}, {""t"": 0.185759637, ""f"": ""Intro""}, {""t"": 1.68031746, ""f"": ""Pre-Verse""}, {""t"": 13.906439909, ""f"": ""Verse""}, {""t"": 26.195238095, ""f"": ""Chorus""}, {""t"": 50.753990929, ""f"": ""Verse""}, {""t"": 72.032653061, ""f"": ""Chorus""}, {""t"": 96.130612244, ""f"": ""Verse""}, {""t"": 130.187755102, ""f"": ""Chorus""}, {""t"": 154.688752834, ""f"": ""Verse""}, {""t"": 176.093446712, ""f"": ""Chorus""}, {""t"": 200.610770975, ""f"": ""Verse""}, {""t"": 231.199841269, ""f"": ""Outro""}, {""t"": 236.452766439, ""f"": ""End""}]",spectrograms/mel/644_Red_Dragon_Hol___a_Fresh.png,spectrograms/linear/644_Red_Dragon_Hol___a_Fresh.png,spectrograms/matrices/644_Red_Dragon_Hol___a_Fresh.npy
648,The Great Below,Nine Inch Nails,"[0.0, 0.01632653, 1.555736961, 43.308004535, 85.137936507, 105.962585034, 126.854671201, 189.446281179, 210.309977324, 252.01047619, 293.780589569, 310.984852607, 317.204897959]","[{""t"": 0.0, ""f"": ""Silence""}, {""t"": 0.01632653, ""f"": ""Intro""}, {""t"": 1.555736961, ""f"": ""Interlude""}, {""t"": 43.308004535, ""f"": ""Verse""}, {""t"": 85.137936507, ""f"": ""Interlude""}, {""t"": 105.962585034, ""f"": ""Verse""}, {""t"": 126.854671201, ""f"": ""Chorus""}, {""t"": 189.446281179, ""f"": ""Interlude""}, {""t"": 210.309977324, ""f"": ""Verse""}, {""t"": 252.01047619, ""f"": ""Outro""}, {""t"": 293.780589569, ""f"": ""Fade-out""}, {""t"": 310.984852607, ""f"": ""Silence""}, {""t"": 317.204897959, ""f"": ""End""}]",[],[],spectrograms/mel/648_Nine_Inch_Nails_The_Great_Below.png,spectrograms/linear/648_Nine_Inch_Nails_The_Great_Below.png,spectrograms/matrices/648_Nine_Inch_Nails_The_Great_Below.npy
650,New Millenium Homes,Rage Against The Machine,"[0.0, 0.0, 10.327188208, 31.336281179, 72.617120181, 93.56877551, 113.906621315, 154.723129251, 175.746689342, 195.932471655, 224.844353741, 224.844353741]","[{""t"": 0.0, ""f"": ""Intro""}, {""t"": 0.0, ""f"": ""Silence""}, {""t"": 10.327188208, ""f"": ""no_function""}, {""t"": 31.336281179, ""f"": ""Verse""}, {""t"": 72.617120181, ""f"": ""Pre-Chorus""}, {""t"": 93.56877551, ""f"": ""Chorus""}, {""t"": 113.906621315, ""f"": ""Verse""}, {""t"": 154.723129251, ""f"": ""Pre-Chorus""}, {""t"": 175.746689342, ""f"": ""no_function""}, {""t"": 195.932471655, ""f"": ""Chorus""}, {""t"": 224.844353741, ""f"": ""End""}, {""t"": 224.844353741, ""f"": ""Silence""}]","[0.0, 0.0, 31.630861678, 51.89462585, 72.521383219, 93.659818594, 113.746575963, 134.219297052, 154.702766439, 175.826213151, 195.919297052, 224.468888888, 224.850068027]","[{""t"": 0.0, ""f"": ""Intro""}, {""t"": 0.0, ""f"": ""silence""}, {""t"": 31.630861678, ""f"": ""Chorus""}, {""t"": 51.89462585, ""f"": ""Verse""}, {""t"": 72.521383219, ""f"": ""Pre-Chorus""}, {""t"": 93.659818594, ""f"": ""Chorus""}, {""t"": 113.746575963, ""f"": ""Chorus""}, {""t"": 134.219297052, ""f"": ""Verse""}, {""t"": 154.702766439, ""f"": ""Pre-Chorus""}, {""t"": 175.826213151, ""f"": ""Bridge""}, {""t"": 195.919297052, ""f"": ""Chorus""}, {""t"": 224.468888888, ""f"": ""Silence""}, {""t"": 224.850068027, ""f"": ""End""}]",spectrograms/mel/650_Rage_Against_The_Machine_New_Millenium_Homes.png,spectrograms/linear/650_Rage_Against_The_Machine_New_Millenium_Homes.png,spectrograms/matrices/650_Rage_Against_The_Machine_New_Millenium_Homes.npy
652,Bailey  s Walk,The Pixies,"[0.0, 0.551473922, 6.791836734, 21.681632653, 29.071383219, 40.867120181, 46.822879818, 58.398185941, 64.430068027, 71.444897959, 89.10371882, 103.81170068, 110.953356009, 141.900385487, 143.894263038]","[{""t"": 0.0, ""f"": ""Silence""}, {""t"": 0.551473922, ""f"": ""Intro""}, {""t"": 6.791836734, ""f"": ""Pre-Verse""}, {""t"": 21.681632653, ""f"": ""no_function""}, {""t"": 29.071383219, ""f"": ""Verse""}, {""t"": 40.867120181, ""f"": ""no_function""}, {""t"": 46.822879818, ""f"": ""no_function""}, {""t"": 58.398185941, ""f"": ""no_function""}, {""t"": 64.430068027, ""f"": ""no_function""}, {""t"": 71.444897959, ""f"": ""Pre-Verse""}, {""t"": 89.10371882, ""f"": ""no_function""}, {""t"": 103.81170068, ""f"": ""no_function""}, {""t"": 110.953356009, ""f"": ""Verse""}, {""t"": 141.900385487, ""f"": ""Silence""}, {""t"": 143.894263038, ""f"": ""End""}]","[0.0, 0.574693877, 6.835668934, 21.779478458, 29.097936507, 46.696689342, 71.589818594, 89.101587301, 103.641451247, 110.877074829, 128.393333333, 143.885419501]","[{""t"": 0.0, ""f"": ""Silence""}, {""t"": 0.574693877, ""f"": ""Intro""}, {""t"": 6.835668934, ""f"": ""no_function""}, {""t"": 21.779478458, ""f"": ""no_function""}, {""t"": 29.097936507, ""f"": ""no_function""}, {""t"": 46.696689342, ""f"": ""Interlude""}, {""t"": 71.589818594, ""f"": ""no_function""}, {""t"": 89.101587301, ""f"": ""no_function""}, {""t"": 103.641451247, ""f"": ""no_function""}, {""t"": 110.877074829, ""f"": ""no_function""}, {""t"": 128.393333333, ""f"": ""Fade-out""}, {""t"": 143.885419501, ""f"": ""End""}]",spectrograms/mel/652_The_Pixies_Bailey__s_Walk.png,spectrograms/linear/652_The_Pixies_Bailey__s_Walk.png,spectrograms/matrices/652_The_Pixies_Bailey__s_Walk.npy
654,Mouth Of Ghosts,The Dillinger Escape Plan,"[0.0, 2.29877551, 9.369297052, 104.608140589, 152.725238095, 168.67600907, 216.659070294, 232.704829931, 312.716031746, 409.951564625]","[{""t"": 0.0, ""f"": ""Silence""}, {""t"": 2.29877551, ""f"": ""no_function""}, {""t"": 9.369297052, ""f"": ""Intro""}, {""t"": 104.608140589, ""f"": ""no_function""}, {""t"": 152.725238095, ""f"": ""Interlude""}, {""t"": 168.67600907, ""f"": ""no_function""}, {""t"": 216.659070294, ""f"": ""Interlude""}, {""t"": 232.704829931, ""f"": ""no_function""}, {""t"": 312.716031746, ""f"": ""Outro""}, {""t"": 409.951564625, ""f"": ""End""}]",[],[],spectrograms/mel/654_The_Dillinger_Escape_Plan_Mouth_Of_Ghosts.png,spectrograms/linear/654_The_Dillinger_Escape_Plan_Mouth_Of_Ghosts.png,spectrograms/matrices/654_The_Dillinger_Escape_Plan_Mouth_Of_Ghosts.npy
658,My Immortal,Evanescence,"[0.0, 0.457142857, 14.310204081, 41.387755102, 54.097959183, 82.334693877, 95.799727891, 122.496870748, 135.192380952, 163.065056689, 186.74648526, 186.74648526, 198.716371882, 226.539682539, 262.365464852, 264.1330839]","[{""t"": 0.0, ""f"": ""Silence""}, {""t"": 0.457142857, ""f"": ""Intro""}, {""t"": 14.310204081, ""f"": ""Verse""}, {""t"": 41.387755102, ""f"": ""Pre-Chorus""}, {""t"": 54.097959183, ""f"": ""Chorus""}, {""t"": 82.334693877, ""f"": ""Pre-Verse""}, {""t"": 95.799727891, ""f"": ""Verse""}, {""t"": 122.496870748, ""f"": ""Pre-Chorus""}, {""t"": 135.192380952, ""f"": ""Chorus""}, {""t"": 163.065056689, ""f"": ""Bridge""}, {""t"": 186.74648526, ""f"": ""Chorus""}, {""t"": 186.74648526, ""f"": ""Instrumental""}, {""t"": 198.716371882, ""f"": ""Chorus""}, {""t"": 226.539682539, ""f"": ""Outro""}, {""t"": 262.365464852, ""f"": ""Silence""}, {""t"": 264.1330839, ""f"": ""End""}]","[0.0, 0.326530612, 14.131405895, 41.623197278, 54.202743764, 82.862222222, 95.631587301, 122.699659863, 135.335986394, 163.244081632, 198.804421768, 226.247981859, 260.989546485, 264.144580498]","[{""t"": 0.0, ""f"": ""Silence""}, {""t"": 0.326530612, ""f"": ""Intro""}, {""t"": 14.131405895, ""f"": ""Verse""}, {""t"": 41.623197278, ""f"": ""Pre-Chorus""}, {""t"": 54.202743764, ""f"": ""Chorus""}, {""t"": 82.862222222, ""f"": ""Transition""}, {""t"": 95.631587301, ""f"": ""Verse""}, {""t"": 122.699659863, ""f"": ""Pre-Chorus""}, {""t"": 135.335986394, ""f"": ""Chorus""}, {""t"": 163.244081632, ""f"": ""Bridge""}, {""t"": 198.804421768, ""f"": ""Chorus""}, {""t"": 226.247981859, ""f"": ""Outro""}, {""t"": 260.989546485, ""f"": ""Silence""}, {""t"": 264.144580498, ""f"": ""End""}]",spectrograms/mel/658_Evanescence_My_Immortal.png,spectrograms/linear/658_Evanescence_My_Immortal.png,spectrograms/matrices/658_Evanescence_My_Immortal.npy
660,Virginia Moon,Foo Fighters,"[0.0, 0.278639455, 8.777619047, 69.740997732, 92.738458049, 123.250725623, 146.182947845, 176.68079365, 199.590657596, 229.03446712, 229.070612244]","[{""t"": 0.0, ""f"": ""Silence""}, {""t"": 0.278639455, ""f"": ""Intro""}, {""t"": 8.777619047, ""f"": ""Verse""}, {""t"": 69.740997732, ""f"": ""Chorus""}, {""t"": 92.738458049, ""f"": ""Verse""}, {""t"": 123.250725623, ""f"": ""Chorus""}, {""t"": 146.182947845, ""f"": ""Solo""}, {""t"": 176.68079365, ""f"": ""Chorus""}, {""t"": 199.590657596, ""f"": ""Coda""}, {""t"": 229.03446712, ""f"": ""Silence""}, {""t"": 229.070612244, ""f"": ""End""}]","[0.0, 0.30185941, 8.576893424, 31.664603174, 39.174535147, 62.161224489, 77.281224489, 88.794036281, 92.555555555, 115.487256235, 130.812131519, 142.243424036, 145.915147392, 168.931632653, 184.190113378, 195.763378684, 211.14371882, 229.084693877, 229.099070294]","[{""t"": 0.0, ""f"": ""Silence""}, {""t"": 0.30185941, ""f"": ""Intro""}, {""t"": 8.576893424, ""f"": ""Verse""}, {""t"": 31.664603174, ""f"": ""Chorus""}, {""t"": 39.174535147, ""f"": ""Verse""}, {""t"": 62.161224489, ""f"": ""Chorus""}, {""t"": 77.281224489, ""f"": ""Chorus""}, {""t"": 88.794036281, ""f"": ""Bridge""}, {""t"": 92.555555555, ""f"": ""Verse""}, {""t"": 115.487256235, ""f"": ""Chorus""}, {""t"": 130.812131519, ""f"": ""Chorus""}, {""t"": 142.243424036, ""f"": ""Bridge""}, {""t"": 145.915147392, ""f"": ""Solo""}, {""t"": 168.931632653, ""f"": ""Chorus""}, {""t"": 184.190113378, ""f"": ""Chorus""}, {""t"": 195.763378684, ""f"": ""Outro""}, {""t"": 211.14371882, ""f"": ""Outro""}, {""t"": 229.084693877, ""f"": ""Silence""}, {""t"": 229.099070294, ""f"": ""End""}]",spectrograms/mel/660_Foo_Fighters_Virginia_Moon.png,spectrograms/linear/660_Foo_Fighters_Virginia_Moon.png,spectrograms/matrices/660_Foo_Fighters_Virginia_Moon.npy
662,Free Four,Pink Floyd,"[0.0, 0.53877551, 2.575442176, 18.351111111, 41.761088435, 64.917528344, 88.259047619, 103.756054421, 111.519637188, 134.7, 157.749002267, 180.722154195, 226.934421768, 251.994557823, 256.843764172]","[{""t"": 0.0, ""f"": ""Silence""}, {""t"": 0.53877551, ""f"": ""count-in""}, {""t"": 2.575442176, ""f"": ""Intro""}, {""t"": 18.351111111, ""f"": ""Verse""}, {""t"": 41.761088435, ""f"": ""Verse""}, {""t"": 64.917528344, ""f"": ""Verse""}, {""t"": 88.259047619, ""f"": ""Solo""}, {""t"": 103.756054421, ""f"": ""Pre-Verse""}, {""t"": 111.519637188, ""f"": ""Verse""}, {""t"": 134.7, ""f"": ""Verse""}, {""t"": 157.749002267, ""f"": ""Verse""}, {""t"": 180.722154195, ""f"": ""Solo""}, {""t"": 226.934421768, ""f"": ""Fade-out""}, {""t"": 251.994557823, ""f"": ""Silence""}, {""t"": 256.843764172, ""f"": ""End""}]","[0.0, 0.391836734, 2.438072562, 18.311496598, 41.672607709, 64.75170068, 88.161428571, 111.498866213, 134.68292517, 157.625034013, 180.556712018, 226.888639455, 256.835895691]","[{""t"": 0.0, ""f"": ""Silence""}, {""t"": 0.391836734, ""f"": ""no_function""}, {""t"": 2.438072562, ""f"": ""Intro""}, {""t"": 18.311496598, ""f"": ""Verse""}, {""t"": 41.672607709, ""f"": ""Verse""}, {""t"": 64.75170068, ""f"": ""Verse""}, {""t"": 88.161428571, ""f"": ""Solo""}, {""t"": 111.498866213, ""f"": ""Verse""}, {""t"": 134.68292517, ""f"": ""Verse""}, {""t"": 157.625034013, ""f"": ""Verse""}, {""t"": 180.556712018, ""f"": ""Solo""}, {""t"": 226.888639455, ""f"": ""Fade-out""}, {""t"": 256.835895691, ""f"": ""End""}]",spectrograms/mel/662_Pink_Floyd_Free_Four.png,spectrograms/linear/662_Pink_Floyd_Free_Four.png,spectrograms/matrices/662_Pink_Floyd_Free_Four.npy
664,The Spy,The Doors,"[0.0, 0.162539682, 23.503922902, 59.291632653, 68.36217687, 104.291383219, 137.555011337, 174.19893424, 202.791065759, 238.845034013, 251.843628117, 257.306122448]","[{""t"": 0.0, ""f"": ""Silence""}, {""t"": 0.162539682, ""f"": ""Intro""}, {""t"": 23.503922902, ""f"": ""Verse""}, {""t"": 59.291632653, ""f"": ""Chorus""}, {""t"": 68.36217687, ""f"": ""Verse""}, {""t"": 104.291383219, ""f"": ""Chorus""}, {""t"": 137.555011337, ""f"": ""Verse""}, {""t"": 174.19893424, ""f"": ""Chorus""}, {""t"": 202.791065759, ""f"": ""Verse""}, {""t"": 238.845034013, ""f"": ""Coda""}, {""t"": 251.843628117, ""f"": ""Silence""}, {""t"": 257.306122448, ""f"": ""End""}]",[],[],spectrograms/mel/664_The_Doors_The_Spy.png,spectrograms/linear/664_The_Doors_The_Spy.png,spectrograms/matrices/664_The_Doors_The_Spy.npy
666,Moon   Turn The Tides,Jimi Hendrix,"[0.0, 0.111360544, 15.994875283, 28.498526077, 39.911088435, 46.783900226, 60.274149659, 61.692607709]","[{""t"": 0.0, ""f"": ""Silence""}, {""t"": 0.111360544, ""f"": ""no_function""}, {""t"": 15.994875283, ""f"": ""no_function""}, {""t"": 28.498526077, ""f"": ""no_function""}, {""t"": 39.911088435, ""f"": ""no_function""}, {""t"": 46.783900226, ""f"": ""no_function""}, {""t"": 60.274149659, ""f"": ""Silence""}, {""t"": 61.692607709, ""f"": ""End""}]","[0.0, 15.388344671, 28.452721088, 38.218639455, 59.991337868, 61.712743764]","[{""t"": 0.0, ""f"": ""silence""}, {""t"": 15.388344671, ""f"": ""no_function""}, {""t"": 28.452721088, ""f"": ""no_function""}, {""t"": 38.218639455, ""f"": ""no_function""}, {""t"": 59.991337868, ""f"": ""Silence""}, {""t"": 61.712743764, ""f"": ""End""}]",spectrograms/mel/666_Jimi_Hendrix_Moon___Turn_The_Tides.png,spectrograms/linear/666_Jimi_Hendrix_Moon___Turn_The_Tides.png,spectrograms/matrices/666_Jimi_Hendrix_Moon___Turn_The_Tides.npy
668,Anyday,Derek and the Dominos,"[0.0, 0.412154195, 24.950997732, 47.734240362, 70.990453514, 104.795646258, 127.417142857, 150.742471655, 184.551337868, 207.129591836, 230.323764172, 264.19063492, 286.800612244, 310.060521541, 394.067324263, 397.065056689]","[{""t"": 0.0, ""f"": ""Silence""}, {""t"": 0.412154195, ""f"": ""Intro""}, {""t"": 24.950997732, ""f"": ""Verse""}, {""t"": 47.734240362, ""f"": ""Pre-Chorus""}, {""t"": 70.990453514, ""f"": ""Chorus""}, {""t"": 104.795646258, ""f"": ""Verse""}, {""t"": 127.417142857, ""f"": ""Pre-Chorus""}, {""t"": 150.742471655, ""f"": ""Chorus""}, {""t"": 184.551337868, ""f"": ""Solo""}, {""t"": 207.129591836, ""f"": ""Solo""}, {""t"": 230.323764172, ""f"": ""Chorus""}, {""t"": 264.19063492, ""f"": ""Verse""}, {""t"": 286.800612244, ""f"": ""Pre-Chorus""}, {""t"": 310.060521541, ""f"": ""Coda""}, {""t"": 394.067324263, ""f"": ""Silence""}, {""t"": 397.065056689, ""f"": ""End""}]","[0.0, 0.417959183, 1.733968253, 24.765238095, 47.676780045, 70.929659863, 93.367437641, 104.642063492, 127.46095238, 150.692766439, 173.205714285, 184.475827664, 207.085464852, 230.174285714, 252.824081632, 264.090204081, 286.72, 309.98292517, 332.572675736, 354.986666666, 377.556417233, 394.309387755, 397.067414965]","[{""t"": 0.0, ""f"": ""Silence""}, {""t"": 0.417959183, ""f"": ""Intro""}, {""t"": 1.733968253, ""f"": ""Pre-Verse""}, {""t"": 24.765238095, ""f"": ""Verse""}, {""t"": 47.676780045, ""f"": ""Pre-Chorus""}, {""t"": 70.929659863, ""f"": ""Chorus""}, {""t"": 93.367437641, ""f"": ""Transition""}, {""t"": 104.642063492, ""f"": ""Verse""}, {""t"": 127.46095238, ""f"": ""Pre-Chorus""}, {""t"": 150.692766439, ""f"": ""Chorus""}, {""t"": 173.205714285, ""f"": ""Transition""}, {""t"": 184.475827664, ""f"": ""Solo""}, {""t"": 207.085464852, ""f"": ""no_function""}, {""t"": 230.174285714, ""f"": ""Chorus""}, {""t"": 252.824081632, ""f"": ""Transition""}, {""t"": 264.090204081, ""f"": ""Verse""}, {""t"": 286.72, ""f"": ""Pre-Chorus""}, {""t"": 309.98292517, ""f"": ""Chorus""}, {""t"": 332.572675736, ""f"": ""no_function""}, {""t"": 354.986666666, ""f"": ""no_function""}, {""t"": 377.556417233, ""f"": ""Outro""}, {""t"": 394.309387755, ""f"": ""Silence""}, {""t"": 397.067414965, ""f"": ""End""}]",spectrograms/mel/668_Derek_and_the_Dominos_Anyday.png,spectrograms/linear/668_Derek_and_the_Dominos_Anyday.png,spectrograms/matrices/668_Derek_and_the_Dominos_Anyday.npy
670,Summertime   Into Shantung Cabbage,Ten Years After,"[0.0, 0.020702947, 16.195918367, 21.753582766, 68.310204081, 95.67526077, 320.945170068, 340.146938775, 359.201587301, 359.209795918]","[{""t"": 0.0, ""f"": ""Silence""}, {""t"": 0.020702947, ""f"": ""no_function""}, {""t"": 16.195918367, ""f"": ""Intro""}, {""t"": 21.753582766, ""f"": ""Head""}, {""t"": 68.310204081, ""f"": ""Head""}, {""t"": 95.67526077, ""f"": ""Solo""}, {""t"": 320.945170068, ""f"": ""Coda""}, {""t"": 340.146938775, ""f"": ""no_function""}, {""t"": 359.201587301, ""f"": ""Silence""}, {""t"": 359.209795918, ""f"": ""End""}]","[0.0, 16.267346938, 21.43201814, 63.225419501, 68.274036281, 95.625736961, 95.625736961, 321.041315192, 340.591133786, 359.211746031, 359.211746031]","[{""t"": 0.0, ""f"": ""Silence""}, {""t"": 16.267346938, ""f"": ""no_function""}, {""t"": 21.43201814, ""f"": ""Solo""}, {""t"": 63.225419501, ""f"": ""Transition""}, {""t"": 68.274036281, ""f"": ""no_function""}, {""t"": 95.625736961, ""f"": ""Instrumental""}, {""t"": 95.625736961, ""f"": ""Solo""}, {""t"": 321.041315192, ""f"": ""Outro""}, {""t"": 340.591133786, ""f"": ""no_function""}, {""t"": 359.211746031, ""f"": ""End""}, {""t"": 359.211746031, ""f"": ""Silence""}]",spectrograms/mel/670_Ten_Years_After_Summertime___Into_Shantung_Cabbage.png,spectrograms/linear/670_Ten_Years_After_Summertime___Into_Shantung_Cabbage.png,spectrograms/matrices/670_Ten_Years_After_Summertime___Into_Shantung_Cabbage.npy
672,Prodigal Man,Johnny Winter,"[0.0, 0.512, 16.861270833, 33.097875, 49.273833333, 69.7355, 77.8333125, 94.062375, 110.225458333, 130.698875, 146.929729166, 163.178791666, 183.574895833, 191.76, 208.159145833, 224.4711875, 254.781583333, 258.067041666]","[{""t"": 0.0, ""f"": ""Silence""}, {""t"": 0.512, ""f"": ""Intro""}, {""t"": 16.861270833, ""f"": ""Verse""}, {""t"": 33.097875, ""f"": ""Pre-Chorus""}, {""t"": 49.273833333, ""f"": ""Chorus""}, {""t"": 69.7355, ""f"": ""Transition""}, {""t"": 77.8333125, ""f"": ""Verse""}, {""t"": 94.062375, ""f"": ""Pre-Chorus""}, {""t"": 110.225458333, ""f"": ""Chorus""}, {""t"": 130.698875, ""f"": ""no_function""}, {""t"": 146.929729166, ""f"": ""Solo""}, {""t"": 163.178791666, ""f"": ""Solo""}, {""t"": 183.574895833, ""f"": ""Transition""}, {""t"": 191.76, ""f"": ""Verse""}, {""t"": 208.159145833, ""f"": ""Pre-Chorus""}, {""t"": 224.4711875, ""f"": ""Chorus""}, {""t"": 254.781583333, ""f"": ""Silence""}, {""t"": 258.067041666, ""f"": ""End""}]","[0.0, 0.577125, 8.735229166, 16.886125, 49.3376875, 69.685541666, 77.78375, 110.158833333, 130.710583333, 163.138166666, 183.744375, 191.767604166, 224.554875, 244.8, 254.701916666, 258.051583333]","[{""t"": 0.0, ""f"": ""Silence""}, {""t"": 0.577125, ""f"": ""Intro""}, {""t"": 8.735229166, ""f"": ""Pre-Verse""}, {""t"": 16.886125, ""f"": ""Verse""}, {""t"": 49.3376875, ""f"": ""Chorus""}, {""t"": 69.685541666, ""f"": ""Transition""}, {""t"": 77.78375, ""f"": ""Verse""}, {""t"": 110.158833333, ""f"": ""Chorus""}, {""t"": 130.710583333, ""f"": ""Solo""}, {""t"": 163.138166666, ""f"": ""no_function""}, {""t"": 183.744375, ""f"": ""Transition""}, {""t"": 191.767604166, ""f"": ""Verse""}, {""t"": 224.554875, ""f"": ""Chorus""}, {""t"": 244.8, ""f"": ""Outro""}, {""t"": 254.701916666, ""f"": ""Silence""}, {""t"": 258.051583333, ""f"": ""End""}]",spectrograms/mel/672_Johnny_Winter_Prodigal_Man.png,spectrograms/linear/672_Johnny_Winter_Prodigal_Man.png,spectrograms/matrices/672_Johnny_Winter_Prodigal_Man.npy
674,It  s All Over Now Baby Blue,Van Morrison,"[0.0, 0.261632653, 18.822244897, 36.464761904, 53.724965986, 71.044263038, 88.164444444, 105.419591836, 122.372947845, 135.005646258, 151.898140589, 168.788707482, 185.601746031, 219.055396825, 227.181564625, 231.531972789]","[{""t"": 0.0, ""f"": ""Silence""}, {""t"": 0.261632653, ""f"": ""Intro""}, {""t"": 18.822244897, ""f"": ""Verse""}, {""t"": 36.464761904, ""f"": ""Pre-Chorus""}, {""t"": 53.724965986, ""f"": ""Chorus""}, {""t"": 71.044263038, ""f"": ""Verse""}, {""t"": 88.164444444, ""f"": ""Pre-Chorus""}, {""t"": 105.419591836, ""f"": ""Chorus""}, {""t"": 122.372947845, ""f"": ""Interlude""}, {""t"": 135.005646258, ""f"": ""Verse""}, {""t"": 151.898140589, ""f"": ""Pre-Chorus""}, {""t"": 168.788707482, ""f"": ""Chorus""}, {""t"": 185.601746031, ""f"": ""Outro""}, {""t"": 219.055396825, ""f"": ""Fade-out""}, {""t"": 227.181564625, ""f"": ""Silence""}, {""t"": 231.531972789, ""f"": ""End""}]","[0.0, 1.049297052, 18.978435374, 36.557619047, 71.198253968, 88.309863945, 122.449297052, 135.109773242, 151.973764172, 194.095034013, 210.869818594, 226.669795918, 231.535328798]","[{""t"": 0.0, ""f"": ""Silence""}, {""t"": 1.049297052, ""f"": ""Intro""}, {""t"": 18.978435374, ""f"": ""Verse""}, {""t"": 36.557619047, ""f"": ""Chorus""}, {""t"": 71.198253968, ""f"": ""Verse""}, {""t"": 88.309863945, ""f"": ""Chorus""}, {""t"": 122.449297052, ""f"": ""Interlude""}, {""t"": 135.109773242, ""f"": ""Verse""}, {""t"": 151.973764172, ""f"": ""Chorus""}, {""t"": 194.095034013, ""f"": ""Outro""}, {""t"": 210.869818594, ""f"": ""Fade-out""}, {""t"": 226.669795918, ""f"": ""Silence""}, {""t"": 231.535328798, ""f"": ""End""}]",spectrograms/mel/674_Van_Morrison_It__s_All_Over_Now_Baby_Blue.png,spectrograms/linear/674_Van_Morrison_It__s_All_Over_Now_Baby_Blue.png,spectrograms/matrices/674_Van_Morrison_It__s_All_Over_Now_Baby_Blue.npy
676,The Loner,Neil Young,"[0.0, 0.51, 10.0551875, 37.849479166, 56.1235625, 65.225791666, 92.4628125, 110.597583333, 137.439854166, 164.375, 182.3008125, 208.794770833, 208.794770833, 228.4620625, 233.808]","[{""t"": 0.0, ""f"": ""Silence""}, {""t"": 0.51, ""f"": ""Intro""}, {""t"": 10.0551875, ""f"": ""Verse""}, {""t"": 37.849479166, ""f"": ""Chorus""}, {""t"": 56.1235625, ""f"": ""Transition""}, {""t"": 65.225791666, ""f"": ""Verse""}, {""t"": 92.4628125, ""f"": ""Chorus""}, {""t"": 110.597583333, ""f"": ""Interlude""}, {""t"": 137.439854166, ""f"": ""Verse""}, {""t"": 164.375, ""f"": ""Chorus""}, {""t"": 182.3008125, ""f"": ""Interlude""}, {""t"": 208.794770833, ""f"": ""Coda""}, {""t"": 208.794770833, ""f"": ""Fade-out""}, {""t"": 228.4620625, ""f"": ""Silence""}, {""t"": 233.808, ""f"": ""End""}]","[0.0, 0.525145833, 10.005604166, 37.7136875, 55.9828125, 65.137208333, 92.384791666, 110.550854166, 137.381, 164.3056875, 182.279666666, 208.679104166, 228.202354166, 233.823791666]","[{""t"": 0.0, ""f"": ""Silence""}, {""t"": 0.525145833, ""f"": ""Intro""}, {""t"": 10.005604166, ""f"": ""Verse""}, {""t"": 37.7136875, ""f"": ""Chorus""}, {""t"": 55.9828125, ""f"": ""Transition""}, {""t"": 65.137208333, ""f"": ""Verse""}, {""t"": 92.384791666, ""f"": ""Chorus""}, {""t"": 110.550854166, ""f"": ""Bridge""}, {""t"": 137.381, ""f"": ""Verse""}, {""t"": 164.3056875, ""f"": ""Chorus""}, {""t"": 182.279666666, ""f"": ""Outro""}, {""t"": 208.679104166, ""f"": ""Fade-out""}, {""t"": 228.202354166, ""f"": ""Silence""}, {""t"": 233.823791666, ""f"": ""End""}]",spectrograms/mel/676_Neil_Young_The_Loner.png,spectrograms/linear/676_Neil_Young_The_Loner.png,spectrograms/matrices/676_Neil_Young_The_Loner.npy
680,Now I Am Become Death the Destroyer,Nadja,"[0.0, 2.972154195, 76.850022675, 158.656122448, 203.983673469, 247.070861678, 318.37755102, 365.017687074, 408.359523809, 479.575124716, 923.991133786, 1005.056689342, 1180.920453514, 1328.553582766, 1328.553582766, 1406.863265306, 1406.876734693]","[{""t"": 0.0, ""f"": ""Silence""}, {""t"": 2.972154195, ""f"": ""Intro""}, {""t"": 76.850022675, ""f"": ""no_function""}, {""t"": 158.656122448, ""f"": ""Interlude""}, {""t"": 203.983673469, ""f"": ""Verse""}, {""t"": 247.070861678, ""f"": ""Chorus""}, {""t"": 318.37755102, ""f"": ""Interlude""}, {""t"": 365.017687074, ""f"": ""Verse""}, {""t"": 408.359523809, ""f"": ""Chorus""}, {""t"": 479.575124716, ""f"": ""Bridge""}, {""t"": 923.991133786, ""f"": ""Transition""}, {""t"": 1005.056689342, ""f"": ""Transition""}, {""t"": 1180.920453514, ""f"": ""Bridge""}, {""t"": 1328.553582766, ""f"": ""Fade-out""}, {""t"": 1328.553582766, ""f"": ""Outro""}, {""t"": 1406.863265306, ""f"": ""Silence""}, {""t"": 1406.876734693, ""f"": ""End""}]",[],[],spectrograms/mel/680_Nadja_Now_I_Am_Become_Death_the_Destroyer.png,spectrograms/linear/680_Nadja_Now_I_Am_Become_Death_the_Destroyer.png,spectrograms/matrices/680_Nadja_Now_I_Am_Become_Death_the_Destroyer.npy
682,Run   Rabbit   Run,Rob Zombie,"[0.0, 0.052244897, 12.235011337, 63.306462585, 72.482380952, 86.282448979, 104.784761904, 123.294920634, 160.314875283, 181.303628117]","[{""t"": 0.0, ""f"": ""Silence""}, {""t"": 0.052244897, ""f"": ""no_function""}, {""t"": 12.235011337, ""f"": ""Verse""}, {""t"": 63.306462585, ""f"": ""Interlude""}, {""t"": 72.482380952, ""f"": ""no_function""}, {""t"": 86.282448979, ""f"": ""Chorus""}, {""t"": 104.784761904, ""f"": ""post-chorus""}, {""t"": 123.294920634, ""f"": ""Verse""}, {""t"": 160.314875283, ""f"": ""Chorus""}, {""t"": 181.303628117, ""f"": ""End""}]","[0.0, 0.060408163, 12.260136054, 21.4261678, 40.018594104, 49.211473922, 58.474716553, 63.156281179, 72.076349206, 81.684285714, 86.260385487, 104.684580498, 113.893650793, 123.116462585, 132.476281179, 137.079229024, 146.351043083, 155.638752834, 160.300725623, 181.303628117]","[{""t"": 0.0, ""f"": ""Silence""}, {""t"": 0.060408163, ""f"": ""Intro""}, {""t"": 12.260136054, ""f"": ""Interlude""}, {""t"": 21.4261678, ""f"": ""Verse""}, {""t"": 40.018594104, ""f"": ""Verse""}, {""t"": 49.211473922, ""f"": ""no_function""}, {""t"": 58.474716553, ""f"": ""Interlude""}, {""t"": 63.156281179, ""f"": ""Verse""}, {""t"": 72.076349206, ""f"": ""Verse""}, {""t"": 81.684285714, ""f"": ""Interlude""}, {""t"": 86.260385487, ""f"": ""Chorus""}, {""t"": 104.684580498, ""f"": ""Solo""}, {""t"": 113.893650793, ""f"": ""Verse""}, {""t"": 123.116462585, ""f"": ""Verse""}, {""t"": 132.476281179, ""f"": ""Interlude""}, {""t"": 137.079229024, ""f"": ""no_function""}, {""t"": 146.351043083, ""f"": ""Verse""}, {""t"": 155.638752834, ""f"": ""Interlude""}, {""t"": 160.300725623, ""f"": ""Chorus""}, {""t"": 181.303628117, ""f"": ""End""}]",spectrograms/mel/682_Rob_Zombie_Run___Rabbit___Run.png,spectrograms/linear/682_Rob_Zombie_Run___Rabbit___Run.png,spectrograms/matrices/682_Rob_Zombie_Run___Rabbit___Run.npy
684,I Wanna Rock,Twisted Sister,"[0.0, 0.330884353, 19.214512471, 37.477006802, 46.512471655, 64.499229024, 82.660136054, 91.605623582, 109.670748299, 128.246712018, 145.84462585, 163.559274376, 183.32154195, 183.367619047]","[{""t"": 0.0, ""f"": ""Silence""}, {""t"": 0.330884353, ""f"": ""Chorus""}, {""t"": 19.214512471, ""f"": ""Verse""}, {""t"": 37.477006802, ""f"": ""Pre-Chorus""}, {""t"": 46.512471655, ""f"": ""Chorus""}, {""t"": 64.499229024, ""f"": ""Verse""}, {""t"": 82.660136054, ""f"": ""Pre-Chorus""}, {""t"": 91.605623582, ""f"": ""Chorus""}, {""t"": 109.670748299, ""f"": ""Bridge""}, {""t"": 128.246712018, ""f"": ""Solo""}, {""t"": 145.84462585, ""f"": ""Chorus""}, {""t"": 163.559274376, ""f"": ""Fade-out""}, {""t"": 183.32154195, ""f"": ""Silence""}, {""t"": 183.367619047, ""f"": ""End""}]","[0.0, 0.326530612, 19.223922902, 37.483446712, 46.591904761, 64.526099773, 82.662222222, 91.697777777, 128.282811791, 128.282811791, 145.83632653, 167.921995464, 181.791836734, 183.36031746]","[{""t"": 0.0, ""f"": ""Silence""}, {""t"": 0.326530612, ""f"": ""Chorus""}, {""t"": 19.223922902, ""f"": ""Verse""}, {""t"": 37.483446712, ""f"": ""Bridge""}, {""t"": 46.591904761, ""f"": ""Chorus""}, {""t"": 64.526099773, ""f"": ""Verse""}, {""t"": 82.662222222, ""f"": ""Bridge""}, {""t"": 91.697777777, ""f"": ""Chorus""}, {""t"": 128.282811791, ""f"": ""Instrumental""}, {""t"": 128.282811791, ""f"": ""Solo""}, {""t"": 145.83632653, ""f"": ""Chorus""}, {""t"": 167.921995464, ""f"": ""Outro""}, {""t"": 181.791836734, ""f"": ""Silence""}, {""t"": 183.36031746, ""f"": ""End""}]",spectrograms/mel/684_Twisted_Sister_I_Wanna_Rock.png,spectrograms/linear/684_Twisted_Sister_I_Wanna_Rock.png,spectrograms/matrices/684_Twisted_Sister_I_Wanna_Rock.npy
686,Bodies,Danzig,"[0.0, 0.017414965, 30.432154195, 44.574126984, 58.667210884, 72.620408163, 86.462494331, 100.170884353, 114.000136054, 127.791020408, 141.548843537, 155.72462585, 169.823106575, 183.391201814, 196.848117913, 210.198639455, 223.473378684, 236.715827664, 263.755464852, 263.79217687]","[{""t"": 0.0, ""f"": ""Silence""}, {""t"": 0.017414965, ""f"": ""Intro""}, {""t"": 30.432154195, ""f"": ""Instrumental""}, {""t"": 44.574126984, ""f"": ""Chorus""}, {""t"": 58.667210884, ""f"": ""Chorus""}, {""t"": 72.620408163, ""f"": ""Verse""}, {""t"": 86.462494331, ""f"": ""Verse""}, {""t"": 100.170884353, ""f"": ""Chorus""}, {""t"": 114.000136054, ""f"": ""Chorus""}, {""t"": 127.791020408, ""f"": ""Solo""}, {""t"": 141.548843537, ""f"": ""Bridge""}, {""t"": 155.72462585, ""f"": ""Verse""}, {""t"": 169.823106575, ""f"": ""Verse""}, {""t"": 183.391201814, ""f"": ""Chorus""}, {""t"": 196.848117913, ""f"": ""Chorus""}, {""t"": 210.198639455, ""f"": ""Verse""}, {""t"": 223.473378684, ""f"": ""Chorus""}, {""t"": 236.715827664, ""f"": ""Outro""}, {""t"": 263.755464852, ""f"": ""Silence""}, {""t"": 263.79217687, ""f"": ""End""}]","[0.0, 0.0, 1.88909297, 44.482244897, 72.562426303, 100.195328798, 127.861133786, 155.751950113, 183.401179138, 210.197664399, 223.538390022, 236.636077097, 263.78462585, 263.78462585]","[{""t"": 0.0, ""f"": ""Intro""}, {""t"": 0.0, ""f"": ""Silence""}, {""t"": 1.88909297, ""f"": ""Intro""}, {""t"": 44.482244897, ""f"": ""Chorus""}, {""t"": 72.562426303, ""f"": ""Verse""}, {""t"": 100.195328798, ""f"": ""Chorus""}, {""t"": 127.861133786, ""f"": ""Solo""}, {""t"": 155.751950113, ""f"": ""Verse""}, {""t"": 183.401179138, ""f"": ""Chorus""}, {""t"": 210.197664399, ""f"": ""Verse""}, {""t"": 223.538390022, ""f"": ""Chorus""}, {""t"": 236.636077097, ""f"": ""Outro""}, {""t"": 263.78462585, ""f"": ""End""}, {""t"": 263.78462585, ""f"": ""Silence""}]",spectrograms/mel/686_Danzig_Bodies.png,spectrograms/linear/686_Danzig_Bodies.png,spectrograms/matrices/686_Danzig_Bodies.npy
690,Go Go Not Cry Cry,Robert Rodriguez,"[0.0, 0.232199546, 18.623151927, 35.603741496, 56.884353741, 67.722244897, 69.643990929]","[{""t"": 0.0, ""f"": ""Silence""}, {""t"": 0.232199546, ""f"": ""Intro""}, {""t"": 18.623151927, ""f"": ""Main_Theme""}, {""t"": 35.603741496, ""f"": ""Secondary_Theme""}, {""t"": 56.884353741, ""f"": ""Outro""}, {""t"": 67.722244897, ""f"": ""Silence""}, {""t"": 69.643990929, ""f"": ""End""}]","[0.0, 0.30185941, 18.686031746, 35.622222222, 52.518684807, 58.90941043, 67.487573696, 69.64664399]","[{""t"": 0.0, ""f"": ""Silence""}, {""t"": 0.30185941, ""f"": ""Intro""}, {""t"": 18.686031746, ""f"": ""Theme""}, {""t"": 35.622222222, ""f"": ""Theme""}, {""t"": 52.518684807, ""f"": ""Theme""}, {""t"": 58.90941043, ""f"": ""Outro""}, {""t"": 67.487573696, ""f"": ""Silence""}, {""t"": 69.64664399, ""f"": ""End""}]",spectrograms/mel/690_Robert_Rodriguez_Go_Go_Not_Cry_Cry.png,spectrograms/linear/690_Robert_Rodriguez_Go_Go_Not_Cry_Cry.png,spectrograms/matrices/690_Robert_Rodriguez_Go_Go_Not_Cry_Cry.npy
692,Crazy Train,Ozzy Osbourne,"[0.0, 0.255419501, 3.94739229, 32.417414965, 67.380294784, 91.765578231, 126.560272108, 150.899433106, 164.847006802, 192.582290249, 206.600022675, 241.444761904, 265.620589569, 272.414535147, 296.151292517]","[{""t"": 0.0, ""f"": ""Silence""}, {""t"": 0.255419501, ""f"": ""no_function""}, {""t"": 3.94739229, ""f"": ""Intro""}, {""t"": 32.417414965, ""f"": ""Verse""}, {""t"": 67.380294784, ""f"": ""Chorus""}, {""t"": 91.765578231, ""f"": ""Verse""}, {""t"": 126.560272108, ""f"": ""Chorus""}, {""t"": 150.899433106, ""f"": ""no_function""}, {""t"": 164.847006802, ""f"": ""Solo""}, {""t"": 192.582290249, ""f"": ""Interlude""}, {""t"": 206.600022675, ""f"": ""Verse""}, {""t"": 241.444761904, ""f"": ""Chorus""}, {""t"": 265.620589569, ""f"": ""Outro""}, {""t"": 272.414535147, ""f"": ""Fade-out""}, {""t"": 296.151292517, ""f"": ""End""}]","[0.0, 0.278639455, 32.412086167, 39.470385487, 53.508344671, 67.451927437, 74.412471655, 91.820226757, 98.82031746, 112.844195011, 126.675963718, 133.604104308, 140.572154195, 151.004081632, 161.516258503, 164.884104308, 164.884104308, 192.62, 213.682698412, 227.51585034, 241.3723356, 248.31585034, 255.284331065, 265.660498866, 272.558503401, 288.047891156, 296.153673469]","[{""t"": 0.0, ""f"": ""Silence""}, {""t"": 0.278639455, ""f"": ""Intro""}, {""t"": 32.412086167, ""f"": ""Bridge""}, {""t"": 39.470385487, ""f"": ""Verse""}, {""t"": 53.508344671, ""f"": ""Verse""}, {""t"": 67.451927437, ""f"": ""Pre-Chorus""}, {""t"": 74.412471655, ""f"": ""Chorus""}, {""t"": 91.820226757, ""f"": ""Bridge""}, {""t"": 98.82031746, ""f"": ""Verse""}, {""t"": 112.844195011, ""f"": ""Verse""}, {""t"": 126.675963718, ""f"": ""Pre-Chorus""}, {""t"": 133.604104308, ""f"": ""Chorus""}, {""t"": 140.572154195, ""f"": ""Chorus""}, {""t"": 151.004081632, ""f"": ""Bridge""}, {""t"": 161.516258503, ""f"": ""voice""}, {""t"": 164.884104308, ""f"": ""Instrumental""}, {""t"": 164.884104308, ""f"": ""Solo""}, {""t"": 192.62, ""f"": ""Instrumental""}, {""t"": 213.682698412, ""f"": ""Verse""}, {""t"": 227.51585034, ""f"": ""Verse""}, {""t"": 241.3723356, ""f"": ""Pre-Chorus""}, {""t"": 248.31585034, ""f"": ""Chorus""}, {""t"": 255.284331065, ""f"": ""Chorus""}, {""t"": 265.660498866, ""f"": ""Outro""}, {""t"": 272.558503401, ""f"": ""Fade-out""}, {""t"": 288.047891156, ""f"": ""Silence""}, {""t"": 296.153673469, ""f"": ""End""}]",spectrograms/mel/692_Ozzy_Osbourne_Crazy_Train.png,spectrograms/linear/692_Ozzy_Osbourne_Crazy_Train.png,spectrograms/matrices/692_Ozzy_Osbourne_Crazy_Train.npy
694,Factory Girl,The Rolling Stones,"[0.0, 0.01632653, 18.694965986, 41.558117913, 64.475192743, 82.667301587, 105.604353741, 124.072902494, 150.186666666, 167.665487528, 167.690770975]","[{""t"": 0.0, ""f"": ""Silence""}, {""t"": 0.01632653, ""f"": ""Intro""}, {""t"": 18.694965986, ""f"": ""Verse""}, {""t"": 41.558117913, ""f"": ""Verse""}, {""t"": 64.475192743, ""f"": ""Solo""}, {""t"": 82.667301587, ""f"": ""Verse""}, {""t"": 105.604353741, ""f"": ""Solo""}, {""t"": 124.072902494, ""f"": ""Verse""}, {""t"": 150.186666666, ""f"": ""applause""}, {""t"": 167.665487528, ""f"": ""Silence""}, {""t"": 167.690770975, ""f"": ""End""}]","[0.0, 0.0, 18.811519274, 41.675283446, 64.44170068, 82.651201814, 105.545170068, 124.094285714, 150.60462585, 167.706870748]","[{""t"": 0.0, ""f"": ""Intro""}, {""t"": 0.0, ""f"": ""silence""}, {""t"": 18.811519274, ""f"": ""Verse""}, {""t"": 41.675283446, ""f"": ""Verse""}, {""t"": 64.44170068, ""f"": ""Solo""}, {""t"": 82.651201814, ""f"": ""Verse""}, {""t"": 105.545170068, ""f"": ""Solo""}, {""t"": 124.094285714, ""f"": ""Verse""}, {""t"": 150.60462585, ""f"": ""no_function""}, {""t"": 167.706870748, ""f"": ""End""}]",spectrograms/mel/694_The_Rolling_Stones_Factory_Girl.png,spectrograms/linear/694_The_Rolling_Stones_Factory_Girl.png,spectrograms/matrices/694_The_Rolling_Stones_Factory_Girl.npy
696,Imitation Of Life,R.E.M.,"[0.0, 0.223492063, 16.742675736, 50.508662131, 68.894399092, 102.667029478, 121.035532879, 144.227324263, 162.61510204, 193.520725623, 236.657777777, 238.491927437]","[{""t"": 0.0, ""f"": ""Silence""}, {""t"": 0.223492063, ""f"": ""Intro""}, {""t"": 16.742675736, ""f"": ""Verse""}, {""t"": 50.508662131, ""f"": ""Chorus""}, {""t"": 68.894399092, ""f"": ""Verse""}, {""t"": 102.667029478, ""f"": ""Chorus""}, {""t"": 121.035532879, ""f"": ""Instrumental""}, {""t"": 144.227324263, ""f"": ""Chorus""}, {""t"": 162.61510204, ""f"": ""Interlude""}, {""t"": 193.520725623, ""f"": ""Coda""}, {""t"": 236.657777777, ""f"": ""Silence""}, {""t"": 238.491927437, ""f"": ""End""}]","[0.0, 0.250657596, 6.074104308, 16.671927437, 50.480181405, 68.910136054, 102.716984126, 110.449841269, 144.202653061, 162.595306122, 193.631995464, 227.369705215, 234.94095238, 238.473356009]","[{""t"": 0.0, ""f"": ""Silence""}, {""t"": 0.250657596, ""f"": ""Intro""}, {""t"": 6.074104308, ""f"": ""Pre-Verse""}, {""t"": 16.671927437, ""f"": ""Verse""}, {""t"": 50.480181405, ""f"": ""Chorus""}, {""t"": 68.910136054, ""f"": ""Verse""}, {""t"": 102.716984126, ""f"": ""Chorus""}, {""t"": 110.449841269, ""f"": ""Bridge""}, {""t"": 144.202653061, ""f"": ""Chorus""}, {""t"": 162.595306122, ""f"": ""Chorus""}, {""t"": 193.631995464, ""f"": ""no_function""}, {""t"": 227.369705215, ""f"": ""Chorus""}, {""t"": 234.94095238, ""f"": ""Silence""}, {""t"": 238.473356009, ""f"": ""End""}]",spectrograms/mel/696_R.E.M._Imitation_Of_Life.png,spectrograms/linear/696_R.E.M._Imitation_Of_Life.png,spectrograms/matrices/696_R.E.M._Imitation_Of_Life.npy
702,My Only Guarantee,Cowboy Junkies,"[0.0, 0.116099773, 6.595215419, 29.363832199, 39.188571428, 45.508707482, 68.27770975, 78.046734693, 84.450498866, 110.465442176, 116.974263038, 139.645986394, 149.414126984, 155.762698412, 181.965941043, 204.218888888, 209.121111111]","[{""t"": 0.0, ""f"": ""Silence""}, {""t"": 0.116099773, ""f"": ""Intro""}, {""t"": 6.595215419, ""f"": ""Verse""}, {""t"": 29.363832199, ""f"": ""Chorus""}, {""t"": 39.188571428, ""f"": ""Interlude""}, {""t"": 45.508707482, ""f"": ""Verse""}, {""t"": 68.27770975, ""f"": ""Chorus""}, {""t"": 78.046734693, ""f"": ""Interlude""}, {""t"": 84.450498866, ""f"": ""Chorus""}, {""t"": 110.465442176, ""f"": ""Interlude""}, {""t"": 116.974263038, ""f"": ""Verse""}, {""t"": 139.645986394, ""f"": ""Chorus""}, {""t"": 149.414126984, ""f"": ""Interlude""}, {""t"": 155.762698412, ""f"": ""Chorus""}, {""t"": 181.965941043, ""f"": ""Outro""}, {""t"": 204.218888888, ""f"": ""Silence""}, {""t"": 209.121111111, ""f"": ""End""}]","[0.0, 0.116099773, 6.641179138, 29.34632653, 39.076303854, 45.521814058, 68.306575963, 78.249659863, 84.406734693, 110.474149659, 116.910249433, 139.59356009, 149.445328798, 155.801632653, 188.241179138, 206.321655328, 209.119478458]","[{""t"": 0.0, ""f"": ""Silence""}, {""t"": 0.116099773, ""f"": ""Intro""}, {""t"": 6.641179138, ""f"": ""Verse""}, {""t"": 29.34632653, ""f"": ""Chorus""}, {""t"": 39.076303854, ""f"": ""Transition""}, {""t"": 45.521814058, ""f"": ""Verse""}, {""t"": 68.306575963, ""f"": ""Chorus""}, {""t"": 78.249659863, ""f"": ""Transition""}, {""t"": 84.406734693, ""f"": ""Interlude""}, {""t"": 110.474149659, ""f"": ""Transition""}, {""t"": 116.910249433, ""f"": ""Verse""}, {""t"": 139.59356009, ""f"": ""Chorus""}, {""t"": 149.445328798, ""f"": ""Transition""}, {""t"": 155.801632653, ""f"": ""Interlude""}, {""t"": 188.241179138, ""f"": ""Outro""}, {""t"": 206.321655328, ""f"": ""Silence""}, {""t"": 209.119478458, ""f"": ""End""}]",spectrograms/mel/702_Cowboy_Junkies_My_Only_Guarantee.png,spectrograms/linear/702_Cowboy_Junkies_My_Only_Guarantee.png,spectrograms/matrices/702_Cowboy_Junkies_My_Only_Guarantee.npy
704,Les e toiles filantes,Les Cowboys Fringants,"[0.0, 0.047959183, 29.663764172, 44.415124716, 88.778140589, 103.527596371, 147.826077097, 177.330566893, 221.706213151, 236.467006802, 260.266190476, 265.075578231]","[{""t"": 0.0, ""f"": ""Silence""}, {""t"": 0.047959183, ""f"": ""Intro""}, {""t"": 29.663764172, ""f"": ""Chorus""}, {""t"": 44.415124716, ""f"": ""Verse""}, {""t"": 88.778140589, ""f"": ""Chorus""}, {""t"": 103.527596371, ""f"": ""Verse""}, {""t"": 147.826077097, ""f"": ""Interlude""}, {""t"": 177.330566893, ""f"": ""Verse""}, {""t"": 221.706213151, ""f"": ""Chorus""}, {""t"": 236.467006802, ""f"": ""Coda""}, {""t"": 260.266190476, ""f"": ""Silence""}, {""t"": 265.075578231, ""f"": ""End""}]","[0.0, 0.0, 14.817913832, 29.623764172, 44.369183673, 88.699342403, 103.447891156, 147.733310657, 162.551133786, 177.278979591, 221.645691609, 251.183310657, 259.351587301, 265.086258503]","[{""t"": 0.0, ""f"": ""Intro""}, {""t"": 0.0, ""f"": ""silence""}, {""t"": 14.817913832, ""f"": ""Intro""}, {""t"": 29.623764172, ""f"": ""Intro""}, {""t"": 44.369183673, ""f"": ""Verse""}, {""t"": 88.699342403, ""f"": ""Chorus""}, {""t"": 103.447891156, ""f"": ""Verse""}, {""t"": 147.733310657, ""f"": ""Transition""}, {""t"": 162.551133786, ""f"": ""Bridge""}, {""t"": 177.278979591, ""f"": ""Verse""}, {""t"": 221.645691609, ""f"": ""Chorus""}, {""t"": 251.183310657, ""f"": ""Outro""}, {""t"": 259.351587301, ""f"": ""Silence""}, {""t"": 265.086258503, ""f"": ""End""}]",spectrograms/mel/704_Les_Cowboys_Fringants_Les_e_toiles_filantes.png,spectrograms/linear/704_Les_Cowboys_Fringants_Les_e_toiles_filantes.png,spectrograms/matrices/704_Les_Cowboys_Fringants_Les_e_toiles_filantes.npy
706,Victory Is Won,Santana,"[0.0, 0.139319727, 32.608276643, 38.676961451, 63.292426303, 75.363922902, 99.836054421, 112.17909297, 184.52430839, 196.630430839, 268.653310657, 317.788299319, 320.486122448]","[{""t"": 0.0, ""f"": ""Silence""}, {""t"": 0.139319727, ""f"": ""Intro""}, {""t"": 32.608276643, ""f"": ""Bridge""}, {""t"": 38.676961451, ""f"": ""Intro""}, {""t"": 63.292426303, ""f"": ""Bridge""}, {""t"": 75.363922902, ""f"": ""Theme""}, {""t"": 99.836054421, ""f"": ""Bridge""}, {""t"": 112.17909297, ""f"": ""Solo""}, {""t"": 184.52430839, ""f"": ""Theme""}, {""t"": 196.630430839, ""f"": ""Solo""}, {""t"": 268.653310657, ""f"": ""Outro""}, {""t"": 317.788299319, ""f"": ""Silence""}, {""t"": 320.486122448, ""f"": ""End""}]","[0.0, 0.0, 38.663809523, 75.332607709, 112.113605442, 184.47047619, 268.312675736, 317.402766439, 320.480770975]","[{""t"": 0.0, ""f"": ""Chorus""}, {""t"": 0.0, ""f"": ""silence""}, {""t"": 38.663809523, ""f"": ""Chorus""}, {""t"": 75.332607709, ""f"": ""Chorus""}, {""t"": 112.113605442, ""f"": ""Solo""}, {""t"": 184.47047619, ""f"": ""Solo""}, {""t"": 268.312675736, ""f"": ""Chorus""}, {""t"": 317.402766439, ""f"": ""Silence""}, {""t"": 320.480770975, ""f"": ""End""}]",spectrograms/mel/706_Santana_Victory_Is_Won.png,spectrograms/linear/706_Santana_Victory_Is_Won.png,spectrograms/matrices/706_Santana_Victory_Is_Won.npy
708,I Can  t Make You Love Me,Bonnie Raitt,"[0.0, 0.587755102, 32.990589569, 74.029024943, 136.393854875, 178.915941043, 233.040861678, 310.00632653, 329.024739229, 333.486870748]","[{""t"": 0.0, ""f"": ""Silence""}, {""t"": 0.587755102, ""f"": ""Intro""}, {""t"": 32.990589569, ""f"": ""Verse""}, {""t"": 74.029024943, ""f"": ""Chorus""}, {""t"": 136.393854875, ""f"": ""Verse""}, {""t"": 178.915941043, ""f"": ""Chorus""}, {""t"": 233.040861678, ""f"": ""Coda""}, {""t"": 310.00632653, ""f"": ""Fade-out""}, {""t"": 329.024739229, ""f"": ""Silence""}, {""t"": 333.486870748, ""f"": ""End""}]","[0.0, 0.651247165, 33.034331065, 74.089637188, 120.90047619, 136.426394557, 178.900702947, 225.409750566, 302.405034013, 333.519070294]","[{""t"": 0.0, ""f"": ""Silence""}, {""t"": 0.651247165, ""f"": ""Intro""}, {""t"": 33.034331065, ""f"": ""Verse""}, {""t"": 74.089637188, ""f"": ""Chorus""}, {""t"": 120.90047619, ""f"": ""post-chorus""}, {""t"": 136.426394557, ""f"": ""Verse""}, {""t"": 178.900702947, ""f"": ""Chorus""}, {""t"": 225.409750566, ""f"": ""Outro""}, {""t"": 302.405034013, ""f"": ""Fade-out""}, {""t"": 333.519070294, ""f"": ""End""}]",spectrograms/mel/708_Bonnie_Raitt_I_Can__t_Make_You_Love_Me.png,spectrograms/linear/708_Bonnie_Raitt_I_Can__t_Make_You_Love_Me.png,spectrograms/matrices/708_Bonnie_Raitt_I_Can__t_Make_You_Love_Me.npy
712,That  s Where The Blues Started,Son House,"[0.0, 0.441179138, 21.095328798, 21.577142857]","[{""t"": 0.0, ""f"": ""Silence""}, {""t"": 0.441179138, ""f"": ""no_function""}, {""t"": 21.095328798, ""f"": ""Silence""}, {""t"": 21.577142857, ""f"": ""End""}]",[],[],spectrograms/mel/712_Son_House_That__s_Where_The_Blues_Started.png,spectrograms/linear/712_Son_House_That__s_Where_The_Blues_Started.png,spectrograms/matrices/712_Son_House_That__s_Where_The_Blues_Started.npy
714,Holy Miss Moley,Otis,"[0.0, 0.02031746, 16.262675736, 16.274285714]","[{""t"": 0.0, ""f"": ""Silence""}, {""t"": 0.02031746, ""f"": ""no_function""}, {""t"": 16.262675736, ""f"": ""Silence""}, {""t"": 16.274285714, ""f"": ""End""}]",[],[],spectrograms/mel/714_Otis_Holy_Miss_Moley.png,spectrograms/linear/714_Otis_Holy_Miss_Moley.png,spectrograms/matrices/714_Otis_Holy_Miss_Moley.npy
716,Saddle Up The Mule,Capt. Spaulding,"[0.0, 0.01632653, 17.188571428]","[{""t"": 0.0, ""f"": ""Silence""}, {""t"": 0.01632653, ""f"": ""no_function""}, {""t"": 17.188571428, ""f"": ""End""}]",[],[],spectrograms/mel/716_Capt._Spaulding_Saddle_Up_The_Mule.png,spectrograms/linear/716_Capt._Spaulding_Saddle_Up_The_Mule.png,spectrograms/matrices/716_Capt._Spaulding_Saddle_Up_The_Mule.npy
726,White Man Sleeps  I,Kronos Quartet,"[0.0, 0.304761904, 54.796530612, 76.666757369, 138.893514739, 175.611315192, 193.157256235, 242.573038548]","[{""t"": 0.0, ""f"": ""Silence""}, {""t"": 0.304761904, ""f"": ""no_function""}, {""t"": 54.796530612, ""f"": ""no_function""}, {""t"": 76.666757369, ""f"": ""no_function""}, {""t"": 138.893514739, ""f"": ""no_function""}, {""t"": 175.611315192, ""f"": ""no_function""}, {""t"": 193.157256235, ""f"": ""no_function""}, {""t"": 242.573038548, ""f"": ""End""}]","[0.0, 0.278639455, 23.396281179, 48.82956916, 54.780294784, 76.440816326, 139.445782312, 168.522721088, 175.474104308, 183.978956916, 193.235668934, 235.886462585, 242.283673469, 242.578140589]","[{""t"": 0.0, ""f"": ""Silence""}, {""t"": 0.278639455, ""f"": ""Theme""}, {""t"": 23.396281179, ""f"": ""Theme""}, {""t"": 48.82956916, ""f"": ""Bridge""}, {""t"": 54.780294784, ""f"": ""Theme""}, {""t"": 76.440816326, ""f"": ""Interlude""}, {""t"": 139.445782312, ""f"": ""Instrumental""}, {""t"": 168.522721088, ""f"": ""Theme""}, {""t"": 175.474104308, ""f"": ""Bridge""}, {""t"": 183.978956916, ""f"": ""Theme""}, {""t"": 193.235668934, ""f"": ""Interlude""}, {""t"": 235.886462585, ""f"": ""Outro""}, {""t"": 242.283673469, ""f"": ""Silence""}, {""t"": 242.578140589, ""f"": ""End""}]",spectrograms/mel/726_Kronos_Quartet_White_Man_Sleeps__I.png,spectrograms/linear/726_Kronos_Quartet_White_Man_Sleeps__I.png,spectrograms/matrices/726_Kronos_Quartet_White_Man_Sleeps__I.npy
728,Timbuktu,Issa Bagayogo,"[0.0, 0.391836734, 2.929455782, 22.836235827, 42.875419501, 62.852811791, 92.864036281, 112.942312925, 142.946281179, 152.930680272, 192.973922902, 212.959795918, 222.974603174, 262.975034013, 292.956099773, 302.923877551, 322.968458049, 332.969750566, 348.663605442]","[{""t"": 0.0, ""f"": ""Silence""}, {""t"": 0.391836734, ""f"": ""Intro""}, {""t"": 2.929455782, ""f"": ""Intro""}, {""t"": 22.836235827, ""f"": ""Verse""}, {""t"": 42.875419501, ""f"": ""Chorus""}, {""t"": 62.852811791, ""f"": ""Verse""}, {""t"": 92.864036281, ""f"": ""Interlude""}, {""t"": 112.942312925, ""f"": ""Verse""}, {""t"": 142.946281179, ""f"": ""Interlude""}, {""t"": 152.930680272, ""f"": ""Verse""}, {""t"": 192.973922902, ""f"": ""Bridge""}, {""t"": 212.959795918, ""f"": ""Interlude""}, {""t"": 222.974603174, ""f"": ""Verse""}, {""t"": 262.975034013, ""f"": ""Interlude""}, {""t"": 292.956099773, ""f"": ""Verse""}, {""t"": 302.923877551, ""f"": ""Interlude""}, {""t"": 322.968458049, ""f"": ""Outro""}, {""t"": 332.969750566, ""f"": ""Fade-out""}, {""t"": 348.663605442, ""f"": ""End""}]","[0.0, 0.371519274, 2.879274376, 22.91648526, 42.864036281, 52.991791383, 92.885351473, 112.937573696, 137.941337868, 152.974126984, 167.972789115, 187.912857142, 222.859297052, 262.999886621, 277.954149659, 302.98877551, 337.890748299, 347.538276643, 348.687936507]","[{""t"": 0.0, ""f"": ""Silence""}, {""t"": 0.371519274, ""f"": ""Intro""}, {""t"": 2.879274376, ""f"": ""Pre-Verse""}, {""t"": 22.91648526, ""f"": ""Verse""}, {""t"": 42.864036281, ""f"": ""Chorus""}, {""t"": 52.991791383, ""f"": ""Verse""}, {""t"": 92.885351473, ""f"": ""Transition""}, {""t"": 112.937573696, ""f"": ""Verse""}, {""t"": 137.941337868, ""f"": ""Transition""}, {""t"": 152.974126984, ""f"": ""Chorus""}, {""t"": 167.972789115, ""f"": ""Verse""}, {""t"": 187.912857142, ""f"": ""Bridge""}, {""t"": 222.859297052, ""f"": ""Verse""}, {""t"": 262.999886621, ""f"": ""Transition""}, {""t"": 277.954149659, ""f"": ""no_function""}, {""t"": 302.98877551, ""f"": ""no_function""}, {""t"": 337.890748299, ""f"": ""Outro""}, {""t"": 347.538276643, ""f"": ""Silence""}, {""t"": 348.687936507, ""f"": ""End""}]",spectrograms/mel/728_Issa_Bagayogo_Timbuktu.png,spectrograms/linear/728_Issa_Bagayogo_Timbuktu.png,spectrograms/matrices/728_Issa_Bagayogo_Timbuktu.npy
744,Khallina Nikhwat,Almaas Band,"[0.0, 0.069659863, 1.928140589, 17.350839002, 32.887074829, 48.187528344, 63.582721088, 79.129070294, 94.44201814, 109.854285714, 125.251655328, 140.543877551, 155.977619047, 159.613968253, 160.23510204]","[{""t"": 0.0, ""f"": ""Silence""}, {""t"": 0.069659863, ""f"": ""Intro""}, {""t"": 1.928140589, ""f"": ""Chorus""}, {""t"": 17.350839002, ""f"": ""Verse""}, {""t"": 32.887074829, ""f"": ""Solo""}, {""t"": 48.187528344, ""f"": ""Chorus""}, {""t"": 63.582721088, ""f"": ""Interlude""}, {""t"": 79.129070294, ""f"": ""Solo""}, {""t"": 94.44201814, ""f"": ""Chorus""}, {""t"": 109.854285714, ""f"": ""Interlude""}, {""t"": 125.251655328, ""f"": ""Solo""}, {""t"": 140.543877551, ""f"": ""Chorus""}, {""t"": 155.977619047, ""f"": ""Coda""}, {""t"": 159.613968253, ""f"": ""Silence""}, {""t"": 160.23510204, ""f"": ""End""}]",[],[],spectrograms/mel/744_Almaas_Band_Khallina_Nikhwat.png,spectrograms/linear/744_Almaas_Band_Khallina_Nikhwat.png,spectrograms/matrices/744_Almaas_Band_Khallina_Nikhwat.npy
754,Hicaz Dolap,Esin Engin and orchestra,"[0.0, 0.365714285, 14.377482993, 56.060181405, 109.078390022, 169.270725623, 182.929115646, 213.629365079]","[{""t"": 0.0, ""f"": ""Silence""}, {""t"": 0.365714285, ""f"": ""Intro""}, {""t"": 14.377482993, ""f"": ""no_function""}, {""t"": 56.060181405, ""f"": ""Solo""}, {""t"": 109.078390022, ""f"": ""Solo""}, {""t"": 169.270725623, ""f"": ""Outro""}, {""t"": 182.929115646, ""f"": ""no_function""}, {""t"": 213.629365079, ""f"": ""End""}]","[0.0, 0.348299319, 14.35510204, 24.785895691, 40.424489795, 56.078367346, 56.078367346, 70.185895691, 70.185895691, 84.266349206, 84.266349206, 98.457823129, 98.457823129, 112.841814058, 112.841814058, 127.38648526, 127.38648526, 141.938185941, 141.938185941, 156.361746031, 169.09201814, 182.922131519, 193.324399092, 203.731111111, 211.828571428, 213.63909297]","[{""t"": 0.0, ""f"": ""Silence""}, {""t"": 0.348299319, ""f"": ""Intro""}, {""t"": 14.35510204, ""f"": ""Theme""}, {""t"": 24.785895691, ""f"": ""Theme""}, {""t"": 40.424489795, ""f"": ""Theme""}, {""t"": 56.078367346, ""f"": ""Instrumental""}, {""t"": 56.078367346, ""f"": ""Solo""}, {""t"": 70.185895691, ""f"": ""Instrumental""}, {""t"": 70.185895691, ""f"": ""Solo""}, {""t"": 84.266349206, ""f"": ""Instrumental""}, {""t"": 84.266349206, ""f"": ""Solo""}, {""t"": 98.457823129, ""f"": ""Instrumental""}, {""t"": 98.457823129, ""f"": ""Solo""}, {""t"": 112.841814058, ""f"": ""Instrumental""}, {""t"": 112.841814058, ""f"": ""Solo""}, {""t"": 127.38648526, ""f"": ""Instrumental""}, {""t"": 127.38648526, ""f"": ""Solo""}, {""t"": 141.938185941, ""f"": ""Instrumental""}, {""t"": 141.938185941, ""f"": ""Solo""}, {""t"": 156.361746031, ""f"": ""Instrumental""}, {""t"": 169.09201814, ""f"": ""Theme""}, {""t"": 182.922131519, ""f"": ""Theme""}, {""t"": 193.324399092, ""f"": ""Theme""}, {""t"": 203.731111111, ""f"": ""Outro""}, {""t"": 211.828571428, ""f"": ""Silence""}, {""t"": 213.63909297, ""f"": ""End""}]",spectrograms/mel/754_Esin_Engin_and_orchestra_Hicaz_Dolap.png,spectrograms/linear/754_Esin_Engin_and_orchestra_Hicaz_Dolap.png,spectrograms/matrices/754_Esin_Engin_and_orchestra_Hicaz_Dolap.npy
770,Djelem   Djelem,Kocani Orkestar,"[0.0, 0.267029478, 86.334693877, 103.645215419, 137.709614512, 177.306122448, 194.63770975, 228.973673469, 244.293106575, 245.029795918]","[{""t"": 0.0, ""f"": ""Silence""}, {""t"": 0.267029478, ""f"": ""Intro""}, {""t"": 86.334693877, ""f"": ""Main_Theme""}, {""t"": 103.645215419, ""f"": ""Secondary_Theme""}, {""t"": 137.709614512, ""f"": ""Secondary_Theme""}, {""t"": 177.306122448, ""f"": ""Main_Theme""}, {""t"": 194.63770975, ""f"": ""Secondary_Theme""}, {""t"": 228.973673469, ""f"": ""Outro""}, {""t"": 244.293106575, ""f"": ""Silence""}, {""t"": 245.029795918, ""f"": ""End""}]","[0.0, 0.295918367, 86.391247165, 105.720340136, 177.315238095, 196.870340136, 243.641587301, 245.044240362]","[{""t"": 0.0, ""f"": ""Silence""}, {""t"": 0.295918367, ""f"": ""Intro""}, {""t"": 86.391247165, ""f"": ""no_function""}, {""t"": 105.720340136, ""f"": ""no_function""}, {""t"": 177.315238095, ""f"": ""no_function""}, {""t"": 196.870340136, ""f"": ""no_function""}, {""t"": 243.641587301, ""f"": ""Silence""}, {""t"": 245.044240362, ""f"": ""End""}]",spectrograms/mel/770_Kocani_Orkestar_Djelem___Djelem.png,spectrograms/linear/770_Kocani_Orkestar_Djelem___Djelem.png,spectrograms/matrices/770_Kocani_Orkestar_Djelem___Djelem.npy
772,Mladino kolo,Boban Markovic Orkestar,"[0.0, 0.371519274, 13.448480725, 26.981587301, 40.199637188, 53.904671201, 67.668594104, 81.549977324, 95.057664399, 146.749501133, 160.266916099, 173.751496598, 187.192947845, 201.079523809, 214.578979591, 221.219024943, 253.865691609, 267.17154195, 281.495510204, 289.880816326]","[{""t"": 0.0, ""f"": ""Silence""}, {""t"": 0.371519274, ""f"": ""Intro""}, {""t"": 13.448480725, ""f"": ""Chorus""}, {""t"": 26.981587301, ""f"": ""Chorus""}, {""t"": 40.199637188, ""f"": ""Verse""}, {""t"": 53.904671201, ""f"": ""Chorus""}, {""t"": 67.668594104, ""f"": ""Chorus""}, {""t"": 81.549977324, ""f"": ""Instrumental""}, {""t"": 95.057664399, ""f"": ""Solo""}, {""t"": 146.749501133, ""f"": ""Chorus""}, {""t"": 160.266916099, ""f"": ""Chorus""}, {""t"": 173.751496598, ""f"": ""Verse""}, {""t"": 187.192947845, ""f"": ""Chorus""}, {""t"": 201.079523809, ""f"": ""Chorus""}, {""t"": 214.578979591, ""f"": ""Instrumental""}, {""t"": 221.219024943, ""f"": ""Solo""}, {""t"": 253.865691609, ""f"": ""Chorus""}, {""t"": 267.17154195, ""f"": ""Chorus""}, {""t"": 281.495510204, ""f"": ""Silence""}, {""t"": 289.880816326, ""f"": ""End""}]",[],[],spectrograms/mel/772_Boban_Markovic_Orkestar_Mladino_kolo.png,spectrograms/linear/772_Boban_Markovic_Orkestar_Mladino_kolo.png,spectrograms/matrices/772_Boban_Markovic_Orkestar_Mladino_kolo.npy
774,Harmoniko moja,Marinko Rokvic,"[0.0, 0.441179138, 2.832834467, 41.285079365, 62.726938775, 100.045510204, 121.455328798, 158.75063492, 180.070181405, 221.889886621, 226.977959183]","[{""t"": 0.0, ""f"": ""Silence""}, {""t"": 0.441179138, ""f"": ""no_function""}, {""t"": 2.832834467, ""f"": ""Solo""}, {""t"": 41.285079365, ""f"": ""Instrumental""}, {""t"": 62.726938775, ""f"": ""Verse""}, {""t"": 100.045510204, ""f"": ""Solo""}, {""t"": 121.455328798, ""f"": ""Verse""}, {""t"": 158.75063492, ""f"": ""Solo""}, {""t"": 180.070181405, ""f"": ""Verse""}, {""t"": 221.889886621, ""f"": ""Silence""}, {""t"": 226.977959183, ""f"": ""End""}]",[],[],spectrograms/mel/774_Marinko_Rokvic_Harmoniko_moja.png,spectrograms/linear/774_Marinko_Rokvic_Harmoniko_moja.png,spectrograms/matrices/774_Marinko_Rokvic_Harmoniko_moja.npy
784,Zombie Jamboree,Harry Belafonte,"[0.0, 0.484104308, 3.436553287, 14.918231292, 37.283877551, 59.384761904, 81.587641723, 92.630816326, 103.793197278, 125.965986394, 137.072108843, 148.134058956, 170.070045351, 189.296802721, 197.765668934, 201.619455782]","[{""t"": 0.0, ""f"": ""Silence""}, {""t"": 0.484104308, ""f"": ""Intro""}, {""t"": 3.436553287, ""f"": ""Pre-Verse""}, {""t"": 14.918231292, ""f"": ""Verse""}, {""t"": 37.283877551, ""f"": ""Chorus""}, {""t"": 59.384761904, ""f"": ""Verse""}, {""t"": 81.587641723, ""f"": ""Chorus""}, {""t"": 92.630816326, ""f"": ""Transition""}, {""t"": 103.793197278, ""f"": ""Verse""}, {""t"": 125.965986394, ""f"": ""Chorus""}, {""t"": 137.072108843, ""f"": ""Solo""}, {""t"": 148.134058956, ""f"": ""Verse""}, {""t"": 170.070045351, ""f"": ""Chorus""}, {""t"": 189.296802721, ""f"": ""Outro""}, {""t"": 197.765668934, ""f"": ""Silence""}, {""t"": 201.619455782, ""f"": ""End""}]",[],[],spectrograms/mel/784_Harry_Belafonte_Zombie_Jamboree.png,spectrograms/linear/784_Harry_Belafonte_Zombie_Jamboree.png,spectrograms/matrices/784_Harry_Belafonte_Zombie_Jamboree.npy
790,Rusty D con STRUCK tion,Ashley MacIsaac,"[0.0, 0.185759637, 9.170702947, 64.793990929, 105.914807256, 119.202358276, 146.162108843, 180.483151927, 180.483151927]","[{""t"": 0.0, ""f"": ""Silence""}, {""t"": 0.185759637, ""f"": ""Intro""}, {""t"": 9.170702947, ""f"": ""Main_Theme""}, {""t"": 64.793990929, ""f"": ""Theme""}, {""t"": 105.914807256, ""f"": ""Interlude""}, {""t"": 119.202358276, ""f"": ""Theme""}, {""t"": 146.162108843, ""f"": ""Main_Theme""}, {""t"": 180.483151927, ""f"": ""End""}, {""t"": 180.483151927, ""f"": ""Silence""}]","[0.0, 0.185759637, 2.043356009, 8.846802721, 22.795215419, 36.833990929, 50.836553287, 64.80494331, 85.502607709, 105.771088435, 145.821315192, 159.675374149, 177.67909297, 180.508140589]","[{""t"": 0.0, ""f"": ""Silence""}, {""t"": 0.185759637, ""f"": ""no_function""}, {""t"": 2.043356009, ""f"": ""Intro""}, {""t"": 8.846802721, ""f"": ""Theme""}, {""t"": 22.795215419, ""f"": ""Theme""}, {""t"": 36.833990929, ""f"": ""Theme""}, {""t"": 50.836553287, ""f"": ""Theme""}, {""t"": 64.80494331, ""f"": ""Theme""}, {""t"": 85.502607709, ""f"": ""no_function""}, {""t"": 105.771088435, ""f"": ""Interlude""}, {""t"": 145.821315192, ""f"": ""Theme""}, {""t"": 159.675374149, ""f"": ""Theme""}, {""t"": 177.67909297, ""f"": ""no_function""}, {""t"": 180.508140589, ""f"": ""End""}]",spectrograms/mel/790_Ashley_MacIsaac_Rusty_D_con_STRUCK_tion.png,spectrograms/linear/790_Ashley_MacIsaac_Rusty_D_con_STRUCK_tion.png,spectrograms/matrices/790_Ashley_MacIsaac_Rusty_D_con_STRUCK_tion.npy
798,O ro  Se  Do Bheatha   Bhaile,Sinéad O'Connor,"[0.0, 0.848979591, 20.587755102, 39.136281179, 55.914965986, 74.443492063, 91.20047619, 109.712086167, 126.432108843, 143.269387755, 159.968095238, 176.750975056, 189.991405895, 198.05770975, 200.86170068]","[{""t"": 0.0, ""f"": ""Silence""}, {""t"": 0.848979591, ""f"": ""Intro""}, {""t"": 20.587755102, ""f"": ""Chorus""}, {""t"": 39.136281179, ""f"": ""Verse""}, {""t"": 55.914965986, ""f"": ""Chorus""}, {""t"": 74.443492063, ""f"": ""Verse""}, {""t"": 91.20047619, ""f"": ""Chorus""}, {""t"": 109.712086167, ""f"": ""Verse""}, {""t"": 126.432108843, ""f"": ""Chorus""}, {""t"": 143.269387755, ""f"": ""Instrumental""}, {""t"": 159.968095238, ""f"": ""Instrumental""}, {""t"": 176.750975056, ""f"": ""Instrumental""}, {""t"": 189.991405895, ""f"": ""Outro""}, {""t"": 198.05770975, ""f"": ""Silence""}, {""t"": 200.86170068, ""f"": ""End""}]","[0.0, 3.808072562, 20.621519274, 39.094489795, 55.854421768, 74.430181405, 91.101678004, 109.693537414, 126.461564625, 143.200340136, 159.982380952, 176.77802721, 197.856757369, 200.865759637]","[{""t"": 0.0, ""f"": ""Silence""}, {""t"": 3.808072562, ""f"": ""Intro""}, {""t"": 20.621519274, ""f"": ""Chorus""}, {""t"": 39.094489795, ""f"": ""Verse""}, {""t"": 55.854421768, ""f"": ""Chorus""}, {""t"": 74.430181405, ""f"": ""Verse""}, {""t"": 91.101678004, ""f"": ""Chorus""}, {""t"": 109.693537414, ""f"": ""Verse""}, {""t"": 126.461564625, ""f"": ""Chorus""}, {""t"": 143.200340136, ""f"": ""Outro""}, {""t"": 159.982380952, ""f"": ""no_function""}, {""t"": 176.77802721, ""f"": ""no_function""}, {""t"": 197.856757369, ""f"": ""Silence""}, {""t"": 200.865759637, ""f"": ""End""}]",spectrograms/mel/798_Sinéad_O'Connor_O_ro__Se__Do_Bheatha___Bhaile.png,spectrograms/linear/798_Sinéad_O'Connor_O_ro__Se__Do_Bheatha___Bhaile.png,spectrograms/matrices/798_Sinéad_O'Connor_O_ro__Se__Do_Bheatha___Bhaile.npy
800,La chanson du trepasse,Têtes Raides,"[0.0, 1.30031746, 26.993265306, 63.367414965, 75.673990929, 111.804240362, 124.008843537, 160.259750566, 184.663922902, 206.397800453, 220.863832199, 224.626938775]","[{""t"": 0.0, ""f"": ""Silence""}, {""t"": 1.30031746, ""f"": ""Intro""}, {""t"": 26.993265306, ""f"": ""Verse""}, {""t"": 63.367414965, ""f"": ""Transition""}, {""t"": 75.673990929, ""f"": ""Verse""}, {""t"": 111.804240362, ""f"": ""Transition""}, {""t"": 124.008843537, ""f"": ""Verse""}, {""t"": 160.259750566, ""f"": ""Solo""}, {""t"": 184.663922902, ""f"": ""Solo""}, {""t"": 206.397800453, ""f"": ""Outro""}, {""t"": 220.863832199, ""f"": ""Silence""}, {""t"": 224.626938775, ""f"": ""End""}]","[0.0, 0.865510204, 26.981587301, 63.418571428, 75.999954648, 111.845147392, 124.002244897, 160.191791383, 202.570884353, 222.653492063, 224.627891156]","[{""t"": 0.0, ""f"": ""Silence""}, {""t"": 0.865510204, ""f"": ""Intro""}, {""t"": 26.981587301, ""f"": ""Verse""}, {""t"": 63.418571428, ""f"": ""Transition""}, {""t"": 75.999954648, ""f"": ""Verse""}, {""t"": 111.845147392, ""f"": ""Transition""}, {""t"": 124.002244897, ""f"": ""Verse""}, {""t"": 160.191791383, ""f"": ""Outro""}, {""t"": 202.570884353, ""f"": ""Fade-out""}, {""t"": 222.653492063, ""f"": ""Silence""}, {""t"": 224.627891156, ""f"": ""End""}]",spectrograms/mel/800_Têtes_Raides_La_chanson_du_trepasse.png,spectrograms/linear/800_Têtes_Raides_La_chanson_du_trepasse.png,spectrograms/matrices/800_Têtes_Raides_La_chanson_du_trepasse.npy
802,On N  a Pas Besoin,Paris Combo,"[0.0, 0.417959183, 11.304557823, 36.472290249, 65.592675736, 72.71723356, 105.204126984, 134.112267573, 162.393310657, 177.188911564, 206.210544217, 220.683469387, 238.530408163, 245.138911564, 249.842040816]","[{""t"": 0.0, ""f"": ""Silence""}, {""t"": 0.417959183, ""f"": ""Intro""}, {""t"": 11.304557823, ""f"": ""Verse""}, {""t"": 36.472290249, ""f"": ""Chorus""}, {""t"": 65.592675736, ""f"": ""Solo""}, {""t"": 72.71723356, ""f"": ""Verse""}, {""t"": 105.204126984, ""f"": ""Chorus""}, {""t"": 134.112267573, ""f"": ""Solo""}, {""t"": 162.393310657, ""f"": ""Bridge""}, {""t"": 177.188911564, ""f"": ""Chorus""}, {""t"": 206.210544217, ""f"": ""Solo""}, {""t"": 220.683469387, ""f"": ""Solo""}, {""t"": 238.530408163, ""f"": ""Outro""}, {""t"": 245.138911564, ""f"": ""Silence""}, {""t"": 249.842040816, ""f"": ""End""}]","[0.0, 0.417959183, 11.319841269, 18.452403628, 36.487777777, 65.580090702, 80.04031746, 87.120453514, 105.295419501, 134.233786848, 162.639886621, 177.216439909, 206.196598639, 227.807596371, 244.443832199, 249.83664399]","[{""t"": 0.0, ""f"": ""Silence""}, {""t"": 0.417959183, ""f"": ""Intro""}, {""t"": 11.319841269, ""f"": ""Chorus""}, {""t"": 18.452403628, ""f"": ""Verse""}, {""t"": 36.487777777, ""f"": ""Verse""}, {""t"": 65.580090702, ""f"": ""Solo""}, {""t"": 80.04031746, ""f"": ""Chorus""}, {""t"": 87.120453514, ""f"": ""Verse""}, {""t"": 105.295419501, ""f"": ""Verse""}, {""t"": 134.233786848, ""f"": ""Solo""}, {""t"": 162.639886621, ""f"": ""Verse""}, {""t"": 177.216439909, ""f"": ""Verse""}, {""t"": 206.196598639, ""f"": ""Outro""}, {""t"": 227.807596371, ""f"": ""Fade-out""}, {""t"": 244.443832199, ""f"": ""Silence""}, {""t"": 249.83664399, ""f"": ""End""}]",spectrograms/mel/802_Paris_Combo_On_N__a_Pas_Besoin.png,spectrograms/linear/802_Paris_Combo_On_N__a_Pas_Besoin.png,spectrograms/matrices/802_Paris_Combo_On_N__a_Pas_Besoin.npy
806,Quatre vingt quinze pour cent,Georges Brassens,"[0.0, 0.417959183, 12.803990929, 32.184489795, 51.857165532, 76.953265306, 96.641224489, 116.393356009, 141.640997732, 161.402857142, 181.195963718, 206.126054421, 225.482834467, 245.122857142, 264.998321995, 273.881383219, 276.443809523]","[{""t"": 0.0, ""f"": ""Silence""}, {""t"": 0.417959183, ""f"": ""Intro""}, {""t"": 12.803990929, ""f"": ""Verse""}, {""t"": 32.184489795, ""f"": ""Verse""}, {""t"": 51.857165532, ""f"": ""Chorus""}, {""t"": 76.953265306, ""f"": ""Verse""}, {""t"": 96.641224489, ""f"": ""Verse""}, {""t"": 116.393356009, ""f"": ""Chorus""}, {""t"": 141.640997732, ""f"": ""Verse""}, {""t"": 161.402857142, ""f"": ""Verse""}, {""t"": 181.195963718, ""f"": ""Chorus""}, {""t"": 206.126054421, ""f"": ""Verse""}, {""t"": 225.482834467, ""f"": ""Verse""}, {""t"": 245.122857142, ""f"": ""Chorus""}, {""t"": 264.998321995, ""f"": ""Outro""}, {""t"": 273.881383219, ""f"": ""Silence""}, {""t"": 276.443809523, ""f"": ""End""}]","[0.0, 0.442766439, 12.725464852, 51.834603174, 77.002131519, 116.366213151, 141.657188208, 181.13526077, 206.067959183, 245.029682539, 273.593356009, 276.450725623]","[{""t"": 0.0, ""f"": ""Silence""}, {""t"": 0.442766439, ""f"": ""Intro""}, {""t"": 12.725464852, ""f"": ""Verse""}, {""t"": 51.834603174, ""f"": ""Chorus""}, {""t"": 77.002131519, ""f"": ""Verse""}, {""t"": 116.366213151, ""f"": ""Chorus""}, {""t"": 141.657188208, ""f"": ""Verse""}, {""t"": 181.13526077, ""f"": ""Chorus""}, {""t"": 206.067959183, ""f"": ""Verse""}, {""t"": 245.029682539, ""f"": ""Chorus""}, {""t"": 273.593356009, ""f"": ""Silence""}, {""t"": 276.450725623, ""f"": ""End""}]",spectrograms/mel/806_Georges_Brassens_Quatre_vingt_quinze_pour_cent.png,spectrograms/linear/806_Georges_Brassens_Quatre_vingt_quinze_pour_cent.png,spectrograms/matrices/806_Georges_Brassens_Quatre_vingt_quinze_pour_cent.npy
814,Cumbanchero,Ruben Gonzalez,"[0.0, 0.348299319, 11.239591836, 25.707573696, 39.98786848, 54.126961451, 67.667891156, 70.164716553, 100.034217687, 144.417823129, 239.339002267, 249.486757369, 264.059024943, 271.826553287, 275.345034013]","[{""t"": 0.0, ""f"": ""Silence""}, {""t"": 0.348299319, ""f"": ""Intro""}, {""t"": 11.239591836, ""f"": ""Theme""}, {""t"": 25.707573696, ""f"": ""Theme""}, {""t"": 39.98786848, ""f"": ""no_function""}, {""t"": 54.126961451, ""f"": ""no_function""}, {""t"": 67.667891156, ""f"": ""Transition""}, {""t"": 70.164716553, ""f"": ""Solo""}, {""t"": 100.034217687, ""f"": ""Solo""}, {""t"": 144.417823129, ""f"": ""Solo""}, {""t"": 239.339002267, ""f"": ""Recap""}, {""t"": 249.486757369, ""f"": ""Theme""}, {""t"": 264.059024943, ""f"": ""Coda""}, {""t"": 271.826553287, ""f"": ""Silence""}, {""t"": 275.345034013, ""f"": ""End""}]","[0.0, 0.371519274, 11.299727891, 25.560022675, 39.911972789, 54.054104308, 68.295941043, 70.17909297, 87.077573696, 102.067165532, 129.759319727, 144.516734693, 233.5230839, 239.199954648, 249.566780045, 263.964444444, 271.863764172, 275.339682539]","[{""t"": 0.0, ""f"": ""Silence""}, {""t"": 0.371519274, ""f"": ""Intro""}, {""t"": 11.299727891, ""f"": ""no_function""}, {""t"": 25.560022675, ""f"": ""no_function""}, {""t"": 39.911972789, ""f"": ""Bridge""}, {""t"": 54.054104308, ""f"": ""no_function""}, {""t"": 68.295941043, ""f"": ""Transition""}, {""t"": 70.17909297, ""f"": ""Solo""}, {""t"": 87.077573696, ""f"": ""no_function""}, {""t"": 102.067165532, ""f"": ""Solo""}, {""t"": 129.759319727, ""f"": ""no_function""}, {""t"": 144.516734693, ""f"": ""Solo""}, {""t"": 233.5230839, ""f"": ""Transition""}, {""t"": 239.199954648, ""f"": ""no_function""}, {""t"": 249.566780045, ""f"": ""no_function""}, {""t"": 263.964444444, ""f"": ""Coda""}, {""t"": 271.863764172, ""f"": ""Silence""}, {""t"": 275.339682539, ""f"": ""End""}]",spectrograms/mel/814_Ruben_Gonzalez_Cumbanchero.png,spectrograms/linear/814_Ruben_Gonzalez_Cumbanchero.png,spectrograms/matrices/814_Ruben_Gonzalez_Cumbanchero.npy
816,A Toda Cuba le Gusta,Puntillita,"[0.0, 0.017414965, 9.762562358, 46.107528344, 106.112902494, 145.264036281]","[{""t"": 0.0, ""f"": ""Silence""}, {""t"": 0.017414965, ""f"": ""Intro""}, {""t"": 9.762562358, ""f"": ""no_function""}, {""t"": 46.107528344, ""f"": ""no_function""}, {""t"": 106.112902494, ""f"": ""no_function""}, {""t"": 145.264036281, ""f"": ""End""}]","[0.0, 0.0, 9.967029478, 45.836190476, 50.366938775, 84.765056689, 106.053605442, 110.120748299, 145.340589569]","[{""t"": 0.0, ""f"": ""Intro""}, {""t"": 0.0, ""f"": ""silence""}, {""t"": 9.967029478, ""f"": ""Verse""}, {""t"": 45.836190476, ""f"": ""Transition""}, {""t"": 50.366938775, ""f"": ""Chorus""}, {""t"": 84.765056689, ""f"": ""Interlude""}, {""t"": 106.053605442, ""f"": ""Transition""}, {""t"": 110.120748299, ""f"": ""Chorus""}, {""t"": 145.340589569, ""f"": ""End""}]",spectrograms/mel/816_Puntillita_A_Toda_Cuba_le_Gusta.png,spectrograms/linear/816_Puntillita_A_Toda_Cuba_le_Gusta.png,spectrograms/matrices/816_Puntillita_A_Toda_Cuba_le_Gusta.npy
818,Cuba Y Espan a   Cuba And Spain,Compay Segundo,"[0.0, 0.023219954, 12.927596371, 20.43356009, 29.442902494, 41.958458049, 51.132675736, 58.108911564, 67.372834467, 79.481904761, 88.909206349, 96.236122448, 102.930498866, 116.912312925, 120.185374149, 133.236099773, 150.377619047, 162.28292517, 178.806712018, 190.273582766, 207.185668934, 217.896054421, 276.524875283, 276.524875283, 375.265419501, 391.697414965, 397.29632653]","[{""t"": 0.0, ""f"": ""Silence""}, {""t"": 0.023219954, ""f"": ""Intro""}, {""t"": 12.927596371, ""f"": ""Verse""}, {""t"": 20.43356009, ""f"": ""Instrumental""}, {""t"": 29.442902494, ""f"": ""Verse""}, {""t"": 41.958458049, ""f"": ""Instrumental""}, {""t"": 51.132675736, ""f"": ""Verse""}, {""t"": 58.108911564, ""f"": ""Instrumental""}, {""t"": 67.372834467, ""f"": ""Verse""}, {""t"": 79.481904761, ""f"": ""Instrumental""}, {""t"": 88.909206349, ""f"": ""Verse""}, {""t"": 96.236122448, ""f"": ""Instrumental""}, {""t"": 102.930498866, ""f"": ""Verse""}, {""t"": 116.912312925, ""f"": ""Transition""}, {""t"": 120.185374149, ""f"": ""Instrumental""}, {""t"": 133.236099773, ""f"": ""Verse""}, {""t"": 150.377619047, ""f"": ""Instrumental""}, {""t"": 162.28292517, ""f"": ""Verse""}, {""t"": 178.806712018, ""f"": ""Instrumental""}, {""t"": 190.273582766, ""f"": ""Verse""}, {""t"": 207.185668934, ""f"": ""Instrumental""}, {""t"": 217.896054421, ""f"": ""Chorus""}, {""t"": 276.524875283, ""f"": ""Instrumental""}, {""t"": 276.524875283, ""f"": ""Solo""}, {""t"": 375.265419501, ""f"": ""Outro""}, {""t"": 391.697414965, ""f"": ""Silence""}, {""t"": 397.29632653, ""f"": ""End""}]","[0.0, 0.0, 12.873265306, 20.363900226, 29.493219954, 41.958458049, 50.907097505, 58.165986394, 67.211224489, 79.760408163, 88.65478458, 96.664671201, 102.784353741, 119.374399092, 133.174421768, 152.289931972, 162.232698412, 179.76292517, 190.185328798, 207.347142857, 217.751587301, 276.122902494, 375.354603174, 390.583378684, 397.300861678]","[{""t"": 0.0, ""f"": ""Intro""}, {""t"": 0.0, ""f"": ""silence""}, {""t"": 12.873265306, ""f"": ""Verse""}, {""t"": 20.363900226, ""f"": ""Transition""}, {""t"": 29.493219954, ""f"": ""Verse""}, {""t"": 41.958458049, ""f"": ""Transition""}, {""t"": 50.907097505, ""f"": ""Verse""}, {""t"": 58.165986394, ""f"": ""Transition""}, {""t"": 67.211224489, ""f"": ""Verse""}, {""t"": 79.760408163, ""f"": ""Transition""}, {""t"": 88.65478458, ""f"": ""Verse""}, {""t"": 96.664671201, ""f"": ""Transition""}, {""t"": 102.784353741, ""f"": ""Verse""}, {""t"": 119.374399092, ""f"": ""Transition""}, {""t"": 133.174421768, ""f"": ""Verse""}, {""t"": 152.289931972, ""f"": ""Transition""}, {""t"": 162.232698412, ""f"": ""Verse""}, {""t"": 179.76292517, ""f"": ""Transition""}, {""t"": 190.185328798, ""f"": ""Verse""}, {""t"": 207.347142857, ""f"": ""Transition""}, {""t"": 217.751587301, ""f"": ""Chorus""}, {""t"": 276.122902494, ""f"": ""Solo""}, {""t"": 375.354603174, ""f"": ""Outro""}, {""t"": 390.583378684, ""f"": ""Silence""}, {""t"": 397.300861678, ""f"": ""End""}]",spectrograms/mel/818_Compay_Segundo_Cuba_Y_Espan_a___Cuba_And_Spain.png,spectrograms/linear/818_Compay_Segundo_Cuba_Y_Espan_a___Cuba_And_Spain.png,spectrograms/matrices/818_Compay_Segundo_Cuba_Y_Espan_a___Cuba_And_Spain.npy
820,Un Diciembre Feliz,Septeto Habañero,"[0.0, 0.142857142, 33.572040816, 66.652063492, 99.788639455, 132.956031746, 166.003968253, 204.543129251, 204.552199546]","[{""t"": 0.0, ""f"": ""Silence""}, {""t"": 0.142857142, ""f"": ""Intro""}, {""t"": 33.572040816, ""f"": ""Verse""}, {""t"": 66.652063492, ""f"": ""Verse""}, {""t"": 99.788639455, ""f"": ""Instrumental""}, {""t"": 132.956031746, ""f"": ""Verse""}, {""t"": 166.003968253, ""f"": ""Verse""}, {""t"": 204.543129251, ""f"": ""Silence""}, {""t"": 204.552199546, ""f"": ""End""}]","[0.0, 0.165442176, 33.656712018, 66.680816326, 99.824557823, 132.931519274, 166.081156462, 204.587278911]","[{""t"": 0.0, ""f"": ""Silence""}, {""t"": 0.165442176, ""f"": ""Intro""}, {""t"": 33.656712018, ""f"": ""Verse""}, {""t"": 66.680816326, ""f"": ""Verse""}, {""t"": 99.824557823, ""f"": ""Interlude""}, {""t"": 132.931519274, ""f"": ""Verse""}, {""t"": 166.081156462, ""f"": ""Verse""}, {""t"": 204.587278911, ""f"": ""End""}]",spectrograms/mel/820_Septeto_Habañero_Un_Diciembre_Feliz.png,spectrograms/linear/820_Septeto_Habañero_Un_Diciembre_Feliz.png,spectrograms/matrices/820_Septeto_Habañero_Un_Diciembre_Feliz.npy
822,La Ultima Noche,Omara Portuondo,"[0.0, 0.156734693, 14.13770975, 41.311020408, 69.021882086, 82.749319727, 110.126802721, 123.681428571, 138.936870748, 205.866235827, 225.872290249, 234.887369614]","[{""t"": 0.0, ""f"": ""Silence""}, {""t"": 0.156734693, ""f"": ""Intro""}, {""t"": 14.13770975, ""f"": ""Verse""}, {""t"": 41.311020408, ""f"": ""Chorus""}, {""t"": 69.021882086, ""f"": ""Verse""}, {""t"": 82.749319727, ""f"": ""Chorus""}, {""t"": 110.126802721, ""f"": ""Verse""}, {""t"": 123.681428571, ""f"": ""Transition""}, {""t"": 138.936870748, ""f"": ""no_function""}, {""t"": 205.866235827, ""f"": ""no_function""}, {""t"": 225.872290249, ""f"": ""Fade-out""}, {""t"": 234.887369614, ""f"": ""End""}]","[0.0, 0.0, 14.311473922, 27.760181405, 41.397346938, 69.218072562, 82.865941043, 110.128231292, 123.624036281, 138.81755102, 205.688253968, 225.847959183, 234.86739229, 234.86739229]","[{""t"": 0.0, ""f"": ""Intro""}, {""t"": 0.0, ""f"": ""Silence""}, {""t"": 14.311473922, ""f"": ""Verse""}, {""t"": 27.760181405, ""f"": ""Verse""}, {""t"": 41.397346938, ""f"": ""Chorus""}, {""t"": 69.218072562, ""f"": ""Verse""}, {""t"": 82.865941043, ""f"": ""Chorus""}, {""t"": 110.128231292, ""f"": ""Verse""}, {""t"": 123.624036281, ""f"": ""Interlude""}, {""t"": 138.81755102, ""f"": ""Chorus""}, {""t"": 205.688253968, ""f"": ""Outro""}, {""t"": 225.847959183, ""f"": ""Fade-out""}, {""t"": 234.86739229, ""f"": ""End""}, {""t"": 234.86739229, ""f"": ""Silence""}]",spectrograms/mel/822_Omara_Portuondo_La_Ultima_Noche.png,spectrograms/linear/822_Omara_Portuondo_La_Ultima_Noche.png,spectrograms/matrices/822_Omara_Portuondo_La_Ultima_Noche.npy
824,Mayeya   No Juegues con los,Sexteto Nacional,"[0.0, 0.159183673, 19.269138321, 35.172380952, 48.229659863, 63.958798185, 90.577278911, 174.3530839, 176.613764172, 176.626439909]","[{""t"": 0.0, ""f"": ""Silence""}, {""t"": 0.159183673, ""f"": ""Intro""}, {""t"": 19.269138321, ""f"": ""Verse""}, {""t"": 35.172380952, ""f"": ""Verse""}, {""t"": 48.229659863, ""f"": ""Solo""}, {""t"": 63.958798185, ""f"": ""Verse""}, {""t"": 90.577278911, ""f"": ""Chorus""}, {""t"": 174.3530839, ""f"": ""Outro""}, {""t"": 176.613764172, ""f"": ""Silence""}, {""t"": 176.626439909, ""f"": ""End""}]","[0.0, 0.023219954, 19.274195011, 48.242063492, 65.610362811, 84.410045351, 90.586077097, 176.323628117, 176.614716553]","[{""t"": 0.0, ""f"": ""Silence""}, {""t"": 0.023219954, ""f"": ""Intro""}, {""t"": 19.274195011, ""f"": ""Chorus""}, {""t"": 48.242063492, ""f"": ""Instrumental""}, {""t"": 65.610362811, ""f"": ""Chorus""}, {""t"": 84.410045351, ""f"": ""Bridge""}, {""t"": 90.586077097, ""f"": ""Outro""}, {""t"": 176.323628117, ""f"": ""Silence""}, {""t"": 176.614716553, ""f"": ""End""}]",spectrograms/mel/824_Sexteto_Nacional_Mayeya___No_Juegues_con_los.png,spectrograms/linear/824_Sexteto_Nacional_Mayeya___No_Juegues_con_los.png,spectrograms/matrices/824_Sexteto_Nacional_Mayeya___No_Juegues_con_los.npy
826,La dispute,Yann Tiersen,"[0.0, 0.65015873, 59.037414965, 99.989229024, 134.828367346, 170.539319727, 203.760816326, 254.664761904, 255.249501133]","[{""t"": 0.0, ""f"": ""Silence""}, {""t"": 0.65015873, ""f"": ""no_function""}, {""t"": 59.037414965, ""f"": ""no_function""}, {""t"": 99.989229024, ""f"": ""no_function""}, {""t"": 134.828367346, ""f"": ""no_function""}, {""t"": 170.539319727, ""f"": ""no_function""}, {""t"": 203.760816326, ""f"": ""no_function""}, {""t"": 254.664761904, ""f"": ""Silence""}, {""t"": 255.249501133, ""f"": ""End""}]","[0.0, 0.626938775, 59.195827664, 100.00462585, 134.867845804, 170.590839002, 203.892403628, 240.152902494, 254.565804988, 255.25356009]","[{""t"": 0.0, ""f"": ""Silence""}, {""t"": 0.626938775, ""f"": ""no_function""}, {""t"": 59.195827664, ""f"": ""no_function""}, {""t"": 100.00462585, ""f"": ""piano""}, {""t"": 134.867845804, ""f"": ""no_function""}, {""t"": 170.590839002, ""f"": ""no_function""}, {""t"": 203.892403628, ""f"": ""no_function""}, {""t"": 240.152902494, ""f"": ""Coda""}, {""t"": 254.565804988, ""f"": ""Silence""}, {""t"": 255.25356009, ""f"": ""End""}]",spectrograms/mel/826_Yann_Tiersen_La_dispute.png,spectrograms/linear/826_Yann_Tiersen_La_dispute.png,spectrograms/matrices/826_Yann_Tiersen_La_dispute.npy
828,Gong oh,Paolo Conte,"[0.0, 0.188662131, 21.057505668, 54.99217687, 73.249455782, 89.30031746, 107.35877551, 125.70478458, 157.874920634, 175.493310657, 196.989365079]","[{""t"": 0.0, ""f"": ""Silence""}, {""t"": 0.188662131, ""f"": ""Intro""}, {""t"": 21.057505668, ""f"": ""no_function""}, {""t"": 54.99217687, ""f"": ""no_function""}, {""t"": 73.249455782, ""f"": ""Interlude""}, {""t"": 89.30031746, ""f"": ""no_function""}, {""t"": 107.35877551, ""f"": ""no_function""}, {""t"": 125.70478458, ""f"": ""Interlude""}, {""t"": 157.874920634, ""f"": ""no_function""}, {""t"": 175.493310657, ""f"": ""no_function""}, {""t"": 196.989365079, ""f"": ""End""}]","[0.0, 0.185759637, 2.50941043, 21.03786848, 39.293469387, 55.041224489, 73.421224489, 89.224671201, 107.506303854, 123.453197278, 141.638140589, 157.405170068, 175.424399092, 194.565306122, 196.998979591]","[{""t"": 0.0, ""f"": ""Silence""}, {""t"": 0.185759637, ""f"": ""Intro""}, {""t"": 2.50941043, ""f"": ""Theme""}, {""t"": 21.03786848, ""f"": ""Verse""}, {""t"": 39.293469387, ""f"": ""Chorus""}, {""t"": 55.041224489, ""f"": ""Verse""}, {""t"": 73.421224489, ""f"": ""Solo""}, {""t"": 89.224671201, ""f"": ""no_function""}, {""t"": 107.506303854, ""f"": ""Chorus""}, {""t"": 123.453197278, ""f"": ""no_function""}, {""t"": 141.638140589, ""f"": ""no_function""}, {""t"": 157.405170068, ""f"": ""Verse""}, {""t"": 175.424399092, ""f"": ""Chorus""}, {""t"": 194.565306122, ""f"": ""Silence""}, {""t"": 196.998979591, ""f"": ""End""}]",spectrograms/mel/828_Paolo_Conte_Gong_oh.png,spectrograms/linear/828_Paolo_Conte_Gong_oh.png,spectrograms/matrices/828_Paolo_Conte_Gong_oh.npy
832,Ei Mori Roujke,Ensemble Pirin,"[0.0, 0.290249433, 26.218911564, 51.99201814, 77.761156462, 112.641723356]","[{""t"": 0.0, ""f"": ""Silence""}, {""t"": 0.290249433, ""f"": ""no_function""}, {""t"": 26.218911564, ""f"": ""no_function""}, {""t"": 51.99201814, ""f"": ""no_function""}, {""t"": 77.761156462, ""f"": ""no_function""}, {""t"": 112.641723356, ""f"": ""End""}]","[0.0, 0.255419501, 26.348458049, 52.11632653, 77.924149659, 97.888163265, 109.981315192, 112.651020408]","[{""t"": 0.0, ""f"": ""Silence""}, {""t"": 0.255419501, ""f"": ""Chorus""}, {""t"": 26.348458049, ""f"": ""Chorus""}, {""t"": 52.11632653, ""f"": ""Chorus""}, {""t"": 77.924149659, ""f"": ""Chorus""}, {""t"": 97.888163265, ""f"": ""Outro""}, {""t"": 109.981315192, ""f"": ""Silence""}, {""t"": 112.651020408, ""f"": ""End""}]",spectrograms/mel/832_Ensemble_Pirin_Ei_Mori_Roujke.png,spectrograms/linear/832_Ensemble_Pirin_Ei_Mori_Roujke.png,spectrograms/matrices/832_Ensemble_Pirin_Ei_Mori_Roujke.npy
834,Ovdoviala Lissitchkata,Orchestra Yvan Kirev,"[0.0, 0.326530612, 11.839024943, 26.581405895, 37.847165532, 52.348458049, 63.554195011, 78.133265306, 89.294126984, 103.84494331, 115.156621315, 129.979002267, 141.384807256, 156.164240362, 161.83941043, 169.452517006, 170.434353741]","[{""t"": 0.0, ""f"": ""Silence""}, {""t"": 0.326530612, ""f"": ""no_function""}, {""t"": 11.839024943, ""f"": ""no_function""}, {""t"": 26.581405895, ""f"": ""no_function""}, {""t"": 37.847165532, ""f"": ""no_function""}, {""t"": 52.348458049, ""f"": ""no_function""}, {""t"": 63.554195011, ""f"": ""no_function""}, {""t"": 78.133265306, ""f"": ""no_function""}, {""t"": 89.294126984, ""f"": ""no_function""}, {""t"": 103.84494331, ""f"": ""no_function""}, {""t"": 115.156621315, ""f"": ""no_function""}, {""t"": 129.979002267, ""f"": ""no_function""}, {""t"": 141.384807256, ""f"": ""no_function""}, {""t"": 156.164240362, ""f"": ""no_function""}, {""t"": 161.83941043, ""f"": ""Outro""}, {""t"": 169.452517006, ""f"": ""Silence""}, {""t"": 170.434353741, ""f"": ""End""}]","[0.0, 0.289183673, 11.820136054, 26.613786848, 37.833900226, 52.424421768, 63.625170068, 78.167324263, 89.289682539, 103.850068027, 115.124217687, 129.971904761, 141.309750566, 156.122834467, 167.997777777, 170.429047619]","[{""t"": 0.0, ""f"": ""Silence""}, {""t"": 0.289183673, ""f"": ""Chorus""}, {""t"": 11.820136054, ""f"": ""Verse""}, {""t"": 26.613786848, ""f"": ""Chorus""}, {""t"": 37.833900226, ""f"": ""Verse""}, {""t"": 52.424421768, ""f"": ""no_function""}, {""t"": 63.625170068, ""f"": ""Verse""}, {""t"": 78.167324263, ""f"": ""Chorus""}, {""t"": 89.289682539, ""f"": ""Verse""}, {""t"": 103.850068027, ""f"": ""Chorus""}, {""t"": 115.124217687, ""f"": ""Verse""}, {""t"": 129.971904761, ""f"": ""Chorus""}, {""t"": 141.309750566, ""f"": ""Verse""}, {""t"": 156.122834467, ""f"": ""Chorus""}, {""t"": 167.997777777, ""f"": ""Silence""}, {""t"": 170.429047619, ""f"": ""End""}]",spectrograms/mel/834_Orchestra_Yvan_Kirev_Ovdoviala_Lissitchkata.png,spectrograms/linear/834_Orchestra_Yvan_Kirev_Ovdoviala_Lissitchkata.png,spectrograms/matrices/834_Orchestra_Yvan_Kirev_Ovdoviala_Lissitchkata.npy
844,Sevilla,Gerardo Núñez,"[0.0, 0.404897959, 8.524421768, 42.896281179, 63.214739229, 83.343605442, 140.710975056, 154.964648526, 170.353265306, 189.987641723, 228.101201814]","[{""t"": 0.0, ""f"": ""Silence""}, {""t"": 0.404897959, ""f"": ""Intro""}, {""t"": 8.524421768, ""f"": ""Theme""}, {""t"": 42.896281179, ""f"": ""no_function""}, {""t"": 63.214739229, ""f"": ""no_function""}, {""t"": 83.343605442, ""f"": ""no_function""}, {""t"": 140.710975056, ""f"": ""Theme""}, {""t"": 154.964648526, ""f"": ""no_function""}, {""t"": 170.353265306, ""f"": ""no_function""}, {""t"": 189.987641723, ""f"": ""no_function""}, {""t"": 228.101201814, ""f"": ""End""}]","[0.0, 0.396281179, 42.935510204, 55.983310657, 62.995827664, 76.994036281, 83.435192743, 95.502471655, 133.480566893, 154.966893424, 167.410657596, 170.476462585, 183.73063492, 189.806530612, 203.272471655, 223.948412698, 228.127823129]","[{""t"": 0.0, ""f"": ""Silence""}, {""t"": 0.396281179, ""f"": ""Chorus""}, {""t"": 42.935510204, ""f"": ""Theme""}, {""t"": 55.983310657, ""f"": ""Transition""}, {""t"": 62.995827664, ""f"": ""Theme""}, {""t"": 76.994036281, ""f"": ""Transition""}, {""t"": 83.435192743, ""f"": ""Theme""}, {""t"": 95.502471655, ""f"": ""Bridge""}, {""t"": 133.480566893, ""f"": ""Chorus""}, {""t"": 154.966893424, ""f"": ""Theme""}, {""t"": 167.410657596, ""f"": ""Transition""}, {""t"": 170.476462585, ""f"": ""Theme""}, {""t"": 183.73063492, ""f"": ""Transition""}, {""t"": 189.806530612, ""f"": ""Theme""}, {""t"": 203.272471655, ""f"": ""Chorus""}, {""t"": 223.948412698, ""f"": ""Silence""}, {""t"": 228.127823129, ""f"": ""End""}]",spectrograms/mel/844_Gerardo_Núñez_Sevilla.png,spectrograms/linear/844_Gerardo_Núñez_Sevilla.png,spectrograms/matrices/844_Gerardo_Núñez_Sevilla.npy
854,Te tromper,Manu Chao,"[0.0, 0.05877551, 13.583673469, 26.983106575, 40.55941043, 55.673469387, 72.64, 72.672653061]","[{""t"": 0.0, ""f"": ""Silence""}, {""t"": 0.05877551, ""f"": ""Intro""}, {""t"": 13.583673469, ""f"": ""Verse""}, {""t"": 26.983106575, ""f"": ""Verse""}, {""t"": 40.55941043, ""f"": ""Verse""}, {""t"": 55.673469387, ""f"": ""Outro""}, {""t"": 72.64, ""f"": ""Silence""}, {""t"": 72.672653061, ""f"": ""End""}]","[0.0, 0.03047619, 13.498820861, 40.507210884, 55.913605442, 72.69079365]","[{""t"": 0.0, ""f"": ""Silence""}, {""t"": 0.03047619, ""f"": ""Intro""}, {""t"": 13.498820861, ""f"": ""Verse""}, {""t"": 40.507210884, ""f"": ""Verse""}, {""t"": 55.913605442, ""f"": ""Outro""}, {""t"": 72.69079365, ""f"": ""End""}]",spectrograms/mel/854_Manu_Chao_Te_tromper.png,spectrograms/linear/854_Manu_Chao_Te_tromper.png,spectrograms/matrices/854_Manu_Chao_Te_tromper.npy
856,Ghost Dance,Paradox Trio,"[0.0, 0.464399092, 25.567460317, 50.712380952, 56.959160997, 82.92510204, 107.471609977, 131.680362811, 155.364716553, 164.390612244, 188.118684807, 212.370022675, 215.395351473, 261.199931972, 284.111496598, 307.896462585, 320.33462585, 344.963854875, 378.238866213, 385.079727891, 389.982040816]","[{""t"": 0.0, ""f"": ""Silence""}, {""t"": 0.464399092, ""f"": ""Intro""}, {""t"": 25.567460317, ""f"": ""Chorus""}, {""t"": 50.712380952, ""f"": ""Interlude""}, {""t"": 56.959160997, ""f"": ""Chorus""}, {""t"": 82.92510204, ""f"": ""Verse""}, {""t"": 107.471609977, ""f"": ""Verse""}, {""t"": 131.680362811, ""f"": ""Interlude""}, {""t"": 155.364716553, ""f"": ""Interlude""}, {""t"": 164.390612244, ""f"": ""Solo""}, {""t"": 188.118684807, ""f"": ""Solo""}, {""t"": 212.370022675, ""f"": ""Interlude""}, {""t"": 215.395351473, ""f"": ""Solo""}, {""t"": 261.199931972, ""f"": ""Solo""}, {""t"": 284.111496598, ""f"": ""Interlude""}, {""t"": 307.896462585, ""f"": ""Interlude""}, {""t"": 320.33462585, ""f"": ""Chorus""}, {""t"": 344.963854875, ""f"": ""Outro""}, {""t"": 378.238866213, ""f"": ""no_function""}, {""t"": 385.079727891, ""f"": ""Silence""}, {""t"": 389.982040816, ""f"": ""End""}]",[],[],spectrograms/mel/856_Paradox_Trio_Ghost_Dance.png,spectrograms/linear/856_Paradox_Trio_Ghost_Dance.png,spectrograms/matrices/856_Paradox_Trio_Ghost_Dance.npy
858,Linda,Alabína,"[0.0, 0.645374149, 42.077437641, 63.913061224, 85.826145124, 96.809682539, 115.975600907, 137.84909297, 159.8, 170.734648526, 189.91648526, 211.795918367, 233.659977324, 255.612131519, 277.492290249, 288.44478458, 312.252040816, 314.231655328]","[{""t"": 0.0, ""f"": ""Silence""}, {""t"": 0.645374149, ""f"": ""Intro""}, {""t"": 42.077437641, ""f"": ""Verse""}, {""t"": 63.913061224, ""f"": ""Verse""}, {""t"": 85.826145124, ""f"": ""Pre-Chorus""}, {""t"": 96.809682539, ""f"": ""Chorus""}, {""t"": 115.975600907, ""f"": ""Verse""}, {""t"": 137.84909297, ""f"": ""Instrumental""}, {""t"": 159.8, ""f"": ""Pre-Chorus""}, {""t"": 170.734648526, ""f"": ""Chorus""}, {""t"": 189.91648526, ""f"": ""Verse""}, {""t"": 211.795918367, ""f"": ""Instrumental""}, {""t"": 233.659977324, ""f"": ""Solo""}, {""t"": 255.612131519, ""f"": ""no_function""}, {""t"": 277.492290249, ""f"": ""no_function""}, {""t"": 288.44478458, ""f"": ""Fade-out""}, {""t"": 312.252040816, ""f"": ""Silence""}, {""t"": 314.231655328, ""f"": ""End""}]","[0.0, 0.684988662, 42.106712018, 85.951950113, 116.506122448, 137.854648526, 159.855986394, 189.938730158, 211.897437641, 314.226916099]","[{""t"": 0.0, ""f"": ""Silence""}, {""t"": 0.684988662, ""f"": ""Intro""}, {""t"": 42.106712018, ""f"": ""Verse""}, {""t"": 85.951950113, ""f"": ""no_function""}, {""t"": 116.506122448, ""f"": ""Verse""}, {""t"": 137.854648526, ""f"": ""Solo""}, {""t"": 159.855986394, ""f"": ""no_function""}, {""t"": 189.938730158, ""f"": ""Verse""}, {""t"": 211.897437641, ""f"": ""Solo""}, {""t"": 314.226916099, ""f"": ""End""}]",spectrograms/mel/858_Alabína_Linda.png,spectrograms/linear/858_Alabína_Linda.png,spectrograms/matrices/858_Alabína_Linda.npy
860,As the Bell Rings the Maypole Spins,Dead Can Dance,"[0.0, 0.274512471, 28.897460317, 59.45861678, 74.714217687, 90.11324263, 105.317913832, 151.163038548, 166.448752834, 212.14185941, 316.835011337]","[{""t"": 0.0, ""f"": ""Silence""}, {""t"": 0.274512471, ""f"": ""Intro""}, {""t"": 28.897460317, ""f"": ""no_function""}, {""t"": 59.45861678, ""f"": ""no_function""}, {""t"": 74.714217687, ""f"": ""no_function""}, {""t"": 90.11324263, ""f"": ""no_function""}, {""t"": 105.317913832, ""f"": ""no_function""}, {""t"": 151.163038548, ""f"": ""no_function""}, {""t"": 166.448752834, ""f"": ""no_function""}, {""t"": 212.14185941, ""f"": ""no_function""}, {""t"": 316.835011337, ""f"": ""End""}]","[0.0, 0.139319727, 28.9592517, 44.136598639, 59.488639455, 74.780907029, 90.116780045, 105.324897959, 120.55494331, 135.864081632, 151.074285714, 166.293197278, 181.516848072, 196.774104308, 212.054285714, 227.441020408, 246.428911564, 261.766145124, 276.980702947, 292.261043083, 315.795918367, 316.832448979]","[{""t"": 0.0, ""f"": ""Silence""}, {""t"": 0.139319727, ""f"": ""Intro""}, {""t"": 28.9592517, ""f"": ""no_function""}, {""t"": 44.136598639, ""f"": ""Bridge""}, {""t"": 59.488639455, ""f"": ""Verse""}, {""t"": 74.780907029, ""f"": ""Chorus""}, {""t"": 90.116780045, ""f"": ""Verse""}, {""t"": 105.324897959, ""f"": ""Chorus""}, {""t"": 120.55494331, ""f"": ""Chorus""}, {""t"": 135.864081632, ""f"": ""Bridge""}, {""t"": 151.074285714, ""f"": ""Verse""}, {""t"": 166.293197278, ""f"": ""Chorus""}, {""t"": 181.516848072, ""f"": ""Chorus""}, {""t"": 196.774104308, ""f"": ""Bridge""}, {""t"": 212.054285714, ""f"": ""Chorus""}, {""t"": 227.441020408, ""f"": ""Chorus""}, {""t"": 246.428911564, ""f"": ""no_function""}, {""t"": 261.766145124, ""f"": ""Chorus""}, {""t"": 276.980702947, ""f"": ""Chorus""}, {""t"": 292.261043083, ""f"": ""Outro""}, {""t"": 315.795918367, ""f"": ""Silence""}, {""t"": 316.832448979, ""f"": ""End""}]",spectrograms/mel/860_Dead_Can_Dance_As_the_Bell_Rings_the_Maypole_Spins.png,spectrograms/linear/860_Dead_Can_Dance_As_the_Bell_Rings_the_Maypole_Spins.png,spectrograms/matrices/860_Dead_Can_Dance_As_the_Bell_Rings_the_Maypole_Spins.npy
862,Maheshvara Yogi,Chebi i Sabbah,"[0.0, 0.092879818, 122.044081632, 240.848979591, 320.621133786, 397.711383219, 480.002902494, 540.212244897, 609.570249433, 611.51478458]","[{""t"": 0.0, ""f"": ""Silence""}, {""t"": 0.092879818, ""f"": ""Intro""}, {""t"": 122.044081632, ""f"": ""no_function""}, {""t"": 240.848979591, ""f"": ""no_function""}, {""t"": 320.621133786, ""f"": ""no_function""}, {""t"": 397.711383219, ""f"": ""no_function""}, {""t"": 480.002902494, ""f"": ""no_function""}, {""t"": 540.212244897, ""f"": ""Outro""}, {""t"": 609.570249433, ""f"": ""Silence""}, {""t"": 611.51478458, ""f"": ""End""}]","[0.0, 0.162539682, 122.351020408, 187.983673469, 240.806621315, 286.444036281, 316.8, 364.911405895, 397.61632653, 430.704829931, 479.771428571, 539.667165532, 609.534693877, 611.519546485]","[{""t"": 0.0, ""f"": ""Silence""}, {""t"": 0.162539682, ""f"": ""Intro""}, {""t"": 122.351020408, ""f"": ""no_function""}, {""t"": 187.983673469, ""f"": ""Interlude""}, {""t"": 240.806621315, ""f"": ""no_function""}, {""t"": 286.444036281, ""f"": ""Interlude""}, {""t"": 316.8, ""f"": ""no_function""}, {""t"": 364.911405895, ""f"": ""Interlude""}, {""t"": 397.61632653, ""f"": ""no_function""}, {""t"": 430.704829931, ""f"": ""Interlude""}, {""t"": 479.771428571, ""f"": ""Outro""}, {""t"": 539.667165532, ""f"": ""no_function""}, {""t"": 609.534693877, ""f"": ""Silence""}, {""t"": 611.519546485, ""f"": ""End""}]",spectrograms/mel/862_Chebi_i_Sabbah_Maheshvara_Yogi.png,spectrograms/linear/862_Chebi_i_Sabbah_Maheshvara_Yogi.png,spectrograms/matrices/862_Chebi_i_Sabbah_Maheshvara_Yogi.npy
864,Csa rda s   Monti,Ferenc Sánta and his Gypsy Band,"[0.0, 0.464399092, 22.990725623, 90.627482993, 110.865442176, 131.210657596, 197.276734693, 221.030748299, 234.033922902, 237.583673469]","[{""t"": 0.0, ""f"": ""Silence""}, {""t"": 0.464399092, ""f"": ""Intro""}, {""t"": 22.990725623, ""f"": ""Verse""}, {""t"": 90.627482993, ""f"": ""Pre-Chorus""}, {""t"": 110.865442176, ""f"": ""Chorus""}, {""t"": 131.210657596, ""f"": ""Interlude""}, {""t"": 197.276734693, ""f"": ""Chorus""}, {""t"": 221.030748299, ""f"": ""Coda""}, {""t"": 234.033922902, ""f"": ""Silence""}, {""t"": 237.583673469, ""f"": ""End""}]",[],[],spectrograms/mel/864_Ferenc_Sánta_and_his_Gypsy_Band_Csa_rda_s___Monti.png,spectrograms/linear/864_Ferenc_Sánta_and_his_Gypsy_Band_Csa_rda_s___Monti.png,spectrograms/matrices/864_Ferenc_Sánta_and_his_Gypsy_Band_Csa_rda_s___Monti.npy
866,Baladele Revoluteii,Taraf de Haïdouks,"[0.0, 0.116099773, 13.037210884, 66.489160997, 92.855464852, 113.147120181, 197.485691609]","[{""t"": 0.0, ""f"": ""Silence""}, {""t"": 0.116099773, ""f"": ""Intro""}, {""t"": 13.037210884, ""f"": ""no_function""}, {""t"": 66.489160997, ""f"": ""no_function""}, {""t"": 92.855464852, ""f"": ""no_function""}, {""t"": 113.147120181, ""f"": ""no_function""}, {""t"": 197.485691609, ""f"": ""End""}]","[0.0, 0.156734693, 13.026394557, 59.952562358, 92.412131519, 106.588231292, 112.705328798, 153.785759637, 185.357732426, 185.357732426, 193.677641723, 197.485714285]","[{""t"": 0.0, ""f"": ""Silence""}, {""t"": 0.156734693, ""f"": ""Intro""}, {""t"": 13.026394557, ""f"": ""Verse""}, {""t"": 59.952562358, ""f"": ""Verse""}, {""t"": 92.412131519, ""f"": ""no_function""}, {""t"": 106.588231292, ""f"": ""Chorus""}, {""t"": 112.705328798, ""f"": ""Verse""}, {""t"": 153.785759637, ""f"": ""no_function""}, {""t"": 185.357732426, ""f"": ""Chorus""}, {""t"": 185.357732426, ""f"": ""Outro""}, {""t"": 193.677641723, ""f"": ""Silence""}, {""t"": 197.485714285, ""f"": ""End""}]",spectrograms/mel/866_Taraf_de_Haïdouks_Baladele_Revoluteii.png,spectrograms/linear/866_Taraf_de_Haïdouks_Baladele_Revoluteii.png,spectrograms/matrices/866_Taraf_de_Haïdouks_Baladele_Revoluteii.npy
884,Raga  Zila Kafi,Amjad Ali Khan,"[0.0, 1.230657596, 40.774240362, 44.117913832, 81.827120181, 85.635192743, 114.8923356, 135.813514739, 274.297324263, 285.767981859, 326.960181405, 396.039546485, 400.326530612]","[{""t"": 0.0, ""f"": ""Silence""}, {""t"": 1.230657596, ""f"": ""Solo""}, {""t"": 40.774240362, ""f"": ""Interlude""}, {""t"": 44.117913832, ""f"": ""Chorus""}, {""t"": 81.827120181, ""f"": ""Interlude""}, {""t"": 85.635192743, ""f"": ""Verse""}, {""t"": 114.8923356, ""f"": ""Chorus""}, {""t"": 135.813514739, ""f"": ""Solo""}, {""t"": 274.297324263, ""f"": ""Chorus""}, {""t"": 285.767981859, ""f"": ""Solo""}, {""t"": 326.960181405, ""f"": ""Chorus""}, {""t"": 396.039546485, ""f"": ""Silence""}, {""t"": 400.326530612, ""f"": ""End""}]",[],[],spectrograms/mel/884_Amjad_Ali_Khan_Raga__Zila_Kafi.png,spectrograms/linear/884_Amjad_Ali_Khan_Raga__Zila_Kafi.png,spectrograms/matrices/884_Amjad_Ali_Khan_Raga__Zila_Kafi.npy
890,Der Alter Bulgar,Itzhak Perlman,"[0.0, 0.487619047, 44.094693877, 63.789795918, 108.042448979, 111.59510204, 138.218503401, 164.456258503, 190.5661678, 216.711836734, 242.376734693, 268.086961451, 293.578752834, 319.260362811, 349.019138321, 355.134693877]","[{""t"": 0.0, ""f"": ""Silence""}, {""t"": 0.487619047, ""f"": ""Solo""}, {""t"": 44.094693877, ""f"": ""Solo""}, {""t"": 63.789795918, ""f"": ""Solo""}, {""t"": 108.042448979, ""f"": ""Intro""}, {""t"": 111.59510204, ""f"": ""Verse""}, {""t"": 138.218503401, ""f"": ""Pre-Chorus""}, {""t"": 164.456258503, ""f"": ""Chorus""}, {""t"": 190.5661678, ""f"": ""Verse""}, {""t"": 216.711836734, ""f"": ""Pre-Chorus""}, {""t"": 242.376734693, ""f"": ""Chorus""}, {""t"": 268.086961451, ""f"": ""Verse""}, {""t"": 293.578752834, ""f"": ""Pre-Chorus""}, {""t"": 319.260362811, ""f"": ""Chorus""}, {""t"": 349.019138321, ""f"": ""Silence""}, {""t"": 355.134693877, ""f"": ""End""}]",[],[],spectrograms/mel/890_Itzhak_Perlman_Der_Alter_Bulgar.png,spectrograms/linear/890_Itzhak_Perlman_Der_Alter_Bulgar.png,spectrograms/matrices/890_Itzhak_Perlman_Der_Alter_Bulgar.npy
894,Der Heyser Bulgar,Klezmer Conservatory Band,"[0.0, 0.441179138, 3.626598639, 21.782721088, 39.901043083, 63.946961451, 100.737573696, 112.482585034, 130.220566893, 153.748140589, 192.612562358, 204.164535147, 229.668571428, 234.579591836]","[{""t"": 0.0, ""f"": ""Silence""}, {""t"": 0.441179138, ""f"": ""Intro""}, {""t"": 3.626598639, ""f"": ""Theme""}, {""t"": 21.782721088, ""f"": ""Theme""}, {""t"": 39.901043083, ""f"": ""Theme""}, {""t"": 63.946961451, ""f"": ""no_function""}, {""t"": 100.737573696, ""f"": ""Theme""}, {""t"": 112.482585034, ""f"": ""Theme""}, {""t"": 130.220566893, ""f"": ""Theme""}, {""t"": 153.748140589, ""f"": ""no_function""}, {""t"": 192.612562358, ""f"": ""Theme""}, {""t"": 204.164535147, ""f"": ""Theme""}, {""t"": 229.668571428, ""f"": ""Silence""}, {""t"": 234.579591836, ""f"": ""End""}]","[0.0, 0.448979591, 3.664875283, 21.883582766, 39.946145124, 51.962539682, 63.978321995, 100.845555555, 112.56526077, 130.32478458, 142.028888888, 153.764353741, 192.685442176, 204.181315192, 215.82956916, 229.15446712, 234.579591836]","[{""t"": 0.0, ""f"": ""Silence""}, {""t"": 0.448979591, ""f"": ""Intro""}, {""t"": 3.664875283, ""f"": ""Theme""}, {""t"": 21.883582766, ""f"": ""Theme""}, {""t"": 39.946145124, ""f"": ""Theme""}, {""t"": 51.962539682, ""f"": ""Theme""}, {""t"": 63.978321995, ""f"": ""Theme""}, {""t"": 100.845555555, ""f"": ""Bridge""}, {""t"": 112.56526077, ""f"": ""Theme""}, {""t"": 130.32478458, ""f"": ""Theme""}, {""t"": 142.028888888, ""f"": ""Theme""}, {""t"": 153.764353741, ""f"": ""Theme""}, {""t"": 192.685442176, ""f"": ""Bridge""}, {""t"": 204.181315192, ""f"": ""Theme""}, {""t"": 215.82956916, ""f"": ""Outro""}, {""t"": 229.15446712, ""f"": ""Silence""}, {""t"": 234.579591836, ""f"": ""End""}]",spectrograms/mel/894_Klezmer_Conservatory_Band_Der_Heyser_Bulgar.png,spectrograms/linear/894_Klezmer_Conservatory_Band_Der_Heyser_Bulgar.png,spectrograms/matrices/894_Klezmer_Conservatory_Band_Der_Heyser_Bulgar.npy
898,Fisherlid,The Klezmatics,"[0.0, 0.441179138, 27.353106575, 52.639319727, 77.273424036, 106.114263038, 128.525804988, 176.262675736, 188.244172335, 246.36371882, 255.202040816, 257.30095238, 265.880362811, 274.162040816, 276.245532879, 284.624444444, 292.703650793, 294.654761904, 302.815510204, 310.734240362, 312.714829931, 320.8892517, 328.69217687, 336.405963718, 344.11079365, 351.780770975, 359.484376417, 367.037800453, 374.390566893, 382.455873015, 387.57877551]","[{""t"": 0.0, ""f"": ""Silence""}, {""t"": 0.441179138, ""f"": ""Intro""}, {""t"": 27.353106575, ""f"": ""Verse""}, {""t"": 52.639319727, ""f"": ""Verse""}, {""t"": 77.273424036, ""f"": ""Chorus""}, {""t"": 106.114263038, ""f"": ""Bridge""}, {""t"": 128.525804988, ""f"": ""Solo""}, {""t"": 176.262675736, ""f"": ""Interlude""}, {""t"": 188.244172335, ""f"": ""Solo""}, {""t"": 246.36371882, ""f"": ""Chorus""}, {""t"": 255.202040816, ""f"": ""Pre-Verse""}, {""t"": 257.30095238, ""f"": ""Verse""}, {""t"": 265.880362811, ""f"": ""Chorus""}, {""t"": 274.162040816, ""f"": ""Pre-Verse""}, {""t"": 276.245532879, ""f"": ""Verse""}, {""t"": 284.624444444, ""f"": ""Chorus""}, {""t"": 292.703650793, ""f"": ""Pre-Verse""}, {""t"": 294.654761904, ""f"": ""Verse""}, {""t"": 302.815510204, ""f"": ""Chorus""}, {""t"": 310.734240362, ""f"": ""Pre-Verse""}, {""t"": 312.714829931, ""f"": ""Verse""}, {""t"": 320.8892517, ""f"": ""Chorus""}, {""t"": 328.69217687, ""f"": ""Chorus""}, {""t"": 336.405963718, ""f"": ""Chorus""}, {""t"": 344.11079365, ""f"": ""Chorus""}, {""t"": 351.780770975, ""f"": ""Chorus""}, {""t"": 359.484376417, ""f"": ""Chorus""}, {""t"": 367.037800453, ""f"": ""Chorus""}, {""t"": 374.390566893, ""f"": ""Chorus""}, {""t"": 382.455873015, ""f"": ""Silence""}, {""t"": 387.57877551, ""f"": ""End""}]",[],[],spectrograms/mel/898_The_Klezmatics_Fisherlid.png,spectrograms/linear/898_The_Klezmatics_Fisherlid.png,spectrograms/matrices/898_The_Klezmatics_Fisherlid.npy
900,VI Azoy Lebt De Keyzer,Budapester Klezmer Band,"[0.0, 0.330884353, 31.208639455, 69.083900226, 99.497641723, 137.590181405, 168.030997732, 209.04909297, 215.232879818]","[{""t"": 0.0, ""f"": ""Silence""}, {""t"": 0.330884353, ""f"": ""Verse""}, {""t"": 31.208639455, ""f"": ""Verse""}, {""t"": 69.083900226, ""f"": ""Verse""}, {""t"": 99.497641723, ""f"": ""Verse""}, {""t"": 137.590181405, ""f"": ""Verse""}, {""t"": 168.030997732, ""f"": ""Verse""}, {""t"": 209.04909297, ""f"": ""Silence""}, {""t"": 215.232879818, ""f"": ""End""}]","[0.0, 0.278639455, 31.02185941, 48.176439909, 69.056145124, 99.299342403, 115.939659863, 137.617573696, 167.888866213, 187.152834467, 208.863492063, 215.236303854]","[{""t"": 0.0, ""f"": ""Silence""}, {""t"": 0.278639455, ""f"": ""Chorus""}, {""t"": 31.02185941, ""f"": ""Verse""}, {""t"": 48.176439909, ""f"": ""Chorus""}, {""t"": 69.056145124, ""f"": ""Chorus""}, {""t"": 99.299342403, ""f"": ""Verse""}, {""t"": 115.939659863, ""f"": ""Chorus""}, {""t"": 137.617573696, ""f"": ""Chorus""}, {""t"": 167.888866213, ""f"": ""Verse""}, {""t"": 187.152834467, ""f"": ""Chorus""}, {""t"": 208.863492063, ""f"": ""Silence""}, {""t"": 215.236303854, ""f"": ""End""}]",spectrograms/mel/900_Budapester_Klezmer_Band_VI_Azoy_Lebt_De_Keyzer.png,spectrograms/linear/900_Budapester_Klezmer_Band_VI_Azoy_Lebt_De_Keyzer.png,spectrograms/matrices/900_Budapester_Klezmer_Band_VI_Azoy_Lebt_De_Keyzer.npy
904,Mambo Gallego,Tito Puente,"[0.0, 0.534058956, 5.734807256, 15.758730158, 20.687029478, 30.574852607, 35.774875283, 50.902471655, 75.942970521, 78.655668934, 108.143061224, 110.846938775, 125.943106575, 151.072131519, 168.149183673, 173.610589569]","[{""t"": 0.0, ""f"": ""Silence""}, {""t"": 0.534058956, ""f"": ""Intro""}, {""t"": 5.734807256, ""f"": ""Head""}, {""t"": 15.758730158, ""f"": ""Transition""}, {""t"": 20.687029478, ""f"": ""Head""}, {""t"": 30.574852607, ""f"": ""Transition""}, {""t"": 35.774875283, ""f"": ""Bridge""}, {""t"": 50.902471655, ""f"": ""Theme""}, {""t"": 75.942970521, ""f"": ""Transition""}, {""t"": 78.655668934, ""f"": ""Solo""}, {""t"": 108.143061224, ""f"": ""Transition""}, {""t"": 110.846938775, ""f"": ""Bridge""}, {""t"": 125.943106575, ""f"": ""Theme""}, {""t"": 151.072131519, ""f"": ""Outro""}, {""t"": 168.149183673, ""f"": ""Silence""}, {""t"": 173.610589569, ""f"": ""End""}]","[0.0, 0.522448979, 5.694058956, 20.592131519, 35.829274376, 50.855011337, 78.568707482, 110.774331065, 125.89526077, 151.061337868, 173.636689342]","[{""t"": 0.0, ""f"": ""Silence""}, {""t"": 0.522448979, ""f"": ""Intro""}, {""t"": 5.694058956, ""f"": ""Theme""}, {""t"": 20.592131519, ""f"": ""Theme""}, {""t"": 35.829274376, ""f"": ""Theme""}, {""t"": 50.855011337, ""f"": ""Theme""}, {""t"": 78.568707482, ""f"": ""Solo""}, {""t"": 110.774331065, ""f"": ""Theme""}, {""t"": 125.89526077, ""f"": ""Theme""}, {""t"": 151.061337868, ""f"": ""Outro""}, {""t"": 173.636689342, ""f"": ""End""}]",spectrograms/mel/904_Tito_Puente_Mambo_Gallego.png,spectrograms/linear/904_Tito_Puente_Mambo_Gallego.png,spectrograms/matrices/904_Tito_Puente_Mambo_Gallego.npy
906,Se Me Van Los Pies,Susana Baca,"[0.0, 0.278639455, 26.804535147, 53.212312925, 123.78723356, 149.35755102, 213.166077097, 261.997800453, 305.738390022]","[{""t"": 0.0, ""f"": ""Silence""}, {""t"": 0.278639455, ""f"": ""Intro""}, {""t"": 26.804535147, ""f"": ""no_function""}, {""t"": 53.212312925, ""f"": ""no_function""}, {""t"": 123.78723356, ""f"": ""Transition""}, {""t"": 149.35755102, ""f"": ""no_function""}, {""t"": 213.166077097, ""f"": ""Solo""}, {""t"": 261.997800453, ""f"": ""no_function""}, {""t"": 305.738390022, ""f"": ""End""}]","[0.0, 0.255419501, 26.824331065, 44.426893424, 53.225419501, 88.497437641, 123.713038548, 156.042040816, 174.180113378, 210.80877551, 259.29585034, 300.192698412, 305.756553287]","[{""t"": 0.0, ""f"": ""Silence""}, {""t"": 0.255419501, ""f"": ""Intro""}, {""t"": 26.824331065, ""f"": ""Chorus""}, {""t"": 44.426893424, ""f"": ""Interlude""}, {""t"": 53.225419501, ""f"": ""Verse""}, {""t"": 88.497437641, ""f"": ""Chorus""}, {""t"": 123.713038548, ""f"": ""Instrumental""}, {""t"": 156.042040816, ""f"": ""Chorus""}, {""t"": 174.180113378, ""f"": ""Chorus""}, {""t"": 210.80877551, ""f"": ""Solo""}, {""t"": 259.29585034, ""f"": ""Outro""}, {""t"": 300.192698412, ""f"": ""Silence""}, {""t"": 305.756553287, ""f"": ""End""}]",spectrograms/mel/906_Susana_Baca_Se_Me_Van_Los_Pies.png,spectrograms/linear/906_Susana_Baca_Se_Me_Van_Los_Pies.png,spectrograms/matrices/906_Susana_Baca_Se_Me_Van_Los_Pies.npy
910,Mapale,María Rivas,"[0.0, 0.473469387, 11.865396825, 47.498072562, 93.653197278, 104.0, 141.057188208, 150.922448979, 183.930022675, 195.792743764, 196.239274376]","[{""t"": 0.0, ""f"": ""Silence""}, {""t"": 0.473469387, ""f"": ""Intro""}, {""t"": 11.865396825, ""f"": ""no_function""}, {""t"": 47.498072562, ""f"": ""no_function""}, {""t"": 93.653197278, ""f"": ""Interlude""}, {""t"": 104.0, ""f"": ""no_function""}, {""t"": 141.057188208, ""f"": ""Interlude""}, {""t"": 150.922448979, ""f"": ""no_function""}, {""t"": 183.930022675, ""f"": ""Outro""}, {""t"": 195.792743764, ""f"": ""Silence""}, {""t"": 196.239274376, ""f"": ""End""}]","[0.0, 0.846848072, 10.553514739, 11.915873015, 23.015510204, 33.924535147, 47.540544217, 58.27600907, 69.019727891, 79.675736961, 95.070702947, 104.110521541, 124.577052154, 142.618866213, 161.789024943, 172.435283446, 195.420544217, 196.251632653]","[{""t"": 0.0, ""f"": ""Silence""}, {""t"": 0.846848072, ""f"": ""Intro""}, {""t"": 10.553514739, ""f"": ""Transition""}, {""t"": 11.915873015, ""f"": ""Chorus""}, {""t"": 23.015510204, ""f"": ""Chorus""}, {""t"": 33.924535147, ""f"": ""Verse""}, {""t"": 47.540544217, ""f"": ""Chorus""}, {""t"": 58.27600907, ""f"": ""Chorus""}, {""t"": 69.019727891, ""f"": ""Verse""}, {""t"": 79.675736961, ""f"": ""Chorus""}, {""t"": 95.070702947, ""f"": ""Transition""}, {""t"": 104.110521541, ""f"": ""no_function""}, {""t"": 124.577052154, ""f"": ""no_function""}, {""t"": 142.618866213, ""f"": ""no_function""}, {""t"": 161.789024943, ""f"": ""Chorus""}, {""t"": 172.435283446, ""f"": ""Outro""}, {""t"": 195.420544217, ""f"": ""Silence""}, {""t"": 196.251632653, ""f"": ""End""}]",spectrograms/mel/910_María_Rivas_Mapale.png,spectrograms/linear/910_María_Rivas_Mapale.png,spectrograms/matrices/910_María_Rivas_Mapale.npy
914,Pepita,Africando,"[0.0, 0.30185941, 5.225918367, 29.744761904, 46.903514739, 56.720045351, 76.373832199, 91.068662131, 100.937800453, 120.52893424, 149.975623582, 159.82956916, 179.433900226, 199.026439909, 218.703061224, 228.505691609, 248.0661678, 267.770090702, 277.586712018, 287.377664399, 302.672108843, 305.763265306]","[{""t"": 0.0, ""f"": ""Silence""}, {""t"": 0.30185941, ""f"": ""Intro""}, {""t"": 5.225918367, ""f"": ""Solo""}, {""t"": 29.744761904, ""f"": ""no_function""}, {""t"": 46.903514739, ""f"": ""Chorus""}, {""t"": 56.720045351, ""f"": ""Verse""}, {""t"": 76.373832199, ""f"": ""Transition""}, {""t"": 91.068662131, ""f"": ""Chorus""}, {""t"": 100.937800453, ""f"": ""Verse""}, {""t"": 120.52893424, ""f"": ""Transition""}, {""t"": 149.975623582, ""f"": ""Chorus""}, {""t"": 159.82956916, ""f"": ""Verse""}, {""t"": 179.433900226, ""f"": ""Instrumental""}, {""t"": 199.026439909, ""f"": ""Instrumental""}, {""t"": 218.703061224, ""f"": ""Chorus""}, {""t"": 228.505691609, ""f"": ""Verse""}, {""t"": 248.0661678, ""f"": ""Instrumental""}, {""t"": 267.770090702, ""f"": ""Chorus""}, {""t"": 277.586712018, ""f"": ""Verse""}, {""t"": 287.377664399, ""f"": ""Coda""}, {""t"": 302.672108843, ""f"": ""Silence""}, {""t"": 305.763265306, ""f"": ""End""}]",[],[],spectrograms/mel/914_Africando_Pepita.png,spectrograms/linear/914_Africando_Pepita.png,spectrograms/matrices/914_Africando_Pepita.npy
930,Soledad,Gidon Kremer,"[0.0, 0.30185941, 55.863809523, 134.615827664, 205.697664399, 232.063174603, 303.214421768, 309.958344671, 394.098299319, 434.836666666, 463.873424036, 470.006666666]","[{""t"": 0.0, ""f"": ""Silence""}, {""t"": 0.30185941, ""f"": ""Intro""}, {""t"": 55.863809523, ""f"": ""Main_Theme""}, {""t"": 134.615827664, ""f"": ""Main_Theme""}, {""t"": 205.697664399, ""f"": ""Transition""}, {""t"": 232.063174603, ""f"": ""Theme""}, {""t"": 303.214421768, ""f"": ""Intro""}, {""t"": 309.958344671, ""f"": ""Main_Theme""}, {""t"": 394.098299319, ""f"": ""no_function""}, {""t"": 434.836666666, ""f"": ""Outro""}, {""t"": 463.873424036, ""f"": ""Silence""}, {""t"": 470.006666666, ""f"": ""End""}]","[0.0, 0.296417233, 55.675079365, 107.84063492, 134.619070294, 191.907596371, 205.525011337, 260.262448979, 303.001519274, 310.009115646, 361.044444444, 394.255487528, 461.729274376, 470.01723356]","[{""t"": 0.0, ""f"": ""Silence""}, {""t"": 0.296417233, ""f"": ""Intro""}, {""t"": 55.675079365, ""f"": ""Main_Theme""}, {""t"": 107.84063492, ""f"": ""Theme""}, {""t"": 134.619070294, ""f"": ""Main_Theme""}, {""t"": 191.907596371, ""f"": ""Transition""}, {""t"": 205.525011337, ""f"": ""Theme""}, {""t"": 260.262448979, ""f"": ""Theme""}, {""t"": 303.001519274, ""f"": ""Transition""}, {""t"": 310.009115646, ""f"": ""Main_Theme""}, {""t"": 361.044444444, ""f"": ""Theme""}, {""t"": 394.255487528, ""f"": ""Main_Theme""}, {""t"": 461.729274376, ""f"": ""Silence""}, {""t"": 470.01723356, ""f"": ""End""}]",spectrograms/mel/930_Gidon_Kremer_Soledad.png,spectrograms/linear/930_Gidon_Kremer_Soledad.png,spectrograms/matrices/930_Gidon_Kremer_Soledad.npy
932,Suite Punta Deleste,Astor Piazzolla,"[0.0, 0.30185941, 51.224444444, 101.966530612, 124.251678004, 145.80956916, 162.482947845, 190.679705215, 207.772448979, 240.467074829, 288.136417233, 290.876371882, 344.51446712, 399.66185941, 420.513378684, 485.506031746, 617.279274376, 684.498412698, 745.757505668, 786.487573696, 902.529002267, 907.539478458, 980.652562358, 987.649931972, 1043.459501133, 1062.762448979, 1090.819229024, 1114.723446712, 1143.768526077, 1149.805714285]","[{""t"": 0.0, ""f"": ""Silence""}, {""t"": 0.30185941, ""f"": ""Chorus""}, {""t"": 51.224444444, ""f"": ""Verse""}, {""t"": 101.966530612, ""f"": ""Interlude""}, {""t"": 124.251678004, ""f"": ""Chorus""}, {""t"": 145.80956916, ""f"": ""Transition""}, {""t"": 162.482947845, ""f"": ""Verse""}, {""t"": 190.679705215, ""f"": ""Chorus""}, {""t"": 207.772448979, ""f"": ""Interlude""}, {""t"": 240.467074829, ""f"": ""Chorus""}, {""t"": 288.136417233, ""f"": ""Silence""}, {""t"": 290.876371882, ""f"": ""Chorus""}, {""t"": 344.51446712, ""f"": ""Verse""}, {""t"": 399.66185941, ""f"": ""Chorus""}, {""t"": 420.513378684, ""f"": ""Chorus""}, {""t"": 485.506031746, ""f"": ""Verse""}, {""t"": 617.279274376, ""f"": ""Solo""}, {""t"": 684.498412698, ""f"": ""Solo""}, {""t"": 745.757505668, ""f"": ""Coda""}, {""t"": 786.487573696, ""f"": ""Chorus""}, {""t"": 902.529002267, ""f"": ""Silence""}, {""t"": 907.539478458, ""f"": ""Chorus""}, {""t"": 980.652562358, ""f"": ""Interlude""}, {""t"": 987.649931972, ""f"": ""Chorus""}, {""t"": 1043.459501133, ""f"": ""Interlude""}, {""t"": 1062.762448979, ""f"": ""Chorus""}, {""t"": 1090.819229024, ""f"": ""Chorus""}, {""t"": 1114.723446712, ""f"": ""Coda""}, {""t"": 1143.768526077, ""f"": ""Silence""}, {""t"": 1149.805714285, ""f"": ""End""}]",[],[],spectrograms/mel/932_Astor_Piazzolla_Suite_Punta_Deleste.png,spectrograms/linear/932_Astor_Piazzolla_Suite_Punta_Deleste.png,spectrograms/matrices/932_Astor_Piazzolla_Suite_Punta_Deleste.npy
936,Tango Apasionado,Astor Piazzolla,"[0.0, 0.293877551, 11.184104308, 53.530702947, 101.187687074, 141.959183673, 181.789183673, 208.211791383, 210.817936507]","[{""t"": 0.0, ""f"": ""Silence""}, {""t"": 0.293877551, ""f"": ""Intro""}, {""t"": 11.184104308, ""f"": ""no_function""}, {""t"": 53.530702947, ""f"": ""no_function""}, {""t"": 101.187687074, ""f"": ""no_function""}, {""t"": 141.959183673, ""f"": ""no_function""}, {""t"": 181.789183673, ""f"": ""Outro""}, {""t"": 208.211791383, ""f"": ""Silence""}, {""t"": 210.817936507, ""f"": ""End""}]","[0.0, 0.33877551, 11.253219954, 32.275736961, 53.513741496, 74.676734693, 101.184693877, 121.890498866, 142.058072562, 161.954331065, 181.835351473, 207.946553287, 210.826825396]","[{""t"": 0.0, ""f"": ""Silence""}, {""t"": 0.33877551, ""f"": ""Intro""}, {""t"": 11.253219954, ""f"": ""Theme""}, {""t"": 32.275736961, ""f"": ""Theme""}, {""t"": 53.513741496, ""f"": ""Theme""}, {""t"": 74.676734693, ""f"": ""Theme""}, {""t"": 101.184693877, ""f"": ""no_function""}, {""t"": 121.890498866, ""f"": ""no_function""}, {""t"": 142.058072562, ""f"": ""no_function""}, {""t"": 161.954331065, ""f"": ""no_function""}, {""t"": 181.835351473, ""f"": ""Outro""}, {""t"": 207.946553287, ""f"": ""Silence""}, {""t"": 210.826825396, ""f"": ""End""}]",spectrograms/mel/936_Astor_Piazzolla_Tango_Apasionado.png,spectrograms/linear/936_Astor_Piazzolla_Tango_Apasionado.png,spectrograms/matrices/936_Astor_Piazzolla_Tango_Apasionado.npy
938,Jacinto Chiclana,Ensemble Rómulo Larrea & Verónica Larc,"[0.0, 0.417959183, 9.444263038, 26.576145124, 45.743129251, 63.248117913, 80.669931972, 97.923492063, 115.284807256, 133.874444444, 161.098458049, 177.828798185, 211.208707482, 214.439183673]","[{""t"": 0.0, ""f"": ""Silence""}, {""t"": 0.417959183, ""f"": ""Intro""}, {""t"": 9.444263038, ""f"": ""Verse""}, {""t"": 26.576145124, ""f"": ""Verse""}, {""t"": 45.743129251, ""f"": ""Chorus""}, {""t"": 63.248117913, ""f"": ""Chorus""}, {""t"": 80.669931972, ""f"": ""Instrumental""}, {""t"": 97.923492063, ""f"": ""Solo""}, {""t"": 115.284807256, ""f"": ""Solo""}, {""t"": 133.874444444, ""f"": ""Solo""}, {""t"": 161.098458049, ""f"": ""Verse""}, {""t"": 177.828798185, ""f"": ""Coda""}, {""t"": 211.208707482, ""f"": ""Silence""}, {""t"": 214.439183673, ""f"": ""End""}]",[],[],spectrograms/mel/938_Ensemble_Rómulo_Larrea_&_Verónica_Larc_Jacinto_Chiclana.png,spectrograms/linear/938_Ensemble_Rómulo_Larrea_&_Verónica_Larc_Jacinto_Chiclana.png,spectrograms/matrices/938_Ensemble_Rómulo_Larrea_&_Verónica_Larc_Jacinto_Chiclana.npy
942,Coconut Milk,Bo Dollis & The Wild Magnolias,"[0.0, 0.348299319, 9.059614512, 34.516689342, 42.967256235, 59.934988662, 68.349387755, 85.294671201, 110.741496598, 136.431791383, 144.980498866, 162.02079365, 188.165238095, 191.034376417]","[{""t"": 0.0, ""f"": ""Silence""}, {""t"": 0.348299319, ""f"": ""Intro""}, {""t"": 9.059614512, ""f"": ""Head""}, {""t"": 34.516689342, ""f"": ""Verse""}, {""t"": 42.967256235, ""f"": ""Chorus""}, {""t"": 59.934988662, ""f"": ""Verse""}, {""t"": 68.349387755, ""f"": ""Chorus""}, {""t"": 85.294671201, ""f"": ""Solo""}, {""t"": 110.741496598, ""f"": ""Solo""}, {""t"": 136.431791383, ""f"": ""Verse""}, {""t"": 144.980498866, ""f"": ""Chorus""}, {""t"": 162.02079365, ""f"": ""Outro""}, {""t"": 188.165238095, ""f"": ""Silence""}, {""t"": 191.034376417, ""f"": ""End""}]","[0.0, 0.365714285, 8.976689342, 34.605487528, 60.01185941, 85.42095238, 136.488888888, 162.082040816, 191.033446712]","[{""t"": 0.0, ""f"": ""Silence""}, {""t"": 0.365714285, ""f"": ""Intro""}, {""t"": 8.976689342, ""f"": ""no_function""}, {""t"": 34.605487528, ""f"": ""Verse""}, {""t"": 60.01185941, ""f"": ""Verse""}, {""t"": 85.42095238, ""f"": ""Solo""}, {""t"": 136.488888888, ""f"": ""Verse""}, {""t"": 162.082040816, ""f"": ""Outro""}, {""t"": 191.033446712, ""f"": ""End""}]",spectrograms/mel/942_Bo_Dollis_&_The_Wild_Magnolias_Coconut_Milk.png,spectrograms/linear/942_Bo_Dollis_&_The_Wild_Magnolias_Coconut_Milk.png,spectrograms/matrices/942_Bo_Dollis_&_The_Wild_Magnolias_Coconut_Milk.npy
944,Drifting Too Far From The Shore,Boone Creek,"[0.0, 0.31340136, 10.654897959, 41.394897959, 75.79723356, 85.511972789, 116.049591836, 150.342721088, 159.681428571, 190.25494331, 240.066054421]","[{""t"": 0.0, ""f"": ""Silence""}, {""t"": 0.31340136, ""f"": ""Intro""}, {""t"": 10.654897959, ""f"": ""Verse""}, {""t"": 41.394897959, ""f"": ""Chorus""}, {""t"": 75.79723356, ""f"": ""Interlude""}, {""t"": 85.511972789, ""f"": ""Verse""}, {""t"": 116.049591836, ""f"": ""Chorus""}, {""t"": 150.342721088, ""f"": ""Interlude""}, {""t"": 159.681428571, ""f"": ""Verse""}, {""t"": 190.25494331, ""f"": ""Chorus""}, {""t"": 240.066054421, ""f"": ""End""}]",[],[],spectrograms/mel/944_Boone_Creek_Drifting_Too_Far_From_The_Shore.png,spectrograms/linear/944_Boone_Creek_Drifting_Too_Far_From_The_Shore.png,spectrograms/matrices/944_Boone_Creek_Drifting_Too_Far_From_The_Shore.npy
946,One Dime Blues,Etta Baker,"[0.0, 0.313582766, 20.912743764, 38.984126984, 54.709319727, 72.889841269, 93.344217687, 108.882993197, 127.017619047, 143.047210884, 150.258684807, 153.056099773]","[{""t"": 0.0, ""f"": ""Silence""}, {""t"": 0.313582766, ""f"": ""no_function""}, {""t"": 20.912743764, ""f"": ""no_function""}, {""t"": 38.984126984, ""f"": ""no_function""}, {""t"": 54.709319727, ""f"": ""no_function""}, {""t"": 72.889841269, ""f"": ""no_function""}, {""t"": 93.344217687, ""f"": ""no_function""}, {""t"": 108.882993197, ""f"": ""no_function""}, {""t"": 127.017619047, ""f"": ""no_function""}, {""t"": 143.047210884, ""f"": ""Outro""}, {""t"": 150.258684807, ""f"": ""Silence""}, {""t"": 153.056099773, ""f"": ""End""}]","[0.0, 0.29324263, 20.904489795, 38.957505668, 54.691927437, 72.81063492, 79.331156462, 92.92941043, 109.123469387, 127.01170068, 133.259319727, 149.776938775, 153.069773242]","[{""t"": 0.0, ""f"": ""Silence""}, {""t"": 0.29324263, ""f"": ""no_function""}, {""t"": 20.904489795, ""f"": ""no_function""}, {""t"": 38.957505668, ""f"": ""no_function""}, {""t"": 54.691927437, ""f"": ""no_function""}, {""t"": 72.81063492, ""f"": ""Transition""}, {""t"": 79.331156462, ""f"": ""no_function""}, {""t"": 92.92941043, ""f"": ""no_function""}, {""t"": 109.123469387, ""f"": ""no_function""}, {""t"": 127.01170068, ""f"": ""Transition""}, {""t"": 133.259319727, ""f"": ""no_function""}, {""t"": 149.776938775, ""f"": ""Silence""}, {""t"": 153.069773242, ""f"": ""End""}]",spectrograms/mel/946_Etta_Baker_One_Dime_Blues.png,spectrograms/linear/946_Etta_Baker_One_Dime_Blues.png,spectrograms/matrices/946_Etta_Baker_One_Dime_Blues.npy
948,Shoo Fly,"Bo Dollis, Monk Boudreaux, Rebirth Brass Band","[0.0, 0.417959183, 13.746213151, 31.545147392, 67.501224489, 103.182857142, 138.777369614, 187.375668934, 223.083061224, 280.153650793, 306.794081632, 368.454240362, 372.035918367]","[{""t"": 0.0, ""f"": ""Silence""}, {""t"": 0.417959183, ""f"": ""Intro""}, {""t"": 13.746213151, ""f"": ""Chorus""}, {""t"": 31.545147392, ""f"": ""Solo""}, {""t"": 67.501224489, ""f"": ""Solo""}, {""t"": 103.182857142, ""f"": ""Solo""}, {""t"": 138.777369614, ""f"": ""Verse""}, {""t"": 187.375668934, ""f"": ""Solo""}, {""t"": 223.083061224, ""f"": ""Verse""}, {""t"": 280.153650793, ""f"": ""Solo""}, {""t"": 306.794081632, ""f"": ""Verse""}, {""t"": 368.454240362, ""f"": ""Silence""}, {""t"": 372.035918367, ""f"": ""End""}]",[],[],"spectrograms/mel/948_Bo_Dollis,_Monk_Boudreaux,_Rebirth_Brass_Band_Shoo_Fly.png","spectrograms/linear/948_Bo_Dollis,_Monk_Boudreaux,_Rebirth_Brass_Band_Shoo_Fly.png","spectrograms/matrices/948_Bo_Dollis,_Monk_Boudreaux,_Rebirth_Brass_Band_Shoo_Fly.npy"
950,Down That Lonely Road,Johnny Adams,"[0.0, 0.391836734, 16.787573696, 45.996371882, 60.396190476, 75.096303854, 103.527528344, 132.764126984, 147.053446712, 161.923764172, 190.411111111, 291.622063492, 312.491746031, 322.045986394]","[{""t"": 0.0, ""f"": ""Silence""}, {""t"": 0.391836734, ""f"": ""Intro""}, {""t"": 16.787573696, ""f"": ""Verse""}, {""t"": 45.996371882, ""f"": ""Chorus""}, {""t"": 60.396190476, ""f"": ""Verse""}, {""t"": 75.096303854, ""f"": ""Chorus""}, {""t"": 103.527528344, ""f"": ""Solo""}, {""t"": 132.764126984, ""f"": ""Solo""}, {""t"": 147.053446712, ""f"": ""Verse""}, {""t"": 161.923764172, ""f"": ""Chorus""}, {""t"": 190.411111111, ""f"": ""Coda""}, {""t"": 291.622063492, ""f"": ""Fade-out""}, {""t"": 312.491746031, ""f"": ""Silence""}, {""t"": 322.045986394, ""f"": ""End""}]","[0.0, 0.404081632, 16.739614512, 31.275487528, 45.867505668, 60.299591836, 74.987641723, 89.312517006, 103.42755102, 103.42755102, 118.107755102, 118.107755102, 132.667596371, 132.667596371, 147.043877551, 161.836099773, 176.106235827, 190.291609977, 204.875827664, 219.411655328, 233.815464852, 248.271746031, 262.858503401, 277.175600907, 288.01526077, 315.787755102, 322.037687074]","[{""t"": 0.0, ""f"": ""Silence""}, {""t"": 0.404081632, ""f"": ""no_function""}, {""t"": 16.739614512, ""f"": ""Verse""}, {""t"": 31.275487528, ""f"": ""Verse""}, {""t"": 45.867505668, ""f"": ""Chorus""}, {""t"": 60.299591836, ""f"": ""Verse""}, {""t"": 74.987641723, ""f"": ""Chorus""}, {""t"": 89.312517006, ""f"": ""Chorus""}, {""t"": 103.42755102, ""f"": ""Instrumental""}, {""t"": 103.42755102, ""f"": ""Solo""}, {""t"": 118.107755102, ""f"": ""Instrumental""}, {""t"": 118.107755102, ""f"": ""Solo""}, {""t"": 132.667596371, ""f"": ""Instrumental""}, {""t"": 132.667596371, ""f"": ""Solo""}, {""t"": 147.043877551, ""f"": ""Verse""}, {""t"": 161.836099773, ""f"": ""Chorus""}, {""t"": 176.106235827, ""f"": ""Chorus""}, {""t"": 190.291609977, ""f"": ""Verse""}, {""t"": 204.875827664, ""f"": ""Verse""}, {""t"": 219.411655328, ""f"": ""Verse""}, {""t"": 233.815464852, ""f"": ""Verse""}, {""t"": 248.271746031, ""f"": ""Verse""}, {""t"": 262.858503401, ""f"": ""Verse""}, {""t"": 277.175600907, ""f"": ""Outro""}, {""t"": 288.01526077, ""f"": ""Fade-out""}, {""t"": 315.787755102, ""f"": ""Silence""}, {""t"": 322.037687074, ""f"": ""End""}]",spectrograms/mel/950_Johnny_Adams_Down_That_Lonely_Road.png,spectrograms/linear/950_Johnny_Adams_Down_That_Lonely_Road.png,spectrograms/matrices/950_Johnny_Adams_Down_That_Lonely_Road.npy
952,Home Is Where The,Conne and Babe & The Backwoods Boys,"[0.0, 0.348299319, 16.342811791, 30.084195011, 43.852675736, 59.281791383, 72.980249433, 86.644603174, 101.870362811, 118.630748299, 122.044081632]","[{""t"": 0.0, ""f"": ""Silence""}, {""t"": 0.348299319, ""f"": ""Intro""}, {""t"": 16.342811791, ""f"": ""Verse""}, {""t"": 30.084195011, ""f"": ""Chorus""}, {""t"": 43.852675736, ""f"": ""Solo""}, {""t"": 59.281791383, ""f"": ""Verse""}, {""t"": 72.980249433, ""f"": ""Chorus""}, {""t"": 86.644603174, ""f"": ""Solo""}, {""t"": 101.870362811, ""f"": ""Chorus""}, {""t"": 118.630748299, ""f"": ""Silence""}, {""t"": 122.044081632, ""f"": ""End""}]",[],[],spectrograms/mel/952_Conne_and_Babe_&_The_Backwoods_Boys_Home_Is_Where_The.png,spectrograms/linear/952_Conne_and_Babe_&_The_Backwoods_Boys_Home_Is_Where_The.png,spectrograms/matrices/952_Conne_and_Babe_&_The_Backwoods_Boys_Home_Is_Where_The.npy
954,You  re That Certain Someone,The Warrior River Boys,"[0.0, 0.348299319, 8.208979591, 21.177029478, 27.835600907, 34.152358276, 47.216666666, 53.645056689, 60.080929705, 73.088707482, 86.057052154, 99.186031746, 105.660566893, 112.076553287, 124.940839002, 131.380657596, 137.652358276, 143.956349206, 154.58031746, 158.050113378]","[{""t"": 0.0, ""f"": ""Silence""}, {""t"": 0.348299319, ""f"": ""Intro""}, {""t"": 8.208979591, ""f"": ""Verse""}, {""t"": 21.177029478, ""f"": ""Verse""}, {""t"": 27.835600907, ""f"": ""Chorus""}, {""t"": 34.152358276, ""f"": ""Verse""}, {""t"": 47.216666666, ""f"": ""Verse""}, {""t"": 53.645056689, ""f"": ""Chorus""}, {""t"": 60.080929705, ""f"": ""Interlude""}, {""t"": 73.088707482, ""f"": ""Interlude""}, {""t"": 86.057052154, ""f"": ""Verse""}, {""t"": 99.186031746, ""f"": ""no_function""}, {""t"": 105.660566893, ""f"": ""Chorus""}, {""t"": 112.076553287, ""f"": ""Verse""}, {""t"": 124.940839002, ""f"": ""Verse""}, {""t"": 131.380657596, ""f"": ""Chorus""}, {""t"": 137.652358276, ""f"": ""Chorus""}, {""t"": 143.956349206, ""f"": ""Outro""}, {""t"": 154.58031746, ""f"": ""Silence""}, {""t"": 158.050113378, ""f"": ""End""}]","[0.0, 1.749160997, 8.272199546, 34.33632653, 60.161746031, 86.177210884, 112.156825396, 137.744149659, 154.440294784, 158.048571428]","[{""t"": 0.0, ""f"": ""Silence""}, {""t"": 1.749160997, ""f"": ""Intro""}, {""t"": 8.272199546, ""f"": ""Verse""}, {""t"": 34.33632653, ""f"": ""Chorus""}, {""t"": 60.161746031, ""f"": ""Solo""}, {""t"": 86.177210884, ""f"": ""Verse""}, {""t"": 112.156825396, ""f"": ""Chorus""}, {""t"": 137.744149659, ""f"": ""Outro""}, {""t"": 154.440294784, ""f"": ""Silence""}, {""t"": 158.048571428, ""f"": ""End""}]",spectrograms/mel/954_The_Warrior_River_Boys_You__re_That_Certain_Someone.png,spectrograms/linear/954_The_Warrior_River_Boys_You__re_That_Certain_Someone.png,spectrograms/matrices/954_The_Warrior_River_Boys_You__re_That_Certain_Someone.npy
3,Golden Age,Beck,"[0.0, 0.394739229, 16.181133786, 31.836666666, 47.292630385, 63.060521541, 78.846371882, 94.173877551, 109.646802721, 117.382585034, 132.737981859, 148.150272108, 163.390385487, 178.686258503, 193.878435374, 201.41755102, 216.646507936, 231.790272108, 246.765963718, 261.942879818, 275.017142857, 276.638412698]","[{""t"": 0.0, ""f"": ""Silence""}, {""t"": 0.394739229, ""f"": ""Intro""}, {""t"": 16.181133786, ""f"": ""no_function""}, {""t"": 31.836666666, ""f"": ""no_function""}, {""t"": 47.292630385, ""f"": ""Verse""}, {""t"": 63.060521541, ""f"": ""no_function""}, {""t"": 78.846371882, ""f"": ""no_function""}, {""t"": 94.173877551, ""f"": ""no_function""}, {""t"": 109.646802721, ""f"": ""Chorus""}, {""t"": 117.382585034, ""f"": ""Verse""}, {""t"": 132.737981859, ""f"": ""no_function""}, {""t"": 148.150272108, ""f"": ""no_function""}, {""t"": 163.390385487, ""f"": ""no_function""}, {""t"": 178.686258503, ""f"": ""no_function""}, {""t"": 193.878435374, ""f"": ""Chorus""}, {""t"": 201.41755102, ""f"": ""Verse""}, {""t"": 216.646507936, ""f"": ""no_function""}, {""t"": 231.790272108, ""f"": ""no_function""}, {""t"": 246.765963718, ""f"": ""no_function""}, {""t"": 261.942879818, ""f"": ""Outro""}, {""t"": 275.017142857, ""f"": ""Silence""}, {""t"": 276.638412698, ""f"": ""End""}]","[0.0, 0.394739229, 16.221814058, 24.078639455, 31.871111111, 39.704240362, 47.344149659, 63.087210884, 78.719047619, 94.240589569, 109.592290249, 117.303129251, 132.736349206, 148.15170068, 163.335759637, 178.674081632, 193.908480725, 201.427959183, 216.633310657, 261.888321995, 274.970702947, 276.654376417]","[{""t"": 0.0, ""f"": ""Silence""}, {""t"": 0.394739229, ""f"": ""Intro""}, {""t"": 16.221814058, ""f"": ""Intro""}, {""t"": 24.078639455, ""f"": ""Intro""}, {""t"": 31.871111111, ""f"": ""Intro""}, {""t"": 39.704240362, ""f"": ""Intro""}, {""t"": 47.344149659, ""f"": ""Verse""}, {""t"": 63.087210884, ""f"": ""Verse""}, {""t"": 78.719047619, ""f"": ""Verse""}, {""t"": 94.240589569, ""f"": ""Verse""}, {""t"": 109.592290249, ""f"": ""Chorus""}, {""t"": 117.303129251, ""f"": ""Chorus""}, {""t"": 132.736349206, ""f"": ""Verse""}, {""t"": 148.15170068, ""f"": ""Verse""}, {""t"": 163.335759637, ""f"": ""Verse""}, {""t"": 178.674081632, ""f"": ""Verse""}, {""t"": 193.908480725, ""f"": ""Chorus""}, {""t"": 201.427959183, ""f"": ""Chorus""}, {""t"": 216.633310657, ""f"": ""Outro""}, {""t"": 261.888321995, ""f"": ""Outro""}, {""t"": 274.970702947, ""f"": ""Silence""}, {""t"": 276.654376417, ""f"": ""End""}]",spectrograms/mel/3_Beck_Golden_Age.png,spectrograms/linear/3_Beck_Golden_Age.png,spectrograms/matrices/3_Beck_Golden_Age.npy
7,Swagger,Calla,"[0.0, 0.143673469, 7.261655328, 35.769909297, 50.005283446, 78.400272108, 92.604535147, 121.018117913, 135.214535147, 149.391995464, 177.810816326, 192.000907029, 206.159705215, 214.347664399, 218.638390022]","[{""t"": 0.0, ""f"": ""Silence""}, {""t"": 0.143673469, ""f"": ""Intro""}, {""t"": 7.261655328, ""f"": ""Intro""}, {""t"": 35.769909297, ""f"": ""Intro""}, {""t"": 50.005283446, ""f"": ""Verse""}, {""t"": 78.400272108, ""f"": ""Chorus""}, {""t"": 92.604535147, ""f"": ""Verse""}, {""t"": 121.018117913, ""f"": ""Solo""}, {""t"": 135.214535147, ""f"": ""Chorus""}, {""t"": 149.391995464, ""f"": ""Verse""}, {""t"": 177.810816326, ""f"": ""no_function""}, {""t"": 192.000907029, ""f"": ""Outro""}, {""t"": 206.159705215, ""f"": ""Outro""}, {""t"": 214.347664399, ""f"": ""Silence""}, {""t"": 218.638390022, ""f"": ""End""}]","[0.0, 1.933287981, 7.31356009, 21.504331065, 35.684535147, 49.988548752, 64.140929705, 78.365056689, 92.550022675, 106.797437641, 120.988480725, 135.159682539, 149.365215419, 163.542585034, 177.741609977, 191.972721088, 199.013424036, 206.086961451, 213.188503401, 214.257324263, 218.62095238]","[{""t"": 0.0, ""f"": ""Silence""}, {""t"": 1.933287981, ""f"": ""Intro""}, {""t"": 7.31356009, ""f"": ""no_function""}, {""t"": 21.504331065, ""f"": ""no_function""}, {""t"": 35.684535147, ""f"": ""Transition""}, {""t"": 49.988548752, ""f"": ""Verse""}, {""t"": 64.140929705, ""f"": ""Verse""}, {""t"": 78.365056689, ""f"": ""Chorus""}, {""t"": 92.550022675, ""f"": ""Verse""}, {""t"": 106.797437641, ""f"": ""Verse""}, {""t"": 120.988480725, ""f"": ""Transition""}, {""t"": 135.159682539, ""f"": ""Chorus""}, {""t"": 149.365215419, ""f"": ""Chorus""}, {""t"": 163.542585034, ""f"": ""Chorus""}, {""t"": 177.741609977, ""f"": ""Chorus""}, {""t"": 191.972721088, ""f"": ""Outro""}, {""t"": 199.013424036, ""f"": ""no_function""}, {""t"": 206.086961451, ""f"": ""no_function""}, {""t"": 213.188503401, ""f"": ""no_function""}, {""t"": 214.257324263, ""f"": ""Silence""}, {""t"": 218.62095238, ""f"": ""End""}]",spectrograms/mel/7_Calla_Swagger.png,spectrograms/linear/7_Calla_Swagger.png,spectrograms/matrices/7_Calla_Swagger.npy
11,Coldsweat   Remix,Sugarcubes,"[0.0, 0.224489795, 11.085714285, 21.289795918, 31.507460317, 52.047346938, 62.310204081, 72.608163265, 93.15510204, 103.465306122, 134.485306122, 154.836734693, 165.048979591, 180.408163265, 190.636734693, 218.708752834, 222.044807256]","[{""t"": 0.0, ""f"": ""Silence""}, {""t"": 0.224489795, ""f"": ""Intro""}, {""t"": 11.085714285, ""f"": ""Chorus""}, {""t"": 21.289795918, ""f"": ""Pre-Verse""}, {""t"": 31.507460317, ""f"": ""Verse""}, {""t"": 52.047346938, ""f"": ""Chorus""}, {""t"": 62.310204081, ""f"": ""Pre-Verse""}, {""t"": 72.608163265, ""f"": ""Verse""}, {""t"": 93.15510204, ""f"": ""Chorus""}, {""t"": 103.465306122, ""f"": ""break""}, {""t"": 134.485306122, ""f"": ""no_function""}, {""t"": 154.836734693, ""f"": ""Chorus""}, {""t"": 165.048979591, ""f"": ""Verse""}, {""t"": 180.408163265, ""f"": ""Chorus""}, {""t"": 190.636734693, ""f"": ""Outro""}, {""t"": 218.708752834, ""f"": ""Silence""}, {""t"": 222.044807256, ""f"": ""End""}]","[0.0, 0.243809523, 31.504036281, 52.075419501, 62.362448979, 72.638480725, 93.223356009, 103.578526077, 154.885328798, 165.009342403, 180.446712018, 190.764013605, 222.061111111]","[{""t"": 0.0, ""f"": ""Silence""}, {""t"": 0.243809523, ""f"": ""Intro""}, {""t"": 31.504036281, ""f"": ""Verse""}, {""t"": 52.075419501, ""f"": ""Chorus""}, {""t"": 62.362448979, ""f"": ""Interlude""}, {""t"": 72.638480725, ""f"": ""Verse""}, {""t"": 93.223356009, ""f"": ""no_function""}, {""t"": 103.578526077, ""f"": ""no_function""}, {""t"": 154.885328798, ""f"": ""no_function""}, {""t"": 165.009342403, ""f"": ""Verse""}, {""t"": 180.446712018, ""f"": ""no_function""}, {""t"": 190.764013605, ""f"": ""no_function""}, {""t"": 222.061111111, ""f"": ""End""}]",spectrograms/mel/11_Sugarcubes_Coldsweat___Remix.png,spectrograms/linear/11_Sugarcubes_Coldsweat___Remix.png,spectrograms/matrices/11_Sugarcubes_Coldsweat___Remix.npy
15,Blow Out,Radiohead,"[0.0, 0.428571428, 27.344897959, 54.614285714, 81.781632653, 108.91632653, 136.185714285, 192.110204081, 259.996734693, 278.349863945, 281.899750566]","[{""t"": 0.0, ""f"": ""Silence""}, {""t"": 0.428571428, ""f"": ""Intro""}, {""t"": 27.344897959, ""f"": ""Verse""}, {""t"": 54.614285714, ""f"": ""Verse""}, {""t"": 81.781632653, ""f"": ""no_function""}, {""t"": 108.91632653, ""f"": ""Verse""}, {""t"": 136.185714285, ""f"": ""Bridge""}, {""t"": 192.110204081, ""f"": ""Solo""}, {""t"": 259.996734693, ""f"": ""Outro""}, {""t"": 278.349863945, ""f"": ""Silence""}, {""t"": 281.899750566, ""f"": ""End""}]","[0.0, 0.371519274, 27.317460317, 81.757460317, 108.945464852, 136.151496598, 192.075464852, 259.915578231, 277.339138321, 281.90371882]","[{""t"": 0.0, ""f"": ""Silence""}, {""t"": 0.371519274, ""f"": ""Intro""}, {""t"": 27.317460317, ""f"": ""Verse""}, {""t"": 81.757460317, ""f"": ""Interlude""}, {""t"": 108.945464852, ""f"": ""no_function""}, {""t"": 136.151496598, ""f"": ""Transition""}, {""t"": 192.075464852, ""f"": ""Solo""}, {""t"": 259.915578231, ""f"": ""Outro""}, {""t"": 277.339138321, ""f"": ""Silence""}, {""t"": 281.90371882, ""f"": ""End""}]",spectrograms/mel/15_Radiohead_Blow_Out.png,spectrograms/linear/15_Radiohead_Blow_Out.png,spectrograms/matrices/15_Radiohead_Blow_Out.npy
19,Feel So Bad,Otis Rush,"[0.0, 0.264285714, 2.998594104, 8.349138321, 13.800430839, 19.261473922, 24.540362811, 29.989546485, 35.309070294, 40.646530612, 46.049727891, 51.465510204, 56.729501133, 62.185442176, 67.467278911, 72.773038548, 78.162244897, 83.497414965, 88.82861678, 94.29909297, 99.503628117, 104.747210884, 110.038956916, 115.410725623, 120.697460317, 125.978253968, 131.155283446, 136.473514739, 141.789523809, 147.045646258, 152.32526077, 157.677256235, 162.952630385, 168.254353741, 173.493537414, 178.805487528, 184.014285714, 189.301451247, 194.550544217, 199.820839002, 205.125442176, 210.385555555, 215.117346938, 218.911564625]","[{""t"": 0.0, ""f"": ""Silence""}, {""t"": 0.264285714, ""f"": ""Intro""}, {""t"": 2.998594104, ""f"": ""Intro""}, {""t"": 8.349138321, ""f"": ""no_function""}, {""t"": 13.800430839, ""f"": ""no_function""}, {""t"": 19.261473922, ""f"": ""no_function""}, {""t"": 24.540362811, ""f"": ""no_function""}, {""t"": 29.989546485, ""f"": ""no_function""}, {""t"": 35.309070294, ""f"": ""Verse""}, {""t"": 40.646530612, ""f"": ""no_function""}, {""t"": 46.049727891, ""f"": ""no_function""}, {""t"": 51.465510204, ""f"": ""no_function""}, {""t"": 56.729501133, ""f"": ""no_function""}, {""t"": 62.185442176, ""f"": ""no_function""}, {""t"": 67.467278911, ""f"": ""Verse""}, {""t"": 72.773038548, ""f"": ""no_function""}, {""t"": 78.162244897, ""f"": ""no_function""}, {""t"": 83.497414965, ""f"": ""no_function""}, {""t"": 88.82861678, ""f"": ""no_function""}, {""t"": 94.29909297, ""f"": ""no_function""}, {""t"": 99.503628117, ""f"": ""Verse""}, {""t"": 104.747210884, ""f"": ""no_function""}, {""t"": 110.038956916, ""f"": ""no_function""}, {""t"": 115.410725623, ""f"": ""no_function""}, {""t"": 120.697460317, ""f"": ""no_function""}, {""t"": 125.978253968, ""f"": ""no_function""}, {""t"": 131.155283446, ""f"": ""Solo""}, {""t"": 136.473514739, ""f"": ""no_function""}, {""t"": 141.789523809, ""f"": ""no_function""}, {""t"": 147.045646258, ""f"": ""no_function""}, {""t"": 152.32526077, ""f"": ""no_function""}, {""t"": 157.677256235, ""f"": ""no_function""}, {""t"": 162.952630385, ""f"": ""Verse""}, {""t"": 168.254353741, ""f"": ""no_function""}, {""t"": 173.493537414, ""f"": ""no_function""}, {""t"": 178.805487528, ""f"": ""no_function""}, {""t"": 184.014285714, ""f"": ""no_function""}, {""t"": 189.301451247, ""f"": ""no_function""}, {""t"": 194.550544217, ""f"": ""Outro""}, {""t"": 199.820839002, ""f"": ""no_function""}, {""t"": 205.125442176, ""f"": ""no_function""}, {""t"": 210.385555555, ""f"": ""no_function""}, {""t"": 215.117346938, ""f"": ""Silence""}, {""t"": 218.911564625, ""f"": ""End""}]","[0.0, 0.288707482, 35.242358276, 67.38430839, 99.466213151, 131.099863945, 162.87462585, 194.51356009, 215.117346938, 218.911564625]","[{""t"": 0.0, ""f"": ""Silence""}, {""t"": 0.288707482, ""f"": ""Intro""}, {""t"": 35.242358276, ""f"": ""Verse""}, {""t"": 67.38430839, ""f"": ""Verse""}, {""t"": 99.466213151, ""f"": ""Verse""}, {""t"": 131.099863945, ""f"": ""Solo""}, {""t"": 162.87462585, ""f"": ""Verse""}, {""t"": 194.51356009, ""f"": ""Outro""}, {""t"": 215.117346938, ""f"": ""Silence""}, {""t"": 218.911564625, ""f"": ""End""}]",spectrograms/mel/19_Otis_Rush_Feel_So_Bad.png,spectrograms/linear/19_Otis_Rush_Feel_So_Bad.png,spectrograms/matrices/19_Otis_Rush_Feel_So_Bad.npy
27,So Close   So Far Away,The Derek Trucks Band,"[0.0, 0.465600907, 19.511111111, 57.461678004, 95.141020408, 150.998820861, 188.051519274, 253.508866213, 276.621882086, 278.620816326]","[{""t"": 0.0, ""f"": ""Silence""}, {""t"": 0.465600907, ""f"": ""Intro""}, {""t"": 19.511111111, ""f"": ""no_function""}, {""t"": 57.461678004, ""f"": ""Chorus""}, {""t"": 95.141020408, ""f"": ""no_function""}, {""t"": 150.998820861, ""f"": ""Chorus""}, {""t"": 188.051519274, ""f"": ""Interlude""}, {""t"": 253.508866213, ""f"": ""Outro""}, {""t"": 276.621882086, ""f"": ""Silence""}, {""t"": 278.620816326, ""f"": ""End""}]","[0.0, 0.464399092, 19.551201814, 57.469387755, 95.155374149, 150.996417233, 160.355079365, 178.82047619, 188.126077097, 269.629047619, 278.619705215]","[{""t"": 0.0, ""f"": ""Silence""}, {""t"": 0.464399092, ""f"": ""Intro""}, {""t"": 19.551201814, ""f"": ""Theme""}, {""t"": 57.469387755, ""f"": ""Head""}, {""t"": 95.155374149, ""f"": ""Solo""}, {""t"": 150.996417233, ""f"": ""Head""}, {""t"": 160.355079365, ""f"": ""Solo""}, {""t"": 178.82047619, ""f"": ""Head""}, {""t"": 188.126077097, ""f"": ""Solo""}, {""t"": 269.629047619, ""f"": ""Outro""}, {""t"": 278.619705215, ""f"": ""End""}]",spectrograms/mel/27_The_Derek_Trucks_Band_So_Close___So_Far_Away.png,spectrograms/linear/27_The_Derek_Trucks_Band_So_Close___So_Far_Away.png,spectrograms/matrices/27_The_Derek_Trucks_Band_So_Close___So_Far_Away.npy
31,Ramblin   On My Mind    Alternate Take,Robert Johnson,"[0.0, 0.162539682, 7.414217687, 36.976530612, 63.984263038, 88.384421768, 114.616122448, 136.511791383, 140.020362811, 143.367777777]","[{""t"": 0.0, ""f"": ""Silence""}, {""t"": 0.162539682, ""f"": ""Intro""}, {""t"": 7.414217687, ""f"": ""Verse""}, {""t"": 36.976530612, ""f"": ""Verse""}, {""t"": 63.984263038, ""f"": ""Verse""}, {""t"": 88.384421768, ""f"": ""Verse""}, {""t"": 114.616122448, ""f"": ""Verse""}, {""t"": 136.511791383, ""f"": ""Outro""}, {""t"": 140.020362811, ""f"": ""Silence""}, {""t"": 143.367777777, ""f"": ""End""}]","[0.0, 0.139319727, 7.38154195, 37.041927437, 63.974603174, 88.320249433, 114.576281179, 133.023990929, 140.118367346, 143.360612244]","[{""t"": 0.0, ""f"": ""Silence""}, {""t"": 0.139319727, ""f"": ""no_function""}, {""t"": 7.38154195, ""f"": ""Verse""}, {""t"": 37.041927437, ""f"": ""Verse""}, {""t"": 63.974603174, ""f"": ""Verse""}, {""t"": 88.320249433, ""f"": ""Verse""}, {""t"": 114.576281179, ""f"": ""Verse""}, {""t"": 133.023990929, ""f"": ""Outro""}, {""t"": 140.118367346, ""f"": ""Silence""}, {""t"": 143.360612244, ""f"": ""End""}]",spectrograms/mel/31_Robert_Johnson_Ramblin___On_My_Mind____Alternate_Take.png,spectrograms/linear/31_Robert_Johnson_Ramblin___On_My_Mind____Alternate_Take.png,spectrograms/matrices/31_Robert_Johnson_Ramblin___On_My_Mind____Alternate_Take.npy
35,The Last Mile,Brownie McGhee,"[0.0, 0.021768707, 11.454512471, 43.399886621, 70.052040816, 97.516371882, 124.767142857, 152.052358276, 180.893129251, 207.796303854, 235.829342403, 263.699637188, 292.624172335, 292.626099773]","[{""t"": 0.0, ""f"": ""Silence""}, {""t"": 0.021768707, ""f"": ""Intro""}, {""t"": 11.454512471, ""f"": ""Verse""}, {""t"": 43.399886621, ""f"": ""Verse""}, {""t"": 70.052040816, ""f"": ""Verse""}, {""t"": 97.516371882, ""f"": ""Verse""}, {""t"": 124.767142857, ""f"": ""Verse""}, {""t"": 152.052358276, ""f"": ""Solo""}, {""t"": 180.893129251, ""f"": ""Verse""}, {""t"": 207.796303854, ""f"": ""Verse""}, {""t"": 235.829342403, ""f"": ""Verse""}, {""t"": 263.699637188, ""f"": ""Outro""}, {""t"": 292.624172335, ""f"": ""Silence""}, {""t"": 292.626099773, ""f"": ""End""}]","[0.0, 0.0, 7.130022675, 11.474988662, 21.460385487, 33.772290249, 38.570975056, 43.410907029, 51.988004535, 60.344693877, 65.247845804, 68.767437641, 78.575873015, 87.886281179, 92.767052154, 97.534489795, 107.070181405, 115.301814058, 119.990045351, 124.790544217, 133.035759637, 142.427687074, 147.362630385, 152.07462585, 161.229115646, 171.566281179, 176.1592517, 176.1592517, 180.813968253, 189.20478458, 198.579954648, 203.189047619, 207.827641723, 217.161315192, 226.497346938, 231.168344671, 235.873605442, 246.264104308, 255.512879818, 260.140136054, 263.743764172, 273.087641723, 282.421428571, 287.032630385, 292.638004535]","[{""t"": 0.0, ""f"": ""Intro""}, {""t"": 0.0, ""f"": ""silence""}, {""t"": 7.130022675, ""f"": ""Intro""}, {""t"": 11.474988662, ""f"": ""Verse""}, {""t"": 21.460385487, ""f"": ""Verse""}, {""t"": 33.772290249, ""f"": ""Verse""}, {""t"": 38.570975056, ""f"": ""Transition""}, {""t"": 43.410907029, ""f"": ""Verse""}, {""t"": 51.988004535, ""f"": ""Verse""}, {""t"": 60.344693877, ""f"": ""Verse""}, {""t"": 65.247845804, ""f"": ""Transition""}, {""t"": 68.767437641, ""f"": ""Verse""}, {""t"": 78.575873015, ""f"": ""Verse""}, {""t"": 87.886281179, ""f"": ""Verse""}, {""t"": 92.767052154, ""f"": ""Transition""}, {""t"": 97.534489795, ""f"": ""Verse""}, {""t"": 107.070181405, ""f"": ""Verse""}, {""t"": 115.301814058, ""f"": ""Verse""}, {""t"": 119.990045351, ""f"": ""Transition""}, {""t"": 124.790544217, ""f"": ""Verse""}, {""t"": 133.035759637, ""f"": ""Verse""}, {""t"": 142.427687074, ""f"": ""Verse""}, {""t"": 147.362630385, ""f"": ""Transition""}, {""t"": 152.07462585, ""f"": ""Solo""}, {""t"": 161.229115646, ""f"": ""Solo""}, {""t"": 171.566281179, ""f"": ""Solo""}, {""t"": 176.1592517, ""f"": ""Solo""}, {""t"": 176.1592517, ""f"": ""Transition""}, {""t"": 180.813968253, ""f"": ""Verse""}, {""t"": 189.20478458, ""f"": ""Verse""}, {""t"": 198.579954648, ""f"": ""Verse""}, {""t"": 203.189047619, ""f"": ""Transition""}, {""t"": 207.827641723, ""f"": ""Verse""}, {""t"": 217.161315192, ""f"": ""Verse""}, {""t"": 226.497346938, ""f"": ""Verse""}, {""t"": 231.168344671, ""f"": ""Transition""}, {""t"": 235.873605442, ""f"": ""Verse""}, {""t"": 246.264104308, ""f"": ""Verse""}, {""t"": 255.512879818, ""f"": ""Verse""}, {""t"": 260.140136054, ""f"": ""Transition""}, {""t"": 263.743764172, ""f"": ""Verse""}, {""t"": 273.087641723, ""f"": ""Verse""}, {""t"": 282.421428571, ""f"": ""Verse""}, {""t"": 287.032630385, ""f"": ""Outro""}, {""t"": 292.638004535, ""f"": ""End""}]",spectrograms/mel/35_Brownie_McGhee_The_Last_Mile.png,spectrograms/linear/35_Brownie_McGhee_The_Last_Mile.png,spectrograms/matrices/35_Brownie_McGhee_The_Last_Mile.npy
43,Howlin   For My Darlin,Howlin' Wolf,"[0.0, 0.431383219, 24.691746031, 36.583741496, 59.831564625, 71.461995464, 94.545986394, 105.998888888, 128.896145124, 140.217573696, 151.534104308, 153.939614512]","[{""t"": 0.0, ""f"": ""Silence""}, {""t"": 0.431383219, ""f"": ""Intro""}, {""t"": 24.691746031, ""f"": ""Chorus""}, {""t"": 36.583741496, ""f"": ""Verse""}, {""t"": 59.831564625, ""f"": ""Chorus""}, {""t"": 71.461995464, ""f"": ""Solo""}, {""t"": 94.545986394, ""f"": ""Chorus""}, {""t"": 105.998888888, ""f"": ""Verse""}, {""t"": 128.896145124, ""f"": ""Chorus""}, {""t"": 140.217573696, ""f"": ""Fade-out""}, {""t"": 151.534104308, ""f"": ""Silence""}, {""t"": 153.939614512, ""f"": ""End""}]","[0.0, 0.766258503, 24.854897959, 36.60015873, 59.817006802, 71.501088435, 94.558072562, 105.985487528, 128.952086167, 140.294149659, 151.231564625, 153.971315192]","[{""t"": 0.0, ""f"": ""Silence""}, {""t"": 0.766258503, ""f"": ""Intro""}, {""t"": 24.854897959, ""f"": ""Chorus""}, {""t"": 36.60015873, ""f"": ""Verse""}, {""t"": 59.817006802, ""f"": ""Chorus""}, {""t"": 71.501088435, ""f"": ""Bridge""}, {""t"": 94.558072562, ""f"": ""Chorus""}, {""t"": 105.985487528, ""f"": ""Verse""}, {""t"": 128.952086167, ""f"": ""Chorus""}, {""t"": 140.294149659, ""f"": ""Outro""}, {""t"": 151.231564625, ""f"": ""Silence""}, {""t"": 153.971315192, ""f"": ""End""}]",spectrograms/mel/43_Howlin'_Wolf_Howlin___For_My_Darlin.png,spectrograms/linear/43_Howlin'_Wolf_Howlin___For_My_Darlin.png,spectrograms/matrices/43_Howlin'_Wolf_Howlin___For_My_Darlin.npy
47,The Hunter,Koko Taylor,"[0.0, 0.0, 14.782789115, 56.734988662, 98.765283446, 140.494603174, 182.142970521, 205.43079365]","[{""t"": 0.0, ""f"": ""Intro""}, {""t"": 0.0, ""f"": ""Silence""}, {""t"": 14.782789115, ""f"": ""Verse""}, {""t"": 56.734988662, ""f"": ""Verse""}, {""t"": 98.765283446, ""f"": ""Solo""}, {""t"": 140.494603174, ""f"": ""Verse""}, {""t"": 182.142970521, ""f"": ""Outro""}, {""t"": 205.43079365, ""f"": ""End""}]","[0.0, 0.719818594, 14.700498866, 56.684580498, 98.753582766, 140.434285714, 182.154240362, 205.44494331]","[{""t"": 0.0, ""f"": ""Silence""}, {""t"": 0.719818594, ""f"": ""Intro""}, {""t"": 14.700498866, ""f"": ""no_function""}, {""t"": 56.684580498, ""f"": ""Verse""}, {""t"": 98.753582766, ""f"": ""Solo""}, {""t"": 140.434285714, ""f"": ""no_function""}, {""t"": 182.154240362, ""f"": ""Outro""}, {""t"": 205.44494331, ""f"": ""End""}]",spectrograms/mel/47_Koko_Taylor_The_Hunter.png,spectrograms/linear/47_Koko_Taylor_The_Hunter.png,spectrograms/matrices/47_Koko_Taylor_The_Hunter.npy
51,Watch Yourself,Buddy Guy,"[0.0, 0.116099773, 7.069, 9.375283446, 32.74723356, 56.058752834, 79.394920634, 102.770770975, 126.131383219, 143.689024943, 166.810839002, 189.446417233, 212.362743764, 227.594693877, 241.370748299, 243.838163265]","[{""t"": 0.0, ""f"": ""Silence""}, {""t"": 0.116099773, ""f"": ""Intro""}, {""t"": 7.069, ""f"": ""no_function""}, {""t"": 9.375283446, ""f"": ""Verse""}, {""t"": 32.74723356, ""f"": ""no_function""}, {""t"": 56.058752834, ""f"": ""Solo""}, {""t"": 79.394920634, ""f"": ""Verse""}, {""t"": 102.770770975, ""f"": ""no_function""}, {""t"": 126.131383219, ""f"": ""Chorus""}, {""t"": 143.689024943, ""f"": ""Verse""}, {""t"": 166.810839002, ""f"": ""Solo""}, {""t"": 189.446417233, ""f"": ""Verse""}, {""t"": 212.362743764, ""f"": ""Chorus""}, {""t"": 227.594693877, ""f"": ""Fade-out""}, {""t"": 241.370748299, ""f"": ""Silence""}, {""t"": 243.838163265, ""f"": ""End""}]","[0.0, 0.139319727, 7.082086167, 32.701632653, 56.030521541, 79.413469387, 102.804263038, 126.154376417, 143.664172335, 166.795895691, 189.46063492, 212.310725623, 235.045555555, 235.045555555, 241.348503401, 243.839637188]","[{""t"": 0.0, ""f"": ""Silence""}, {""t"": 0.139319727, ""f"": ""no_function""}, {""t"": 7.082086167, ""f"": ""Verse""}, {""t"": 32.701632653, ""f"": ""Verse""}, {""t"": 56.030521541, ""f"": ""Solo""}, {""t"": 79.413469387, ""f"": ""Verse""}, {""t"": 102.804263038, ""f"": ""Verse""}, {""t"": 126.154376417, ""f"": ""Interlude""}, {""t"": 143.664172335, ""f"": ""Verse""}, {""t"": 166.795895691, ""f"": ""Solo""}, {""t"": 189.46063492, ""f"": ""Verse""}, {""t"": 212.310725623, ""f"": ""Verse""}, {""t"": 235.045555555, ""f"": ""Fade-out""}, {""t"": 235.045555555, ""f"": ""Outro""}, {""t"": 241.348503401, ""f"": ""Silence""}, {""t"": 243.839637188, ""f"": ""End""}]",spectrograms/mel/51_Buddy_Guy_Watch_Yourself.png,spectrograms/linear/51_Buddy_Guy_Watch_Yourself.png,spectrograms/matrices/51_Buddy_Guy_Watch_Yourself.npy
307,Only One And Only,Gillian Welch,"[0.0, 0.417959183, 21.680997732, 42.728367346, 63.983219954, 85.920204081, 107.574036281, 129.127029478, 151.072539682, 172.808163265, 194.777006802, 216.60446712, 238.456734693, 260.659954648, 282.941995464, 305.139795918, 305.139795918, 316.203764172, 328.765736961, 334.001632653]","[{""t"": 0.0, ""f"": ""Silence""}, {""t"": 0.417959183, ""f"": ""Intro""}, {""t"": 21.680997732, ""f"": ""Verse""}, {""t"": 42.728367346, ""f"": ""Verse""}, {""t"": 63.983219954, ""f"": ""Chorus""}, {""t"": 85.920204081, ""f"": ""Verse""}, {""t"": 107.574036281, ""f"": ""Verse""}, {""t"": 129.127029478, ""f"": ""Chorus""}, {""t"": 151.072539682, ""f"": ""Solo""}, {""t"": 172.808163265, ""f"": ""Solo""}, {""t"": 194.777006802, ""f"": ""Verse""}, {""t"": 216.60446712, ""f"": ""Verse""}, {""t"": 238.456734693, ""f"": ""Chorus""}, {""t"": 260.659954648, ""f"": ""Chorus""}, {""t"": 282.941995464, ""f"": ""Outro""}, {""t"": 305.139795918, ""f"": ""Outro""}, {""t"": 305.139795918, ""f"": ""guitar""}, {""t"": 316.203764172, ""f"": ""steel""}, {""t"": 328.765736961, ""f"": ""Silence""}, {""t"": 334.001632653, ""f"": ""End""}]","[0.0, 0.557278911, 21.663038548, 64.04063492, 85.988480725, 129.128095238, 151.045804988, 194.794671201, 238.416598639, 282.870975056, 329.561519274, 334.007165532]","[{""t"": 0.0, ""f"": ""Silence""}, {""t"": 0.557278911, ""f"": ""Intro""}, {""t"": 21.663038548, ""f"": ""Verse""}, {""t"": 64.04063492, ""f"": ""Chorus""}, {""t"": 85.988480725, ""f"": ""Verse""}, {""t"": 129.128095238, ""f"": ""Chorus""}, {""t"": 151.045804988, ""f"": ""Solo""}, {""t"": 194.794671201, ""f"": ""Verse""}, {""t"": 238.416598639, ""f"": ""Chorus""}, {""t"": 282.870975056, ""f"": ""Interlude""}, {""t"": 329.561519274, ""f"": ""Silence""}, {""t"": 334.007165532, ""f"": ""End""}]",spectrograms/mel/307_Gillian_Welch_Only_One_And_Only.png,spectrograms/linear/307_Gillian_Welch_Only_One_And_Only.png,spectrograms/matrices/307_Gillian_Welch_Only_One_And_Only.npy
311,The Believer,Neil Young,"[0.0, 0.208979591, 7.590408163, 20.558299319, 26.934852607, 39.828185941, 52.407959183, 65.350362811, 71.790975056, 84.470453514, 97.27063492, 109.878004535, 122.502721088, 129.006666666, 141.630408163, 147.918276643, 158.243990929, 163.345668934]","[{""t"": 0.0, ""f"": ""Silence""}, {""t"": 0.208979591, ""f"": ""Intro""}, {""t"": 7.590408163, ""f"": ""Verse""}, {""t"": 20.558299319, ""f"": ""Chorus""}, {""t"": 26.934852607, ""f"": ""Verse""}, {""t"": 39.828185941, ""f"": ""Chorus""}, {""t"": 52.407959183, ""f"": ""Verse""}, {""t"": 65.350362811, ""f"": ""Transition""}, {""t"": 71.790975056, ""f"": ""Chorus""}, {""t"": 84.470453514, ""f"": ""Verse""}, {""t"": 97.27063492, ""f"": ""Chorus""}, {""t"": 109.878004535, ""f"": ""Verse""}, {""t"": 122.502721088, ""f"": ""Transition""}, {""t"": 129.006666666, ""f"": ""Chorus""}, {""t"": 141.630408163, ""f"": ""no_function""}, {""t"": 147.918276643, ""f"": ""Fade-out""}, {""t"": 158.243990929, ""f"": ""Silence""}, {""t"": 163.345668934, ""f"": ""End""}]","[0.0, 0.185759637, 7.623696145, 26.975510204, 39.791269841, 52.50340136, 71.826848072, 84.490249433, 97.263356009, 109.903537414, 128.970408163, 147.927664399, 147.927664399, 147.927664399, 158.267210884, 163.360997732]","[{""t"": 0.0, ""f"": ""Silence""}, {""t"": 0.185759637, ""f"": ""Intro""}, {""t"": 7.623696145, ""f"": ""Verse""}, {""t"": 26.975510204, ""f"": ""Verse""}, {""t"": 39.791269841, ""f"": ""Chorus""}, {""t"": 52.50340136, ""f"": ""Bridge""}, {""t"": 71.826848072, ""f"": ""Chorus""}, {""t"": 84.490249433, ""f"": ""Verse""}, {""t"": 97.263356009, ""f"": ""Chorus""}, {""t"": 109.903537414, ""f"": ""Bridge""}, {""t"": 128.970408163, ""f"": ""Verse""}, {""t"": 147.927664399, ""f"": ""Fade-out""}, {""t"": 147.927664399, ""f"": ""Outro""}, {""t"": 147.927664399, ""f"": ""out""}, {""t"": 158.267210884, ""f"": ""Silence""}, {""t"": 163.360997732, ""f"": ""End""}]",spectrograms/mel/311_Neil_Young_The_Believer.png,spectrograms/linear/311_Neil_Young_The_Believer.png,spectrograms/matrices/311_Neil_Young_The_Believer.npy
319,Sweet Poison,David Olney,"[0.0, 0.185759637, 6.553832199, 12.318185941, 35.776145124, 53.30430839, 73.160272108, 96.505034013, 114.059319727, 133.990748299, 157.239727891, 174.727256235, 200.688299319, 203.106417233]","[{""t"": 0.0, ""f"": ""Silence""}, {""t"": 0.185759637, ""f"": ""Intro""}, {""t"": 6.553832199, ""f"": ""no_function""}, {""t"": 12.318185941, ""f"": ""Verse""}, {""t"": 35.776145124, ""f"": ""Chorus""}, {""t"": 53.30430839, ""f"": ""Solo""}, {""t"": 73.160272108, ""f"": ""Verse""}, {""t"": 96.505034013, ""f"": ""Chorus""}, {""t"": 114.059319727, ""f"": ""Solo""}, {""t"": 133.990748299, ""f"": ""Verse""}, {""t"": 157.239727891, ""f"": ""Chorus""}, {""t"": 174.727256235, ""f"": ""Outro""}, {""t"": 200.688299319, ""f"": ""Silence""}, {""t"": 203.106417233, ""f"": ""End""}]","[0.0, 0.139319727, 12.303990929, 35.765646258, 53.340929705, 73.164648526, 96.54079365, 114.047278911, 134.068911564, 157.295374149, 174.811927437, 203.119727891]","[{""t"": 0.0, ""f"": ""Silence""}, {""t"": 0.139319727, ""f"": ""Intro""}, {""t"": 12.303990929, ""f"": ""Verse""}, {""t"": 35.765646258, ""f"": ""Chorus""}, {""t"": 53.340929705, ""f"": ""Solo""}, {""t"": 73.164648526, ""f"": ""Verse""}, {""t"": 96.54079365, ""f"": ""Chorus""}, {""t"": 114.047278911, ""f"": ""Solo""}, {""t"": 134.068911564, ""f"": ""Verse""}, {""t"": 157.295374149, ""f"": ""Chorus""}, {""t"": 174.811927437, ""f"": ""Chorus""}, {""t"": 203.119727891, ""f"": ""End""}]",spectrograms/mel/319_David_Olney_Sweet_Poison.png,spectrograms/linear/319_David_Olney_Sweet_Poison.png,spectrograms/matrices/319_David_Olney_Sweet_Poison.npy
327,Tonight  s The Night,Pink,"[0.0, 0.206122448, 9.656054421, 18.463310657, 27.331723356, 36.1592517, 53.896099773, 62.719319727, 71.567414965, 89.311360544, 98.143333333, 106.975442176, 106.975442176, 115.864353741, 124.687324263, 133.556031746, 142.41510204, 160.15585034, 168.959614512, 177.831972789, 195.558820861, 204.366621315, 213.200136054, 236.032108843, 236.815238095]","[{""t"": 0.0, ""f"": ""Silence""}, {""t"": 0.206122448, ""f"": ""Intro""}, {""t"": 9.656054421, ""f"": ""Intro""}, {""t"": 18.463310657, ""f"": ""Chorus""}, {""t"": 27.331723356, ""f"": ""Chorus""}, {""t"": 36.1592517, ""f"": ""Verse""}, {""t"": 53.896099773, ""f"": ""Chorus""}, {""t"": 62.719319727, ""f"": ""Chorus""}, {""t"": 71.567414965, ""f"": ""Verse""}, {""t"": 89.311360544, ""f"": ""Chorus""}, {""t"": 98.143333333, ""f"": ""Chorus""}, {""t"": 106.975442176, ""f"": ""Solo""}, {""t"": 106.975442176, ""f"": ""organ""}, {""t"": 115.864353741, ""f"": ""hammond""}, {""t"": 124.687324263, ""f"": ""Bridge""}, {""t"": 133.556031746, ""f"": ""Bridge""}, {""t"": 142.41510204, ""f"": ""Verse""}, {""t"": 160.15585034, ""f"": ""Chorus""}, {""t"": 168.959614512, ""f"": ""Chorus""}, {""t"": 177.831972789, ""f"": ""Verse""}, {""t"": 195.558820861, ""f"": ""Chorus""}, {""t"": 204.366621315, ""f"": ""Chorus""}, {""t"": 213.200136054, ""f"": ""Outro""}, {""t"": 236.032108843, ""f"": ""Silence""}, {""t"": 236.815238095, ""f"": ""End""}]","[0.0, 0.766258503, 9.54340136, 18.456190476, 36.165918367, 53.857142857, 71.563900226, 89.191496598, 106.967437641, 124.70941043, 142.422811791, 160.055691609, 177.798662131, 195.477913832, 213.198140589, 213.198140589, 234.974693877, 236.816802721]","[{""t"": 0.0, ""f"": ""Silence""}, {""t"": 0.766258503, ""f"": ""Intro""}, {""t"": 9.54340136, ""f"": ""Pre-Verse""}, {""t"": 18.456190476, ""f"": ""Chorus""}, {""t"": 36.165918367, ""f"": ""Verse""}, {""t"": 53.857142857, ""f"": ""Chorus""}, {""t"": 71.563900226, ""f"": ""Verse""}, {""t"": 89.191496598, ""f"": ""Chorus""}, {""t"": 106.967437641, ""f"": ""Solo""}, {""t"": 124.70941043, ""f"": ""no_function""}, {""t"": 142.422811791, ""f"": ""Verse""}, {""t"": 160.055691609, ""f"": ""Chorus""}, {""t"": 177.798662131, ""f"": ""Verse""}, {""t"": 195.477913832, ""f"": ""Chorus""}, {""t"": 213.198140589, ""f"": ""Fade-out""}, {""t"": 213.198140589, ""f"": ""Outro""}, {""t"": 234.974693877, ""f"": ""Silence""}, {""t"": 236.816802721, ""f"": ""End""}]",spectrograms/mel/327_Pink_Tonight__s_The_Night.png,spectrograms/linear/327_Pink_Tonight__s_The_Night.png,spectrograms/matrices/327_Pink_Tonight__s_The_Night.npy
331,BEAT IT,Michael Jackson,"[0.0, 0.15510204, 24.302040816, 38.146938775, 51.951020408, 65.815147392, 86.542857142, 100.363265306, 114.2, 128.024489795, 141.844897959, 169.522448979, 183.334693877, 197.183673469, 211.03600907, 224.848979591, 238.702993197, 245.615442176, 257.826122448, 258.515827664]","[{""t"": 0.0, ""f"": ""Silence""}, {""t"": 0.15510204, ""f"": ""Intro""}, {""t"": 24.302040816, ""f"": ""no_function""}, {""t"": 38.146938775, ""f"": ""Verse""}, {""t"": 51.951020408, ""f"": ""Verse""}, {""t"": 65.815147392, ""f"": ""Chorus""}, {""t"": 86.542857142, ""f"": ""Verse""}, {""t"": 100.363265306, ""f"": ""Verse""}, {""t"": 114.2, ""f"": ""Chorus""}, {""t"": 128.024489795, ""f"": ""no_function""}, {""t"": 141.844897959, ""f"": ""break""}, {""t"": 169.522448979, ""f"": ""Solo""}, {""t"": 183.334693877, ""f"": ""no_function""}, {""t"": 197.183673469, ""f"": ""Chorus""}, {""t"": 211.03600907, ""f"": ""no_function""}, {""t"": 224.848979591, ""f"": ""no_function""}, {""t"": 238.702993197, ""f"": ""no_function""}, {""t"": 245.615442176, ""f"": ""Fade-out""}, {""t"": 257.826122448, ""f"": ""Silence""}, {""t"": 258.515827664, ""f"": ""End""}]","[0.0, 0.136417233, 24.356553287, 38.156598639, 51.985238095, 65.825011337, 86.545578231, 100.406462585, 114.232290249, 128.083650793, 141.91941043, 169.605124716, 183.439931972, 197.263106575, 211.066780045, 224.916666666, 238.739863945, 255.650657596, 258.515600907]","[{""t"": 0.0, ""f"": ""Silence""}, {""t"": 0.136417233, ""f"": ""Intro""}, {""t"": 24.356553287, ""f"": ""Intro""}, {""t"": 38.156598639, ""f"": ""Verse""}, {""t"": 51.985238095, ""f"": ""Verse""}, {""t"": 65.825011337, ""f"": ""Chorus""}, {""t"": 86.545578231, ""f"": ""Verse""}, {""t"": 100.406462585, ""f"": ""Verse""}, {""t"": 114.232290249, ""f"": ""Chorus""}, {""t"": 128.083650793, ""f"": ""Chorus""}, {""t"": 141.91941043, ""f"": ""Interlude""}, {""t"": 169.605124716, ""f"": ""Solo""}, {""t"": 183.439931972, ""f"": ""Solo""}, {""t"": 197.263106575, ""f"": ""Chorus""}, {""t"": 211.066780045, ""f"": ""Chorus""}, {""t"": 224.916666666, ""f"": ""Chorus""}, {""t"": 238.739863945, ""f"": ""Fade-out""}, {""t"": 255.650657596, ""f"": ""Silence""}, {""t"": 258.515600907, ""f"": ""End""}]",spectrograms/mel/331_Michael_Jackson_BEAT_IT.png,spectrograms/linear/331_Michael_Jackson_BEAT_IT.png,spectrograms/matrices/331_Michael_Jackson_BEAT_IT.npy
335,Stars Are Blind,Paris Hilton,"[0.0, 0.575374149, 9.990272108, 19.40478458, 38.132154195, 61.686099773, 94.579183673, 113.44723356, 127.660997732, 155.873832199, 174.673809523, 212.310453514, 221.692539682, 235.792630385, 237.744897959]","[{""t"": 0.0, ""f"": ""Silence""}, {""t"": 0.575374149, ""f"": ""Intro""}, {""t"": 9.990272108, ""f"": ""Intro""}, {""t"": 19.40478458, ""f"": ""Verse""}, {""t"": 38.132154195, ""f"": ""Pre-Chorus""}, {""t"": 61.686099773, ""f"": ""Chorus""}, {""t"": 94.579183673, ""f"": ""Verse""}, {""t"": 113.44723356, ""f"": ""Pre-Chorus""}, {""t"": 127.660997732, ""f"": ""Chorus""}, {""t"": 155.873832199, ""f"": ""Bridge""}, {""t"": 174.673809523, ""f"": ""Chorus""}, {""t"": 212.310453514, ""f"": ""Outro""}, {""t"": 221.692539682, ""f"": ""Fade-out""}, {""t"": 235.792630385, ""f"": ""Silence""}, {""t"": 237.744897959, ""f"": ""End""}]","[0.0, 0.57600907, 9.960249433, 19.389342403, 57.053310657, 61.739024943, 85.270612244, 94.680022675, 122.961995464, 127.616870748, 155.8561678, 174.688004535, 212.324535147, 236.860839002, 237.720566893]","[{""t"": 0.0, ""f"": ""Silence""}, {""t"": 0.57600907, ""f"": ""Intro""}, {""t"": 9.960249433, ""f"": ""Pre-Verse""}, {""t"": 19.389342403, ""f"": ""Verse""}, {""t"": 57.053310657, ""f"": ""Pre-Chorus""}, {""t"": 61.739024943, ""f"": ""Chorus""}, {""t"": 85.270612244, ""f"": ""Pre-Verse""}, {""t"": 94.680022675, ""f"": ""Verse""}, {""t"": 122.961995464, ""f"": ""Pre-Chorus""}, {""t"": 127.616870748, ""f"": ""Chorus""}, {""t"": 155.8561678, ""f"": ""Bridge""}, {""t"": 174.688004535, ""f"": ""Chorus""}, {""t"": 212.324535147, ""f"": ""Outro""}, {""t"": 236.860839002, ""f"": ""Silence""}, {""t"": 237.720566893, ""f"": ""End""}]",spectrograms/mel/335_Paris_Hilton_Stars_Are_Blind.png,spectrograms/linear/335_Paris_Hilton_Stars_Are_Blind.png,spectrograms/matrices/335_Paris_Hilton_Stars_Are_Blind.npy
339,Another Day,Jaga Jazzist,[],[],"[0.0, 0.052244897, 0.052244897, 23.988979591, 23.988979591, 47.691088435, 47.691088435, 71.484240362, 83.551020408, 83.551020408, 95.004081632, 95.004081632, 118.914285714, 118.914285714, 142.448979591, 142.448979591, 166.4, 166.4, 176.482970521, 176.482970521, 185.943174603, 185.943174603, 195.452086167, 195.452086167, 200.195238095, 208.92154195, 210.893197278]","[{""t"": 0.0, ""f"": ""Silence""}, {""t"": 0.052244897, ""f"": ""Main_Theme""}, {""t"": 0.052244897, ""f"": ""Theme""}, {""t"": 23.988979591, ""f"": ""Main_Theme""}, {""t"": 23.988979591, ""f"": ""Theme""}, {""t"": 47.691088435, ""f"": ""Main_Theme""}, {""t"": 47.691088435, ""f"": ""Theme""}, {""t"": 71.484240362, ""f"": ""Transition""}, {""t"": 83.551020408, ""f"": ""Secondary_Theme""}, {""t"": 83.551020408, ""f"": ""Theme""}, {""t"": 95.004081632, ""f"": ""Main_Theme""}, {""t"": 95.004081632, ""f"": ""Theme""}, {""t"": 118.914285714, ""f"": ""Main_Theme""}, {""t"": 118.914285714, ""f"": ""Theme""}, {""t"": 142.448979591, ""f"": ""Main_Theme""}, {""t"": 142.448979591, ""f"": ""Theme""}, {""t"": 166.4, ""f"": ""Theme""}, {""t"": 166.4, ""f"": ""third""}, {""t"": 176.482970521, ""f"": ""Theme""}, {""t"": 176.482970521, ""f"": ""third""}, {""t"": 185.943174603, ""f"": ""Theme""}, {""t"": 185.943174603, ""f"": ""third""}, {""t"": 195.452086167, ""f"": ""Theme""}, {""t"": 195.452086167, ""f"": ""third""}, {""t"": 200.195238095, ""f"": ""Outro""}, {""t"": 208.92154195, ""f"": ""Silence""}, {""t"": 210.893197278, ""f"": ""End""}]",spectrograms/mel/339_Jaga_Jazzist_Another_Day.png,spectrograms/linear/339_Jaga_Jazzist_Another_Day.png,spectrograms/matrices/339_Jaga_Jazzist_Another_Day.npy
343,Strings Outro,Culprit 1,"[0.0, 0.03356009, 17.917188208, 17.917188208, 35.777460317, 44.605079365, 53.5092517, 62.42893424, 71.300725623, 71.300725623, 80.196870748, 89.053514739, 97.993877551, 106.884693877, 115.748798185, 124.343877551, 124.347052154]","[{""t"": 0.0, ""f"": ""Silence""}, {""t"": 0.03356009, ""f"": ""Intro""}, {""t"": 17.917188208, ""f"": ""Main_Theme""}, {""t"": 17.917188208, ""f"": ""Theme""}, {""t"": 35.777460317, ""f"": ""no_function""}, {""t"": 44.605079365, ""f"": ""no_function""}, {""t"": 53.5092517, ""f"": ""no_function""}, {""t"": 62.42893424, ""f"": ""no_function""}, {""t"": 71.300725623, ""f"": ""Secondary_Theme""}, {""t"": 71.300725623, ""f"": ""Theme""}, {""t"": 80.196870748, ""f"": ""no_function""}, {""t"": 89.053514739, ""f"": ""no_function""}, {""t"": 97.993877551, ""f"": ""no_function""}, {""t"": 106.884693877, ""f"": ""Coda""}, {""t"": 115.748798185, ""f"": ""no_function""}, {""t"": 124.343877551, ""f"": ""Silence""}, {""t"": 124.347052154, ""f"": ""End""}]","[0.0, 17.607687074, 106.512585034, 124.350272108, 124.350272108]","[{""t"": 0.0, ""f"": ""Silence""}, {""t"": 17.607687074, ""f"": ""no_function""}, {""t"": 106.512585034, ""f"": ""Outro""}, {""t"": 124.350272108, ""f"": ""End""}, {""t"": 124.350272108, ""f"": ""Silence""}]",spectrograms/mel/343_Culprit_1_Strings_Outro.png,spectrograms/linear/343_Culprit_1_Strings_Outro.png,spectrograms/matrices/343_Culprit_1_Strings_Outro.npy
355,The Boogie Monster,Gnarls Barkley,"[0.0, 0.0, 18.714104308, 37.146507936, 55.626054421, 74.09079365, 92.547188208, 110.961723356, 129.442267573, 147.843424036, 170.435147392, 170.582539682]","[{""t"": 0.0, ""f"": ""Intro""}, {""t"": 0.0, ""f"": ""Silence""}, {""t"": 18.714104308, ""f"": ""Chorus""}, {""t"": 37.146507936, ""f"": ""Verse""}, {""t"": 55.626054421, ""f"": ""Chorus""}, {""t"": 74.09079365, ""f"": ""Verse""}, {""t"": 92.547188208, ""f"": ""Chorus""}, {""t"": 110.961723356, ""f"": ""Verse""}, {""t"": 129.442267573, ""f"": ""Chorus""}, {""t"": 147.843424036, ""f"": ""Outro""}, {""t"": 170.435147392, ""f"": ""Silence""}, {""t"": 170.582539682, ""f"": ""End""}]","[0.0, 0.162539682, 18.569274376, 37.103537414, 46.302517006, 55.518480725, 74.011927437, 83.18755102, 92.467732426, 110.907777777, 120.148594104, 129.343469387, 147.864671201, 166.510294784, 170.536213151]","[{""t"": 0.0, ""f"": ""Silence""}, {""t"": 0.162539682, ""f"": ""Intro""}, {""t"": 18.569274376, ""f"": ""Chorus""}, {""t"": 37.103537414, ""f"": ""Pre-Verse""}, {""t"": 46.302517006, ""f"": ""Verse""}, {""t"": 55.518480725, ""f"": ""Chorus""}, {""t"": 74.011927437, ""f"": ""Pre-Verse""}, {""t"": 83.18755102, ""f"": ""Verse""}, {""t"": 92.467732426, ""f"": ""Chorus""}, {""t"": 110.907777777, ""f"": ""Pre-Verse""}, {""t"": 120.148594104, ""f"": ""Verse""}, {""t"": 129.343469387, ""f"": ""Chorus""}, {""t"": 147.864671201, ""f"": ""Outro""}, {""t"": 166.510294784, ""f"": ""no_function""}, {""t"": 170.536213151, ""f"": ""End""}]",spectrograms/mel/355_Gnarls_Barkley_The_Boogie_Monster.png,spectrograms/linear/355_Gnarls_Barkley_The_Boogie_Monster.png,spectrograms/matrices/355_Gnarls_Barkley_The_Boogie_Monster.npy
359,Missy  s Finale,Missy Elliott,"[0.0, 0.255419501, 22.662675736, 24.81632653]","[{""t"": 0.0, ""f"": ""Silence""}, {""t"": 0.255419501, ""f"": ""no_function""}, {""t"": 22.662675736, ""f"": ""Silence""}, {""t"": 24.81632653, ""f"": ""End""}]",[],[],spectrograms/mel/359_Missy_Elliott_Missy__s_Finale.png,spectrograms/linear/359_Missy_Elliott_Missy__s_Finale.png,spectrograms/matrices/359_Missy_Elliott_Missy__s_Finale.npy
363,I Got Luv 4 Ya,Timbaland,"[0.0, 0.0, 23.754807256, 71.143378684, 94.91739229, 142.301746031, 166.004263038, 177.826621315, 201.558526077, 213.378480725, 237.046054421, 247.959206349]","[{""t"": 0.0, ""f"": ""Intro""}, {""t"": 0.0, ""f"": ""silence""}, {""t"": 23.754807256, ""f"": ""Verse""}, {""t"": 71.143378684, ""f"": ""Chorus""}, {""t"": 94.91739229, ""f"": ""Verse""}, {""t"": 142.301746031, ""f"": ""Chorus""}, {""t"": 166.004263038, ""f"": ""Transition""}, {""t"": 177.826621315, ""f"": ""Chorus""}, {""t"": 201.558526077, ""f"": ""Transition""}, {""t"": 213.378480725, ""f"": ""Outro""}, {""t"": 237.046054421, ""f"": ""Fade-out""}, {""t"": 247.959206349, ""f"": ""End""}]","[0.0, 0.092879818, 23.761451247, 71.183990929, 94.935306122, 142.260839002, 177.929546485, 213.442380952, 247.95585034]","[{""t"": 0.0, ""f"": ""Silence""}, {""t"": 0.092879818, ""f"": ""Intro""}, {""t"": 23.761451247, ""f"": ""Verse""}, {""t"": 71.183990929, ""f"": ""Chorus""}, {""t"": 94.935306122, ""f"": ""Verse""}, {""t"": 142.260839002, ""f"": ""Chorus""}, {""t"": 177.929546485, ""f"": ""Chorus""}, {""t"": 213.442380952, ""f"": ""Outro""}, {""t"": 247.95585034, ""f"": ""End""}]",spectrograms/mel/363_Timbaland_I_Got_Luv_4_Ya.png,spectrograms/linear/363_Timbaland_I_Got_Luv_4_Ya.png,spectrograms/matrices/363_Timbaland_I_Got_Luv_4_Ya.npy
367,Throw Your Set In The Air,Cypress Hill,"[0.0, 0.325079365, 43.235555555, 53.638095238, 74.470544217, 84.815170068, 105.640340136, 126.366439909, 147.166598639, 167.974580498, 188.729365079, 209.455011337, 230.206984126, 244.970521541, 248.323514739]","[{""t"": 0.0, ""f"": ""Silence""}, {""t"": 0.325079365, ""f"": ""no_function""}, {""t"": 43.235555555, ""f"": ""Intro""}, {""t"": 53.638095238, ""f"": ""Verse""}, {""t"": 74.470544217, ""f"": ""Chorus""}, {""t"": 84.815170068, ""f"": ""Verse""}, {""t"": 105.640340136, ""f"": ""no_function""}, {""t"": 126.366439909, ""f"": ""Chorus""}, {""t"": 147.166598639, ""f"": ""no_function""}, {""t"": 167.974580498, ""f"": ""Verse""}, {""t"": 188.729365079, ""f"": ""Chorus""}, {""t"": 209.455011337, ""f"": ""Outro""}, {""t"": 230.206984126, ""f"": ""Fade-out""}, {""t"": 244.970521541, ""f"": ""Silence""}, {""t"": 248.323514739, ""f"": ""End""}]","[0.0, 0.325079365, 43.447188208, 53.638095238, 64.092358276, 74.45494331, 84.854852607, 95.260748299, 105.686734693, 116.038707482, 126.430566893, 147.182471655, 157.591156462, 167.95861678, 178.383038548, 188.734535147, 209.542721088, 219.918253968, 230.310430839, 235.502902494, 235.502902494, 244.979229024, 248.326281179]","[{""t"": 0.0, ""f"": ""Silence""}, {""t"": 0.325079365, ""f"": ""no_function""}, {""t"": 43.447188208, ""f"": ""Intro""}, {""t"": 53.638095238, ""f"": ""Verse""}, {""t"": 64.092358276, ""f"": ""Verse""}, {""t"": 74.45494331, ""f"": ""Chorus""}, {""t"": 84.854852607, ""f"": ""Verse""}, {""t"": 95.260748299, ""f"": ""Verse""}, {""t"": 105.686734693, ""f"": ""Verse""}, {""t"": 116.038707482, ""f"": ""Verse""}, {""t"": 126.430566893, ""f"": ""Chorus""}, {""t"": 147.182471655, ""f"": ""post-chorus""}, {""t"": 157.591156462, ""f"": ""post-chorus""}, {""t"": 167.95861678, ""f"": ""Verse""}, {""t"": 178.383038548, ""f"": ""Verse""}, {""t"": 188.734535147, ""f"": ""Chorus""}, {""t"": 209.542721088, ""f"": ""post-chorus""}, {""t"": 219.918253968, ""f"": ""post-chorus""}, {""t"": 230.310430839, ""f"": ""Outro""}, {""t"": 235.502902494, ""f"": ""Fade-out""}, {""t"": 235.502902494, ""f"": ""out""}, {""t"": 244.979229024, ""f"": ""Silence""}, {""t"": 248.326281179, ""f"": ""End""}]",spectrograms/mel/367_Cypress_Hill_Throw_Your_Set_In_The_Air.png,spectrograms/linear/367_Cypress_Hill_Throw_Your_Set_In_The_Air.png,spectrograms/matrices/367_Cypress_Hill_Throw_Your_Set_In_The_Air.npy
371,I  m So Worried,Monty Python,"[0.0, 0.253061224, 11.261746031, 47.802698412, 54.121927437, 63.590657596, 82.508888888, 105.931247165, 119.839614512, 129.255668934, 136.286054421, 141.211088435, 155.875079365, 162.956621315, 169.508321995, 184.050430839, 191.586575963, 197.162244897, 199.65755102]","[{""t"": 0.0, ""f"": ""Silence""}, {""t"": 0.253061224, ""f"": ""Intro""}, {""t"": 11.261746031, ""f"": ""Verse""}, {""t"": 47.802698412, ""f"": ""Chorus""}, {""t"": 54.121927437, ""f"": ""no_function""}, {""t"": 63.590657596, ""f"": ""Verse""}, {""t"": 82.508888888, ""f"": ""Chorus""}, {""t"": 105.931247165, ""f"": ""Chorus""}, {""t"": 119.839614512, ""f"": ""no_function""}, {""t"": 129.255668934, ""f"": ""Verse""}, {""t"": 136.286054421, ""f"": ""Interlude""}, {""t"": 141.211088435, ""f"": ""Chorus""}, {""t"": 155.875079365, ""f"": ""no_function""}, {""t"": 162.956621315, ""f"": ""Interlude""}, {""t"": 169.508321995, ""f"": ""Chorus""}, {""t"": 184.050430839, ""f"": ""no_function""}, {""t"": 191.586575963, ""f"": ""Outro""}, {""t"": 197.162244897, ""f"": ""Silence""}, {""t"": 199.65755102, ""f"": ""End""}]","[0.0, 0.208, 11.413582766, 29.601360544, 47.867936507, 63.588820861, 82.583469387, 105.767324263, 141.385442176, 169.580068027, 197.639365079, 199.653877551]","[{""t"": 0.0, ""f"": ""Silence""}, {""t"": 0.208, ""f"": ""Intro""}, {""t"": 11.413582766, ""f"": ""Verse""}, {""t"": 29.601360544, ""f"": ""Verse""}, {""t"": 47.867936507, ""f"": ""Chorus""}, {""t"": 63.588820861, ""f"": ""Verse""}, {""t"": 82.583469387, ""f"": ""Chorus""}, {""t"": 105.767324263, ""f"": ""Chorus""}, {""t"": 141.385442176, ""f"": ""Chorus""}, {""t"": 169.580068027, ""f"": ""Chorus""}, {""t"": 197.639365079, ""f"": ""Silence""}, {""t"": 199.653877551, ""f"": ""End""}]",spectrograms/mel/371_Monty_Python_I__m_So_Worried.png,spectrograms/linear/371_Monty_Python_I__m_So_Worried.png,spectrograms/matrices/371_Monty_Python_I__m_So_Worried.npy
375,Christmas Turkey,The Arrogant Worms,[],[],[],[],spectrograms/mel/375_The_Arrogant_Worms_Christmas_Turkey.png,spectrograms/linear/375_The_Arrogant_Worms_Christmas_Turkey.png,spectrograms/matrices/375_The_Arrogant_Worms_Christmas_Turkey.npy
379,Horizon,The Arrogant Worms,"[0.0, 0.464399092, 50.774489795, 77.081519274, 82.082063492, 95.113764172, 121.370907029, 126.359138321, 132.953446712, 165.775056689, 172.457573696, 192.122448979, 203.871201814, 208.277188208]","[{""t"": 0.0, ""f"": ""Silence""}, {""t"": 0.464399092, ""f"": ""Intro""}, {""t"": 50.774489795, ""f"": ""Verse""}, {""t"": 77.081519274, ""f"": ""Pre-Chorus""}, {""t"": 82.082063492, ""f"": ""Chorus""}, {""t"": 95.113764172, ""f"": ""Verse""}, {""t"": 121.370907029, ""f"": ""Pre-Chorus""}, {""t"": 126.359138321, ""f"": ""Bridge""}, {""t"": 132.953446712, ""f"": ""Verse""}, {""t"": 165.775056689, ""f"": ""Pre-Chorus""}, {""t"": 172.457573696, ""f"": ""Chorus""}, {""t"": 192.122448979, ""f"": ""Outro""}, {""t"": 203.871201814, ""f"": ""Silence""}, {""t"": 208.277188208, ""f"": ""End""}]","[0.0, 0.442585034, 44.164353741, 50.797755102, 81.92, 95.024807256, 126.346621315, 133.015442176, 147.599750566, 172.315283446, 192.120929705, 203.864285714, 208.308095238]","[{""t"": 0.0, ""f"": ""Silence""}, {""t"": 0.442585034, ""f"": ""no_function""}, {""t"": 44.164353741, ""f"": ""Intro""}, {""t"": 50.797755102, ""f"": ""Verse""}, {""t"": 81.92, ""f"": ""Chorus""}, {""t"": 95.024807256, ""f"": ""Verse""}, {""t"": 126.346621315, ""f"": ""Bridge""}, {""t"": 133.015442176, ""f"": ""Verse""}, {""t"": 147.599750566, ""f"": ""Verse""}, {""t"": 172.315283446, ""f"": ""Chorus""}, {""t"": 192.120929705, ""f"": ""Outro""}, {""t"": 203.864285714, ""f"": ""Silence""}, {""t"": 208.308095238, ""f"": ""End""}]",spectrograms/mel/379_The_Arrogant_Worms_Horizon.png,spectrograms/linear/379_The_Arrogant_Worms_Horizon.png,spectrograms/matrices/379_The_Arrogant_Worms_Horizon.npy
383,All Things Dull And Ugly,Monty Python,"[0.0, 0.232199546, 8.125419501, 23.467278911, 38.69340136, 54.089818594, 69.673854875, 85.230725623, 90.103446712, 95.139047619]","[{""t"": 0.0, ""f"": ""Silence""}, {""t"": 0.232199546, ""f"": ""Intro""}, {""t"": 8.125419501, ""f"": ""Verse""}, {""t"": 23.467278911, ""f"": ""Verse""}, {""t"": 38.69340136, ""f"": ""Verse""}, {""t"": 54.089818594, ""f"": ""Verse""}, {""t"": 69.673854875, ""f"": ""Verse""}, {""t"": 85.230725623, ""f"": ""Coda""}, {""t"": 90.103446712, ""f"": ""Silence""}, {""t"": 95.139047619, ""f"": ""End""}]","[0.0, 0.255419501, 8.057324263, 23.346575963, 38.628956916, 54.172154195, 69.588798185, 85.333333333, 90.093424036, 95.168458049]","[{""t"": 0.0, ""f"": ""Silence""}, {""t"": 0.255419501, ""f"": ""Intro""}, {""t"": 8.057324263, ""f"": ""Main_Theme""}, {""t"": 23.346575963, ""f"": ""Secondary_theme""}, {""t"": 38.628956916, ""f"": ""Main_Theme""}, {""t"": 54.172154195, ""f"": ""Secondary_theme""}, {""t"": 69.588798185, ""f"": ""Main_Theme""}, {""t"": 85.333333333, ""f"": ""Outro""}, {""t"": 90.093424036, ""f"": ""Silence""}, {""t"": 95.168458049, ""f"": ""End""}]",spectrograms/mel/383_Monty_Python_All_Things_Dull_And_Ugly.png,spectrograms/linear/383_Monty_Python_All_Things_Dull_And_Ugly.png,spectrograms/matrices/383_Monty_Python_All_Things_Dull_And_Ugly.npy
391,Loaded   Leather   Moonroof,Don Ross,"[0.0, 0.336825396, 5.292040816, 20.291405895, 35.439342403, 50.519002267, 65.728820861, 84.012222222, 99.082154195, 114.303310657, 136.278253968, 265.115147392, 280.155011337, 295.391451247, 322.504126984, 326.166054421]","[{""t"": 0.0, ""f"": ""Silence""}, {""t"": 0.336825396, ""f"": ""Intro""}, {""t"": 5.292040816, ""f"": ""no_function""}, {""t"": 20.291405895, ""f"": ""no_function""}, {""t"": 35.439342403, ""f"": ""no_function""}, {""t"": 50.519002267, ""f"": ""no_function""}, {""t"": 65.728820861, ""f"": ""Transition""}, {""t"": 84.012222222, ""f"": ""no_function""}, {""t"": 99.082154195, ""f"": ""no_function""}, {""t"": 114.303310657, ""f"": ""Transition""}, {""t"": 136.278253968, ""f"": ""Solo""}, {""t"": 265.115147392, ""f"": ""no_function""}, {""t"": 280.155011337, ""f"": ""no_function""}, {""t"": 295.391451247, ""f"": ""Outro""}, {""t"": 322.504126984, ""f"": ""Silence""}, {""t"": 326.166054421, ""f"": ""End""}]","[0.0, 0.352290249, 5.208594104, 20.295691609, 35.433650793, 50.484331065, 65.740816326, 79.133605442, 83.897482993, 99.036031746, 114.39648526, 127.699229024, 132.469841269, 136.347573696, 196.118140589, 256.50909297, 265.102222222, 280.208571428, 295.450249433, 313.724807256, 323.059229024, 326.194263038]","[{""t"": 0.0, ""f"": ""Silence""}, {""t"": 0.352290249, ""f"": ""Intro""}, {""t"": 5.208594104, ""f"": ""no_function""}, {""t"": 20.295691609, ""f"": ""no_function""}, {""t"": 35.433650793, ""f"": ""no_function""}, {""t"": 50.484331065, ""f"": ""no_function""}, {""t"": 65.740816326, ""f"": ""no_function""}, {""t"": 79.133605442, ""f"": ""Transition""}, {""t"": 83.897482993, ""f"": ""no_function""}, {""t"": 99.036031746, ""f"": ""no_function""}, {""t"": 114.39648526, ""f"": ""no_function""}, {""t"": 127.699229024, ""f"": ""Transition""}, {""t"": 132.469841269, ""f"": ""no_function""}, {""t"": 136.347573696, ""f"": ""Solo""}, {""t"": 196.118140589, ""f"": ""Solo""}, {""t"": 256.50909297, ""f"": ""Transition""}, {""t"": 265.102222222, ""f"": ""no_function""}, {""t"": 280.208571428, ""f"": ""no_function""}, {""t"": 295.450249433, ""f"": ""no_function""}, {""t"": 313.724807256, ""f"": ""Outro""}, {""t"": 323.059229024, ""f"": ""Silence""}, {""t"": 326.194263038, ""f"": ""End""}]",spectrograms/mel/391_Don_Ross_Loaded___Leather___Moonroof.png,spectrograms/linear/391_Don_Ross_Loaded___Leather___Moonroof.png,spectrograms/matrices/391_Don_Ross_Loaded___Leather___Moonroof.npy
399,Run Fay Run,Isaac Hayes,"[0.0, 0.336689342, 49.769750566, 65.85217687, 69.89786848, 80.027573696, 80.027573696, 96.160181405, 100.184036281, 110.254149659, 110.254149659, 126.286190476, 130.299863945, 140.437278911, 140.437278911, 156.596213151, 165.209977324, 166.819433106]","[{""t"": 0.0, ""f"": ""Silence""}, {""t"": 0.336689342, ""f"": ""Intro""}, {""t"": 49.769750566, ""f"": ""Intro""}, {""t"": 65.85217687, ""f"": ""no_function""}, {""t"": 69.89786848, ""f"": ""no_function""}, {""t"": 80.027573696, ""f"": ""Main_Theme""}, {""t"": 80.027573696, ""f"": ""Theme""}, {""t"": 96.160181405, ""f"": ""no_function""}, {""t"": 100.184036281, ""f"": ""no_function""}, {""t"": 110.254149659, ""f"": ""Main_Theme""}, {""t"": 110.254149659, ""f"": ""Theme""}, {""t"": 126.286190476, ""f"": ""no_function""}, {""t"": 130.299863945, ""f"": ""no_function""}, {""t"": 140.437278911, ""f"": ""Main_Theme""}, {""t"": 140.437278911, ""f"": ""Theme""}, {""t"": 156.596213151, ""f"": ""no_function""}, {""t"": 165.209977324, ""f"": ""Silence""}, {""t"": 166.819433106, ""f"": ""End""}]",[],[],spectrograms/mel/399_Isaac_Hayes_Run_Fay_Run.png,spectrograms/linear/399_Isaac_Hayes_Run_Fay_Run.png,spectrograms/matrices/399_Isaac_Hayes_Run_Fay_Run.npy
407,Cantaloop,Us3,"[0.0, 0.444716553, 9.818367346, 43.453061224, 47.591836734, 72.411428571, 88.984671201, 122.081632653, 155.093877551, 188.338480725, 262.8092517, 278.080022675, 279.529909297]","[{""t"": 0.0, ""f"": ""Silence""}, {""t"": 0.444716553, ""f"": ""Intro""}, {""t"": 9.818367346, ""f"": ""Intro""}, {""t"": 43.453061224, ""f"": ""Interlude""}, {""t"": 47.591836734, ""f"": ""Verse""}, {""t"": 72.411428571, ""f"": ""Instrumental""}, {""t"": 88.984671201, ""f"": ""Verse""}, {""t"": 122.081632653, ""f"": ""Instrumental""}, {""t"": 155.093877551, ""f"": ""Verse""}, {""t"": 188.338480725, ""f"": ""Solo""}, {""t"": 262.8092517, ""f"": ""Fade-out""}, {""t"": 278.080022675, ""f"": ""Silence""}, {""t"": 279.529909297, ""f"": ""End""}]","[0.0, 0.399455782, 10.338480725, 26.915782312, 47.617664399, 72.389931972, 88.90770975, 122.044920634, 155.099795918, 180.011836734, 276.957641723, 279.510589569]","[{""t"": 0.0, ""f"": ""Silence""}, {""t"": 0.399455782, ""f"": ""no_function""}, {""t"": 10.338480725, ""f"": ""Intro""}, {""t"": 26.915782312, ""f"": ""Pre-Verse""}, {""t"": 47.617664399, ""f"": ""Verse""}, {""t"": 72.389931972, ""f"": ""Pre-Verse""}, {""t"": 88.90770975, ""f"": ""Verse""}, {""t"": 122.044920634, ""f"": ""Pre-Verse""}, {""t"": 155.099795918, ""f"": ""Verse""}, {""t"": 180.011836734, ""f"": ""Outro""}, {""t"": 276.957641723, ""f"": ""Silence""}, {""t"": 279.510589569, ""f"": ""End""}]",spectrograms/mel/407_Us3_Cantaloop.png,spectrograms/linear/407_Us3_Cantaloop.png,spectrograms/matrices/407_Us3_Cantaloop.npy
415,Mob Job,Ornette Coleman,"[0.0, 0.580498866, 22.383673469, 40.179591836, 101.471201814, 113.348321995, 165.61632653, 178.285714285, 187.252494331, 190.565306122]","[{""t"": 0.0, ""f"": ""Silence""}, {""t"": 0.580498866, ""f"": ""Head""}, {""t"": 22.383673469, ""f"": ""Head""}, {""t"": 40.179591836, ""f"": ""Solo""}, {""t"": 101.471201814, ""f"": ""Head""}, {""t"": 113.348321995, ""f"": ""Solo""}, {""t"": 165.61632653, ""f"": ""Head""}, {""t"": 178.285714285, ""f"": ""Outro""}, {""t"": 187.252494331, ""f"": ""Silence""}, {""t"": 190.565306122, ""f"": ""End""}]","[0.0, 0.60371882, 21.733877551, 40.186371882, 101.35510204, 112.809024943, 165.432244897, 184.108480725, 190.576598639]","[{""t"": 0.0, ""f"": ""Silence""}, {""t"": 0.60371882, ""f"": ""Head""}, {""t"": 21.733877551, ""f"": ""Head""}, {""t"": 40.186371882, ""f"": ""Solo""}, {""t"": 101.35510204, ""f"": ""Head""}, {""t"": 112.809024943, ""f"": ""Solo""}, {""t"": 165.432244897, ""f"": ""Head""}, {""t"": 184.108480725, ""f"": ""Silence""}, {""t"": 190.576598639, ""f"": ""End""}]",spectrograms/mel/415_Ornette_Coleman_Mob_Job.png,spectrograms/linear/415_Ornette_Coleman_Mob_Job.png,spectrograms/matrices/415_Ornette_Coleman_Mob_Job.npy
427,Siete Ocho,BOB Belden & TIM Hagans,"[0.0, 0.293877551, 70.369183673, 108.763038548, 220.870907029, 301.887755102, 329.400045351, 366.604263038, 403.51510204, 499.833015873, 504.006530612]","[{""t"": 0.0, ""f"": ""Silence""}, {""t"": 0.293877551, ""f"": ""Intro""}, {""t"": 70.369183673, ""f"": ""Head""}, {""t"": 108.763038548, ""f"": ""Solo""}, {""t"": 220.870907029, ""f"": ""Solo""}, {""t"": 301.887755102, ""f"": ""Solo""}, {""t"": 329.400045351, ""f"": ""Head""}, {""t"": 366.604263038, ""f"": ""Solo""}, {""t"": 403.51510204, ""f"": ""Solo""}, {""t"": 499.833015873, ""f"": ""Silence""}, {""t"": 504.006530612, ""f"": ""End""}]","[0.0, 0.30185941, 70.385170068, 109.882448979, 115.626462585, 211.435351473, 301.236054421, 330.508004535, 365.790181405, 500.620521541, 504.006530612]","[{""t"": 0.0, ""f"": ""Silence""}, {""t"": 0.30185941, ""f"": ""Intro""}, {""t"": 70.385170068, ""f"": ""no_function""}, {""t"": 109.882448979, ""f"": ""Transition""}, {""t"": 115.626462585, ""f"": ""Solo""}, {""t"": 211.435351473, ""f"": ""Solo""}, {""t"": 301.236054421, ""f"": ""Transition""}, {""t"": 330.508004535, ""f"": ""no_function""}, {""t"": 365.790181405, ""f"": ""Outro""}, {""t"": 500.620521541, ""f"": ""Silence""}, {""t"": 504.006530612, ""f"": ""End""}]",spectrograms/mel/427_BOB_Belden_&_TIM_Hagans_Siete_Ocho.png,spectrograms/linear/427_BOB_Belden_&_TIM_Hagans_Siete_Ocho.png,spectrograms/matrices/427_BOB_Belden_&_TIM_Hagans_Siete_Ocho.npy
431,Monk  s Mood,Thelonious Monk,"[0.0, 0.261224489, 17.275646258, 44.639682539, 72.192789115, 99.712630385, 127.38462585, 154.535532879, 185.828049886, 188.097437641]","[{""t"": 0.0, ""f"": ""Silence""}, {""t"": 0.261224489, ""f"": ""Intro""}, {""t"": 17.275646258, ""f"": ""Head""}, {""t"": 44.639682539, ""f"": ""Head""}, {""t"": 72.192789115, ""f"": ""Secondary_Theme""}, {""t"": 99.712630385, ""f"": ""Head""}, {""t"": 127.38462585, ""f"": ""Solo""}, {""t"": 154.535532879, ""f"": ""Head""}, {""t"": 185.828049886, ""f"": ""Silence""}, {""t"": 188.097437641, ""f"": ""End""}]","[0.0, 0.261224489, 17.332426303, 44.629342403, 72.138526077, 99.754965986, 127.376984126, 154.504716553, 188.124263038]","[{""t"": 0.0, ""f"": ""Silence""}, {""t"": 0.261224489, ""f"": ""Intro""}, {""t"": 17.332426303, ""f"": ""Head""}, {""t"": 44.629342403, ""f"": ""Head""}, {""t"": 72.138526077, ""f"": ""Interlude""}, {""t"": 99.754965986, ""f"": ""Head""}, {""t"": 127.376984126, ""f"": ""Solo""}, {""t"": 154.504716553, ""f"": ""Head""}, {""t"": 188.124263038, ""f"": ""End""}]",spectrograms/mel/431_Thelonious_Monk_Monk__s_Mood.png,spectrograms/linear/431_Thelonious_Monk_Monk__s_Mood.png,spectrograms/matrices/431_Thelonious_Monk_Monk__s_Mood.npy
439,Moody  s All Frantic,James Moody,"[0.0, 0.394739229, 5.442154195, 29.959160997, 54.281972789, 78.555079365, 103.13170068, 126.783492063, 152.170725623, 153.347210884]","[{""t"": 0.0, ""f"": ""Silence""}, {""t"": 0.394739229, ""f"": ""Intro""}, {""t"": 5.442154195, ""f"": ""Head""}, {""t"": 29.959160997, ""f"": ""Solo""}, {""t"": 54.281972789, ""f"": ""Solo""}, {""t"": 78.555079365, ""f"": ""Solo""}, {""t"": 103.13170068, ""f"": ""no_function""}, {""t"": 126.783492063, ""f"": ""Head""}, {""t"": 152.170725623, ""f"": ""Silence""}, {""t"": 153.347210884, ""f"": ""End""}]","[0.0, 0.42079365, 5.389183673, 29.913038548, 54.194580498, 78.55478458, 103.076031746, 126.78095238, 150.209886621, 152.333265306, 153.349727891]","[{""t"": 0.0, ""f"": ""Silence""}, {""t"": 0.42079365, ""f"": ""Intro""}, {""t"": 5.389183673, ""f"": ""Head""}, {""t"": 29.913038548, ""f"": ""Solo""}, {""t"": 54.194580498, ""f"": ""no_function""}, {""t"": 78.55478458, ""f"": ""no_function""}, {""t"": 103.076031746, ""f"": ""Solo""}, {""t"": 126.78095238, ""f"": ""Head""}, {""t"": 150.209886621, ""f"": ""Outro""}, {""t"": 152.333265306, ""f"": ""Silence""}, {""t"": 153.349727891, ""f"": ""End""}]",spectrograms/mel/439_James_Moody_Moody__s_All_Frantic.png,spectrograms/linear/439_James_Moody_Moody__s_All_Frantic.png,spectrograms/matrices/439_James_Moody_Moody__s_All_Frantic.npy
443,Movin Wes   Part II,Wes Montgomery,"[0.0, 0.244897959, 12.941904761, 25.517891156, 38.062539682, 50.762585034, 63.128503401, 75.325873015, 100.018344671, 112.146938775, 124.322380952, 136.650839002, 142.759183673, 154.68802721, 157.057823129]","[{""t"": 0.0, ""f"": ""Silence""}, {""t"": 0.244897959, ""f"": ""Intro""}, {""t"": 12.941904761, ""f"": ""Main_Theme""}, {""t"": 25.517891156, ""f"": ""Secondary_Theme""}, {""t"": 38.062539682, ""f"": ""Main_Theme""}, {""t"": 50.762585034, ""f"": ""Solo""}, {""t"": 63.128503401, ""f"": ""Solo""}, {""t"": 75.325873015, ""f"": ""Solo""}, {""t"": 100.018344671, ""f"": ""Solo""}, {""t"": 112.146938775, ""f"": ""Solo""}, {""t"": 124.322380952, ""f"": ""Solo""}, {""t"": 136.650839002, ""f"": ""Solo""}, {""t"": 142.759183673, ""f"": ""Fade-out""}, {""t"": 154.68802721, ""f"": ""Silence""}, {""t"": 157.057823129, ""f"": ""End""}]","[0.0, 0.236734693, 12.977437641, 38.056870748, 75.328594104, 124.352380952, 142.744444444, 153.489863945, 157.066099773]","[{""t"": 0.0, ""f"": ""Silence""}, {""t"": 0.236734693, ""f"": ""Intro""}, {""t"": 12.977437641, ""f"": ""Head""}, {""t"": 38.056870748, ""f"": ""Head""}, {""t"": 75.328594104, ""f"": ""Solo""}, {""t"": 124.352380952, ""f"": ""Solo""}, {""t"": 142.744444444, ""f"": ""Fade-out""}, {""t"": 153.489863945, ""f"": ""Silence""}, {""t"": 157.066099773, ""f"": ""End""}]",spectrograms/mel/443_Wes_Montgomery_Movin_Wes___Part_II.png,spectrograms/linear/443_Wes_Montgomery_Movin_Wes___Part_II.png,spectrograms/matrices/443_Wes_Montgomery_Movin_Wes___Part_II.npy
447,It  s Easy To Remember,Johnny Hartman,"[0.0, 0.363287981, 6.421156462, 24.047755102, 40.875396825, 57.787278911, 74.470408163, 107.553628117, 124.241904761, 140.579886621, 157.034081632, 182.796712018, 186.17154195]","[{""t"": 0.0, ""f"": ""Silence""}, {""t"": 0.363287981, ""f"": ""Intro""}, {""t"": 6.421156462, ""f"": ""Verse""}, {""t"": 24.047755102, ""f"": ""Chorus""}, {""t"": 40.875396825, ""f"": ""Verse""}, {""t"": 57.787278911, ""f"": ""Chorus""}, {""t"": 74.470408163, ""f"": ""Bridge""}, {""t"": 107.553628117, ""f"": ""Verse""}, {""t"": 124.241904761, ""f"": ""Chorus""}, {""t"": 140.579886621, ""f"": ""Solo""}, {""t"": 157.034081632, ""f"": ""Chorus""}, {""t"": 182.796712018, ""f"": ""Silence""}, {""t"": 186.17154195, ""f"": ""End""}]","[0.0, 0.455714285, 6.373129251, 40.937120181, 74.278526077, 107.631768707, 140.705510204, 175.762108843, 182.621269841, 186.172517006]","[{""t"": 0.0, ""f"": ""Silence""}, {""t"": 0.455714285, ""f"": ""Intro""}, {""t"": 6.373129251, ""f"": ""Verse""}, {""t"": 40.937120181, ""f"": ""Verse""}, {""t"": 74.278526077, ""f"": ""Bridge""}, {""t"": 107.631768707, ""f"": ""Verse""}, {""t"": 140.705510204, ""f"": ""no_function""}, {""t"": 175.762108843, ""f"": ""Outro""}, {""t"": 182.621269841, ""f"": ""Silence""}, {""t"": 186.172517006, ""f"": ""End""}]",spectrograms/mel/447_Johnny_Hartman_It__s_Easy_To_Remember.png,spectrograms/linear/447_Johnny_Hartman_It__s_Easy_To_Remember.png,spectrograms/matrices/447_Johnny_Hartman_It__s_Easy_To_Remember.npy
451,I Can  t Get Started,Lester Young,"[0.0, 0.185759637, 16.111609977, 47.851065759, 80.000068027, 112.04292517, 144.363038548, 177.032312925, 216.655419501, 220.756984126]","[{""t"": 0.0, ""f"": ""Silence""}, {""t"": 0.185759637, ""f"": ""Intro""}, {""t"": 16.111609977, ""f"": ""Head""}, {""t"": 47.851065759, ""f"": ""Head""}, {""t"": 80.000068027, ""f"": ""Bridge""}, {""t"": 112.04292517, ""f"": ""Solo""}, {""t"": 144.363038548, ""f"": ""Bridge""}, {""t"": 177.032312925, ""f"": ""Head""}, {""t"": 216.655419501, ""f"": ""Silence""}, {""t"": 220.756984126, ""f"": ""End""}]","[0.0, 0.185759637, 16.18802721, 47.877528344, 80.031791383, 112.078956916, 144.342970521, 177.166825396, 209.748185941, 216.587029478, 220.745736961]","[{""t"": 0.0, ""f"": ""Silence""}, {""t"": 0.185759637, ""f"": ""Head""}, {""t"": 16.18802721, ""f"": ""Head""}, {""t"": 47.877528344, ""f"": ""no_function""}, {""t"": 80.031791383, ""f"": ""no_function""}, {""t"": 112.078956916, ""f"": ""no_function""}, {""t"": 144.342970521, ""f"": ""no_function""}, {""t"": 177.166825396, ""f"": ""Head""}, {""t"": 209.748185941, ""f"": ""Outro""}, {""t"": 216.587029478, ""f"": ""Silence""}, {""t"": 220.745736961, ""f"": ""End""}]",spectrograms/mel/451_Lester_Young_I_Can__t_Get_Started.png,spectrograms/linear/451_Lester_Young_I_Can__t_Get_Started.png,spectrograms/matrices/451_Lester_Young_I_Can__t_Get_Started.npy
459,Tiger Rag,Dixieland Jazz Band,[],[],[],[],spectrograms/mel/459_Dixieland_Jazz_Band_Tiger_Rag.png,spectrograms/linear/459_Dixieland_Jazz_Band_Tiger_Rag.png,spectrograms/matrices/459_Dixieland_Jazz_Band_Tiger_Rag.npy
463,Bogalousa Strut,Sam Morgan's Jazz Band,"[0.0, 0.195918367, 5.358548752, 26.124104308, 46.974331065, 67.95755102, 89.13356009, 110.101247165, 130.265170068, 151.214149659, 172.506530612, 175.81723356, 178.292448979]","[{""t"": 0.0, ""f"": ""Silence""}, {""t"": 0.195918367, ""f"": ""Intro""}, {""t"": 5.358548752, ""f"": ""Main_Theme""}, {""t"": 26.124104308, ""f"": ""Main_Theme""}, {""t"": 46.974331065, ""f"": ""Secondary_Theme""}, {""t"": 67.95755102, ""f"": ""Secondary_Theme""}, {""t"": 89.13356009, ""f"": ""Secondary_Theme""}, {""t"": 110.101247165, ""f"": ""Secondary_Theme""}, {""t"": 130.265170068, ""f"": ""Secondary_Theme""}, {""t"": 151.214149659, ""f"": ""Secondary_Theme""}, {""t"": 172.506530612, ""f"": ""Outro""}, {""t"": 175.81723356, ""f"": ""Silence""}, {""t"": 178.292448979, ""f"": ""End""}]","[0.0, 0.208979591, 5.32462585, 26.119319727, 46.915419501, 67.944716553, 89.121269841, 110.067029478, 130.170566893, 151.2192517, 172.466780045, 175.595328798, 178.295056689]","[{""t"": 0.0, ""f"": ""Silence""}, {""t"": 0.208979591, ""f"": ""Intro""}, {""t"": 5.32462585, ""f"": ""Head""}, {""t"": 26.119319727, ""f"": ""Head""}, {""t"": 46.915419501, ""f"": ""Interlude""}, {""t"": 67.944716553, ""f"": ""no_function""}, {""t"": 89.121269841, ""f"": ""Solo""}, {""t"": 110.067029478, ""f"": ""no_function""}, {""t"": 130.170566893, ""f"": ""Interlude""}, {""t"": 151.2192517, ""f"": ""no_function""}, {""t"": 172.466780045, ""f"": ""Outro""}, {""t"": 175.595328798, ""f"": ""Silence""}, {""t"": 178.295056689, ""f"": ""End""}]",spectrograms/mel/463_Sam_Morgan's_Jazz_Band_Bogalousa_Strut.png,spectrograms/linear/463_Sam_Morgan's_Jazz_Band_Bogalousa_Strut.png,spectrograms/matrices/463_Sam_Morgan's_Jazz_Band_Bogalousa_Strut.npy
467,The Kicker,Horace Silver,"[0.0, 0.267029478, 7.960045351, 30.434875283, 34.061179138, 41.345623582, 52.380566893, 118.118956916, 121.64, 129.153832199, 140.115782312, 183.650657596, 187.299478458, 194.546145124, 205.381405895, 248.797936507, 252.467301587, 259.742993197, 291.368571428, 314.34047619, 322.66095238, 326.827845804]","[{""t"": 0.0, ""f"": ""Silence""}, {""t"": 0.267029478, ""f"": ""Intro""}, {""t"": 7.960045351, ""f"": ""Head""}, {""t"": 30.434875283, ""f"": ""Transition""}, {""t"": 34.061179138, ""f"": ""Solo""}, {""t"": 41.345623582, ""f"": ""Transition""}, {""t"": 52.380566893, ""f"": ""Solo""}, {""t"": 118.118956916, ""f"": ""Transition""}, {""t"": 121.64, ""f"": ""Solo""}, {""t"": 129.153832199, ""f"": ""Transition""}, {""t"": 140.115782312, ""f"": ""Solo""}, {""t"": 183.650657596, ""f"": ""Transition""}, {""t"": 187.299478458, ""f"": ""Solo""}, {""t"": 194.546145124, ""f"": ""Transition""}, {""t"": 205.381405895, ""f"": ""Solo""}, {""t"": 248.797936507, ""f"": ""Transition""}, {""t"": 252.467301587, ""f"": ""Solo""}, {""t"": 259.742993197, ""f"": ""Transition""}, {""t"": 291.368571428, ""f"": ""Head""}, {""t"": 314.34047619, ""f"": ""Outro""}, {""t"": 322.66095238, ""f"": ""Silence""}, {""t"": 326.827845804, ""f"": ""End""}]","[0.0, 0.232199546, 7.703492063, 30.276145124, 33.82292517, 41.264739229, 44.853424036, 52.291337868, 118.046689342, 121.510022675, 129.034081632, 132.56478458, 140.01632653, 183.593038548, 187.080068027, 194.385986394, 197.945714285, 205.29941043, 248.704988662, 252.273106575, 259.29723356, 262.873106575, 270.040816326, 291.3861678, 314.245895691, 322.600022675, 326.830725623]","[{""t"": 0.0, ""f"": ""Silence""}, {""t"": 0.232199546, ""f"": ""Intro""}, {""t"": 7.703492063, ""f"": ""Head""}, {""t"": 30.276145124, ""f"": ""Head""}, {""t"": 33.82292517, ""f"": ""Solo""}, {""t"": 41.264739229, ""f"": ""Head""}, {""t"": 44.853424036, ""f"": ""Solo""}, {""t"": 52.291337868, ""f"": ""Solo""}, {""t"": 118.046689342, ""f"": ""Head""}, {""t"": 121.510022675, ""f"": ""Solo""}, {""t"": 129.034081632, ""f"": ""Head""}, {""t"": 132.56478458, ""f"": ""Solo""}, {""t"": 140.01632653, ""f"": ""Solo""}, {""t"": 183.593038548, ""f"": ""Head""}, {""t"": 187.080068027, ""f"": ""Solo""}, {""t"": 194.385986394, ""f"": ""Head""}, {""t"": 197.945714285, ""f"": ""Solo""}, {""t"": 205.29941043, ""f"": ""Solo""}, {""t"": 248.704988662, ""f"": ""Head""}, {""t"": 252.273106575, ""f"": ""Solo""}, {""t"": 259.29723356, ""f"": ""Head""}, {""t"": 262.873106575, ""f"": ""Solo""}, {""t"": 270.040816326, ""f"": ""Solo""}, {""t"": 291.3861678, ""f"": ""Head""}, {""t"": 314.245895691, ""f"": ""Outro""}, {""t"": 322.600022675, ""f"": ""Silence""}, {""t"": 326.830725623, ""f"": ""End""}]",spectrograms/mel/467_Horace_Silver_The_Kicker.png,spectrograms/linear/467_Horace_Silver_The_Kicker.png,spectrograms/matrices/467_Horace_Silver_The_Kicker.npy
475,Klachnikov,Marsh Dondurma,"[0.0, 0.139319727, 9.154489795, 18.151519274, 27.207301587, 45.03632653, 54.076394557, 67.728548752, 85.35015873, 94.230181405, 112.16478458, 129.663628117, 138.515283446, 147.437460317, 165.079954648, 182.545396825, 191.409659863, 200.364739229, 217.910702947, 226.775918367, 250.727437641, 253.856099773]","[{""t"": 0.0, ""f"": ""Silence""}, {""t"": 0.139319727, ""f"": ""Intro""}, {""t"": 9.154489795, ""f"": ""Intro""}, {""t"": 18.151519274, ""f"": ""Main_Theme""}, {""t"": 27.207301587, ""f"": ""Theme""}, {""t"": 45.03632653, ""f"": ""Theme""}, {""t"": 54.076394557, ""f"": ""Transition""}, {""t"": 67.728548752, ""f"": ""Theme""}, {""t"": 85.35015873, ""f"": ""Main_Theme""}, {""t"": 94.230181405, ""f"": ""Theme""}, {""t"": 112.16478458, ""f"": ""Solo""}, {""t"": 129.663628117, ""f"": ""Transition""}, {""t"": 138.515283446, ""f"": ""Main_Theme""}, {""t"": 147.437460317, ""f"": ""Theme""}, {""t"": 165.079954648, ""f"": ""Solo""}, {""t"": 182.545396825, ""f"": ""Transition""}, {""t"": 191.409659863, ""f"": ""Main_Theme""}, {""t"": 200.364739229, ""f"": ""Theme""}, {""t"": 217.910702947, ""f"": ""Theme""}, {""t"": 226.775918367, ""f"": ""Outro""}, {""t"": 250.727437641, ""f"": ""Silence""}, {""t"": 253.856099773, ""f"": ""End""}]","[0.0, 0.162539682, 18.229501133, 45.126666666, 85.293741496, 112.141768707, 138.554444444, 165.181383219, 191.492131519, 218.022585034, 240.189501133, 250.804331065, 253.860453514]","[{""t"": 0.0, ""f"": ""Silence""}, {""t"": 0.162539682, ""f"": ""Intro""}, {""t"": 18.229501133, ""f"": ""Main_Theme""}, {""t"": 45.126666666, ""f"": ""Theme""}, {""t"": 85.293741496, ""f"": ""Main_Theme""}, {""t"": 112.141768707, ""f"": ""Solo""}, {""t"": 138.554444444, ""f"": ""Main_Theme""}, {""t"": 165.181383219, ""f"": ""Solo""}, {""t"": 191.492131519, ""f"": ""Main_Theme""}, {""t"": 218.022585034, ""f"": ""Theme""}, {""t"": 240.189501133, ""f"": ""Outro""}, {""t"": 250.804331065, ""f"": ""Silence""}, {""t"": 253.860453514, ""f"": ""End""}]",spectrograms/mel/475_Marsh_Dondurma_Klachnikov.png,spectrograms/linear/475_Marsh_Dondurma_Klachnikov.png,spectrograms/matrices/475_Marsh_Dondurma_Klachnikov.npy
479,I Wish I Knew,Sonny Rollins,"[0.0, 0.0, 35.052380952, 71.022902494, 108.398253968, 146.440408163, 182.915895691, 219.231292517, 256.217981859, 293.976371882, 330.877800453, 367.432811791, 406.254081632, 463.82015873, 466.47217687]","[{""t"": 0.0, ""f"": ""Head""}, {""t"": 0.0, ""f"": ""silence""}, {""t"": 35.052380952, ""f"": ""Bridge""}, {""t"": 71.022902494, ""f"": ""Head""}, {""t"": 108.398253968, ""f"": ""Head""}, {""t"": 146.440408163, ""f"": ""no_function""}, {""t"": 182.915895691, ""f"": ""Solo""}, {""t"": 219.231292517, ""f"": ""Solo""}, {""t"": 256.217981859, ""f"": ""Solo""}, {""t"": 293.976371882, ""f"": ""Solo""}, {""t"": 330.877800453, ""f"": ""Solo""}, {""t"": 367.432811791, ""f"": ""Head""}, {""t"": 406.254081632, ""f"": ""Head""}, {""t"": 463.82015873, ""f"": ""Silence""}, {""t"": 466.47217687, ""f"": ""End""}]","[0.0, 0.0, 35.138594104, 71.042539682, 108.586553287, 146.562607709, 146.562607709, 256.282630385, 256.282630385, 302.762789115, 302.762789115, 349.487891156, 367.674965986, 406.334693877, 425.667800453, 463.712993197, 466.468571428]","[{""t"": 0.0, ""f"": ""Head""}, {""t"": 0.0, ""f"": ""Silence""}, {""t"": 35.138594104, ""f"": ""Instrumental""}, {""t"": 71.042539682, ""f"": ""Head""}, {""t"": 108.586553287, ""f"": ""Instrumental""}, {""t"": 146.562607709, ""f"": ""Instrumental""}, {""t"": 146.562607709, ""f"": ""Solo""}, {""t"": 256.282630385, ""f"": ""Instrumental""}, {""t"": 256.282630385, ""f"": ""Solo""}, {""t"": 302.762789115, ""f"": ""Instrumental""}, {""t"": 302.762789115, ""f"": ""Solo""}, {""t"": 349.487891156, ""f"": ""Bridge""}, {""t"": 367.674965986, ""f"": ""Head""}, {""t"": 406.334693877, ""f"": ""Outro""}, {""t"": 425.667800453, ""f"": ""Outro""}, {""t"": 463.712993197, ""f"": ""Silence""}, {""t"": 466.468571428, ""f"": ""End""}]",spectrograms/mel/479_Sonny_Rollins_I_Wish_I_Knew.png,spectrograms/linear/479_Sonny_Rollins_I_Wish_I_Knew.png,spectrograms/matrices/479_Sonny_Rollins_I_Wish_I_Knew.npy
483,Cool Breeze,Dizzy Gillespie,"[0.0, 0.391836734, 10.263219954, 39.402766439, 67.870430839, 96.175555555, 105.626077097, 133.606122448, 164.210022675, 168.045714285]","[{""t"": 0.0, ""f"": ""Silence""}, {""t"": 0.391836734, ""f"": ""Intro""}, {""t"": 10.263219954, ""f"": ""Head""}, {""t"": 39.402766439, ""f"": ""Solo""}, {""t"": 67.870430839, ""f"": ""Solo""}, {""t"": 96.175555555, ""f"": ""Interlude""}, {""t"": 105.626077097, ""f"": ""Solo""}, {""t"": 133.606122448, ""f"": ""Head""}, {""t"": 164.210022675, ""f"": ""Silence""}, {""t"": 168.045714285, ""f"": ""End""}]","[0.0, 0.510839002, 10.483990929, 39.373356009, 67.756122448, 96.124829931, 105.558049886, 133.635873015, 164.671360544, 168.054058956]","[{""t"": 0.0, ""f"": ""Silence""}, {""t"": 0.510839002, ""f"": ""Intro""}, {""t"": 10.483990929, ""f"": ""Head""}, {""t"": 39.373356009, ""f"": ""Solo""}, {""t"": 67.756122448, ""f"": ""Solo""}, {""t"": 96.124829931, ""f"": ""Transition""}, {""t"": 105.558049886, ""f"": ""Solo""}, {""t"": 133.635873015, ""f"": ""Head""}, {""t"": 164.671360544, ""f"": ""Silence""}, {""t"": 168.054058956, ""f"": ""End""}]",spectrograms/mel/483_Dizzy_Gillespie_Cool_Breeze.png,spectrograms/linear/483_Dizzy_Gillespie_Cool_Breeze.png,spectrograms/matrices/483_Dizzy_Gillespie_Cool_Breeze.npy
495,Love And Broken Hearts,Wynton Marsalis,"[0.0, 0.580498866, 31.184399092, 67.477188208, 67.477188208, 103.35201814, 137.71755102, 210.512108843, 210.512108843, 262.455147392, 296.843900226, 330.954013605, 330.954013605, 348.11356009, 348.11356009, 402.471473922, 402.471473922, 458.292244897, 460.773877551]","[{""t"": 0.0, ""f"": ""Silence""}, {""t"": 0.580498866, ""f"": ""Intro""}, {""t"": 31.184399092, ""f"": ""Intro""}, {""t"": 67.477188208, ""f"": ""Head""}, {""t"": 67.477188208, ""f"": ""Verse""}, {""t"": 103.35201814, ""f"": ""Verse""}, {""t"": 137.71755102, ""f"": ""Bridge""}, {""t"": 210.512108843, ""f"": ""Head""}, {""t"": 210.512108843, ""f"": ""Verse""}, {""t"": 262.455147392, ""f"": ""Solo""}, {""t"": 296.843900226, ""f"": ""Solo""}, {""t"": 330.954013605, ""f"": ""Bridge""}, {""t"": 330.954013605, ""f"": ""Solo""}, {""t"": 348.11356009, ""f"": ""Bridge""}, {""t"": 348.11356009, ""f"": ""Head""}, {""t"": 402.471473922, ""f"": ""Head""}, {""t"": 402.471473922, ""f"": ""Verse""}, {""t"": 458.292244897, ""f"": ""Silence""}, {""t"": 460.773877551, ""f"": ""End""}]","[0.0, 0.606961451, 31.230839002, 52.268117913, 67.568866213, 103.189478458, 155.309070294, 175.460725623, 210.358140589, 245.030430839, 262.444240362, 296.820680272, 348.106507936, 368.449274376, 402.420612244, 436.588526077, 445.194603174, 458.199365079, 460.82292517]","[{""t"": 0.0, ""f"": ""Silence""}, {""t"": 0.606961451, ""f"": ""Intro""}, {""t"": 31.230839002, ""f"": ""no_function""}, {""t"": 52.268117913, ""f"": ""no_function""}, {""t"": 67.568866213, ""f"": ""Verse""}, {""t"": 103.189478458, ""f"": ""no_function""}, {""t"": 155.309070294, ""f"": ""Transition""}, {""t"": 175.460725623, ""f"": ""Chorus""}, {""t"": 210.358140589, ""f"": ""Verse""}, {""t"": 245.030430839, ""f"": ""no_function""}, {""t"": 262.444240362, ""f"": ""Solo""}, {""t"": 296.820680272, ""f"": ""no_function""}, {""t"": 348.106507936, ""f"": ""Transition""}, {""t"": 368.449274376, ""f"": ""Chorus""}, {""t"": 402.420612244, ""f"": ""Verse""}, {""t"": 436.588526077, ""f"": ""no_function""}, {""t"": 445.194603174, ""f"": ""Outro""}, {""t"": 458.199365079, ""f"": ""Silence""}, {""t"": 460.82292517, ""f"": ""End""}]",spectrograms/mel/495_Wynton_Marsalis_Love_And_Broken_Hearts.png,spectrograms/linear/495_Wynton_Marsalis_Love_And_Broken_Hearts.png,spectrograms/matrices/495_Wynton_Marsalis_Love_And_Broken_Hearts.npy
503,Someday We  ll All Be Free,Charlie Hunter,"[0.0, 0.255419501, 37.987823129, 77.229546485, 96.641383219, 124.133809523, 177.470113378, 200.676916099, 293.082267573, 297.435124716]","[{""t"": 0.0, ""f"": ""Silence""}, {""t"": 0.255419501, ""f"": ""Chorus""}, {""t"": 37.987823129, ""f"": ""Chorus""}, {""t"": 77.229546485, ""f"": ""Bridge""}, {""t"": 96.641383219, ""f"": ""Chorus""}, {""t"": 124.133809523, ""f"": ""Outro""}, {""t"": 177.470113378, ""f"": ""Silence""}, {""t"": 200.676916099, ""f"": ""no_function""}, {""t"": 293.082267573, ""f"": ""Silence""}, {""t"": 297.435124716, ""f"": ""End""}]","[0.0, 0.231451247, 37.929183673, 77.374671201, 96.734331065, 129.706666666, 164.861678004, 177.967256235, 200.604739229, 287.416598639, 292.86478458, 297.439546485]","[{""t"": 0.0, ""f"": ""Silence""}, {""t"": 0.231451247, ""f"": ""Head""}, {""t"": 37.929183673, ""f"": ""no_function""}, {""t"": 77.374671201, ""f"": ""Head""}, {""t"": 96.734331065, ""f"": ""Head""}, {""t"": 129.706666666, ""f"": ""Head""}, {""t"": 164.861678004, ""f"": ""Outro""}, {""t"": 177.967256235, ""f"": ""Silence""}, {""t"": 200.604739229, ""f"": ""no_function""}, {""t"": 287.416598639, ""f"": ""Outro""}, {""t"": 292.86478458, ""f"": ""Silence""}, {""t"": 297.439546485, ""f"": ""End""}]",spectrograms/mel/503_Charlie_Hunter_Someday_We__ll_All_Be_Free.png,spectrograms/linear/503_Charlie_Hunter_Someday_We__ll_All_Be_Free.png,spectrograms/matrices/503_Charlie_Hunter_Someday_We__ll_All_Be_Free.npy
507,Weasil,Donald Byrd,"[0.0, 0.343174603, 33.37031746, 65.781383219, 98.05154195, 129.746213151, 161.114399092, 192.889047619, 224.28201814, 255.559750566, 286.650430839, 318.353446712, 349.883628117, 381.223900226, 412.323015873, 443.452698412, 474.775328798, 507.30462585, 518.106281179, 536.80340136, 540.65877551]","[{""t"": 0.0, ""f"": ""Silence""}, {""t"": 0.343174603, ""f"": ""Intro""}, {""t"": 33.37031746, ""f"": ""Head""}, {""t"": 65.781383219, ""f"": ""Head""}, {""t"": 98.05154195, ""f"": ""Solo""}, {""t"": 129.746213151, ""f"": ""Solo""}, {""t"": 161.114399092, ""f"": ""Solo""}, {""t"": 192.889047619, ""f"": ""Solo""}, {""t"": 224.28201814, ""f"": ""Solo""}, {""t"": 255.559750566, ""f"": ""Solo""}, {""t"": 286.650430839, ""f"": ""Solo""}, {""t"": 318.353446712, ""f"": ""Solo""}, {""t"": 349.883628117, ""f"": ""Solo""}, {""t"": 381.223900226, ""f"": ""Solo""}, {""t"": 412.323015873, ""f"": ""Solo""}, {""t"": 443.452698412, ""f"": ""Transition""}, {""t"": 474.775328798, ""f"": ""Head""}, {""t"": 507.30462585, ""f"": ""Head""}, {""t"": 518.106281179, ""f"": ""Fade-out""}, {""t"": 536.80340136, ""f"": ""Silence""}, {""t"": 540.65877551, ""f"": ""End""}]","[0.0, 0.485714285, 33.546757369, 65.730975056, 98.122426303, 98.122426303, 129.706530612, 129.706530612, 161.19446712, 161.19446712, 192.876802721, 192.876802721, 224.303197278, 224.303197278, 255.486984126, 255.486984126, 286.696553287, 286.696553287, 318.351405895, 318.351405895, 349.967414965, 349.967414965, 381.263424036, 381.263424036, 412.331609977, 412.331609977, 443.495759637, 474.791315192, 507.345011337, 507.345011337, 536.775510204, 540.673854875]","[{""t"": 0.0, ""f"": ""Silence""}, {""t"": 0.485714285, ""f"": ""Intro""}, {""t"": 33.546757369, ""f"": ""Head""}, {""t"": 65.730975056, ""f"": ""Head""}, {""t"": 98.122426303, ""f"": ""Instrumental""}, {""t"": 98.122426303, ""f"": ""Solo""}, {""t"": 129.706530612, ""f"": ""Instrumental""}, {""t"": 129.706530612, ""f"": ""Solo""}, {""t"": 161.19446712, ""f"": ""Instrumental""}, {""t"": 161.19446712, ""f"": ""Solo""}, {""t"": 192.876802721, ""f"": ""Instrumental""}, {""t"": 192.876802721, ""f"": ""Solo""}, {""t"": 224.303197278, ""f"": ""Instrumental""}, {""t"": 224.303197278, ""f"": ""Solo""}, {""t"": 255.486984126, ""f"": ""Head""}, {""t"": 255.486984126, ""f"": ""Solo""}, {""t"": 286.696553287, ""f"": ""Instrumental""}, {""t"": 286.696553287, ""f"": ""Solo""}, {""t"": 318.351405895, ""f"": ""Instrumental""}, {""t"": 318.351405895, ""f"": ""Solo""}, {""t"": 349.967414965, ""f"": ""Instrumental""}, {""t"": 349.967414965, ""f"": ""Solo""}, {""t"": 381.263424036, ""f"": ""Instrumental""}, {""t"": 381.263424036, ""f"": ""Solo""}, {""t"": 412.331609977, ""f"": ""Instrumental""}, {""t"": 412.331609977, ""f"": ""Solo""}, {""t"": 443.495759637, ""f"": ""Bridge""}, {""t"": 474.791315192, ""f"": ""Head""}, {""t"": 507.345011337, ""f"": ""Fade-out""}, {""t"": 507.345011337, ""f"": ""Outro""}, {""t"": 536.775510204, ""f"": ""Silence""}, {""t"": 540.673854875, ""f"": ""End""}]",spectrograms/mel/507_Donald_Byrd_Weasil.png,spectrograms/linear/507_Donald_Byrd_Weasil.png,spectrograms/matrices/507_Donald_Byrd_Weasil.npy
511,Stompin   At The Savoy,The Three Sounds,"[0.0, 0.685714285, 17.965668934, 50.363492063, 82.643628117, 238.27632653, 270.307981859, 290.977210884, 295.72510204]","[{""t"": 0.0, ""f"": ""Silence""}, {""t"": 0.685714285, ""f"": ""Intro""}, {""t"": 17.965668934, ""f"": ""Head""}, {""t"": 50.363492063, ""f"": ""Interlude""}, {""t"": 82.643628117, ""f"": ""Solo""}, {""t"": 238.27632653, ""f"": ""Interlude""}, {""t"": 270.307981859, ""f"": ""Outro""}, {""t"": 290.977210884, ""f"": ""Silence""}, {""t"": 295.72510204, ""f"": ""End""}]","[0.0, 1.947006802, 18.030929705, 18.030929705, 34.328707482, 34.328707482, 50.27494331, 50.27494331, 66.545646258, 66.545646258, 82.626054421, 98.603378684, 114.31185941, 129.878344671, 145.645192743, 160.957346938, 176.327482993, 191.425941043, 207.082448979, 222.77201814, 238.374557823, 238.374557823, 254.403492063, 254.403492063, 270.590521541, 291.433945578, 295.733877551]","[{""t"": 0.0, ""f"": ""Silence""}, {""t"": 1.947006802, ""f"": ""Intro""}, {""t"": 18.030929705, ""f"": ""Head""}, {""t"": 18.030929705, ""f"": ""Verse""}, {""t"": 34.328707482, ""f"": ""Head""}, {""t"": 34.328707482, ""f"": ""Verse""}, {""t"": 50.27494331, ""f"": ""Bridge""}, {""t"": 50.27494331, ""f"": ""Head""}, {""t"": 66.545646258, ""f"": ""Head""}, {""t"": 66.545646258, ""f"": ""Verse""}, {""t"": 82.626054421, ""f"": ""Solo""}, {""t"": 98.603378684, ""f"": ""Solo""}, {""t"": 114.31185941, ""f"": ""Solo""}, {""t"": 129.878344671, ""f"": ""Solo""}, {""t"": 145.645192743, ""f"": ""Solo""}, {""t"": 160.957346938, ""f"": ""Solo""}, {""t"": 176.327482993, ""f"": ""Solo""}, {""t"": 191.425941043, ""f"": ""Solo""}, {""t"": 207.082448979, ""f"": ""Solo""}, {""t"": 222.77201814, ""f"": ""Solo""}, {""t"": 238.374557823, ""f"": ""Bridge""}, {""t"": 238.374557823, ""f"": ""Head""}, {""t"": 254.403492063, ""f"": ""Head""}, {""t"": 254.403492063, ""f"": ""Verse""}, {""t"": 270.590521541, ""f"": ""Outro""}, {""t"": 291.433945578, ""f"": ""Silence""}, {""t"": 295.733877551, ""f"": ""End""}]",spectrograms/mel/511_The_Three_Sounds_Stompin___At_The_Savoy.png,spectrograms/linear/511_The_Three_Sounds_Stompin___At_The_Savoy.png,spectrograms/matrices/511_The_Three_Sounds_Stompin___At_The_Savoy.npy
519,So Far   So Good,Duke Ellington,"[0.0, 0.204399092, 6.497959183, 32.941451247, 58.987755102, 62.113378684, 88.014920634, 113.857755102, 139.703696145, 165.558276643, 172.273197278, 174.66154195]","[{""t"": 0.0, ""f"": ""Silence""}, {""t"": 0.204399092, ""f"": ""Intro""}, {""t"": 6.497959183, ""f"": ""Main_Theme""}, {""t"": 32.941451247, ""f"": ""Secondary_Theme""}, {""t"": 58.987755102, ""f"": ""Interlude""}, {""t"": 62.113378684, ""f"": ""Main_Theme""}, {""t"": 88.014920634, ""f"": ""Secondary_Theme""}, {""t"": 113.857755102, ""f"": ""Solo""}, {""t"": 139.703696145, ""f"": ""Secondary_Theme""}, {""t"": 165.558276643, ""f"": ""Outro""}, {""t"": 172.273197278, ""f"": ""Silence""}, {""t"": 174.66154195, ""f"": ""End""}]","[0.0, 0.141587301, 32.925374149, 62.172789115, 88.09, 113.740839002, 139.724512471, 165.602358276, 171.966984126, 174.657755102]","[{""t"": 0.0, ""f"": ""Silence""}, {""t"": 0.141587301, ""f"": ""Intro""}, {""t"": 32.925374149, ""f"": ""no_function""}, {""t"": 62.172789115, ""f"": ""Verse""}, {""t"": 88.09, ""f"": ""Bridge""}, {""t"": 113.740839002, ""f"": ""Solo""}, {""t"": 139.724512471, ""f"": ""Bridge""}, {""t"": 165.602358276, ""f"": ""Outro""}, {""t"": 171.966984126, ""f"": ""Silence""}, {""t"": 174.657755102, ""f"": ""End""}]",spectrograms/mel/519_Duke_Ellington_So_Far___So_Good.png,spectrograms/linear/519_Duke_Ellington_So_Far___So_Good.png,spectrograms/matrices/519_Duke_Ellington_So_Far___So_Good.npy
527,Lop Pow,Babs Three Bips & Bop,"[0.0, 0.348299319, 5.78031746, 16.747120181, 27.711405895, 38.79941043, 49.799478458, 60.622607709, 71.332653061, 82.139659863, 93.147664399, 104.044195011, 114.84185941, 125.644240362, 136.5323356, 147.347845804, 159.449387755, 162.881337868]","[{""t"": 0.0, ""f"": ""Silence""}, {""t"": 0.348299319, ""f"": ""Intro""}, {""t"": 5.78031746, ""f"": ""Head""}, {""t"": 16.747120181, ""f"": ""no_function""}, {""t"": 27.711405895, ""f"": ""Solo""}, {""t"": 38.79941043, ""f"": ""no_function""}, {""t"": 49.799478458, ""f"": ""Solo""}, {""t"": 60.622607709, ""f"": ""no_function""}, {""t"": 71.332653061, ""f"": ""Solo""}, {""t"": 82.139659863, ""f"": ""Solo""}, {""t"": 93.147664399, ""f"": ""Solo""}, {""t"": 104.044195011, ""f"": ""no_function""}, {""t"": 114.84185941, ""f"": ""no_function""}, {""t"": 125.644240362, ""f"": ""no_function""}, {""t"": 136.5323356, ""f"": ""no_function""}, {""t"": 147.347845804, ""f"": ""Head""}, {""t"": 159.449387755, ""f"": ""Silence""}, {""t"": 162.881337868, ""f"": ""End""}]","[0.0, 0.371428571, 5.761315192, 27.70079365, 38.825442176, 49.782244897, 71.253650793, 93.045351473, 136.477324263, 147.32478458, 158.579637188, 162.886349206]","[{""t"": 0.0, ""f"": ""Silence""}, {""t"": 0.371428571, ""f"": ""Intro""}, {""t"": 5.761315192, ""f"": ""Head""}, {""t"": 27.70079365, ""f"": ""Interlude""}, {""t"": 38.825442176, ""f"": ""Head""}, {""t"": 49.782244897, ""f"": ""Solo""}, {""t"": 71.253650793, ""f"": ""Solo""}, {""t"": 93.045351473, ""f"": ""Solo""}, {""t"": 136.477324263, ""f"": ""Interlude""}, {""t"": 147.32478458, ""f"": ""Head""}, {""t"": 158.579637188, ""f"": ""Silence""}, {""t"": 162.886349206, ""f"": ""End""}]",spectrograms/mel/527_Babs_Three_Bips_&_Bop_Lop_Pow.png,spectrograms/linear/527_Babs_Three_Bips_&_Bop_Lop_Pow.png,spectrograms/matrices/527_Babs_Three_Bips_&_Bop_Lop_Pow.npy
531,The Mooche,Louis Armstrong & Duke Ellington,"[0.0, 0.402789115, 27.57510204, 73.129841269, 100.036553287, 126.575759637, 178.637210884, 214.081587301, 218.837346938]","[{""t"": 0.0, ""f"": ""Silence""}, {""t"": 0.402789115, ""f"": ""Intro""}, {""t"": 27.57510204, ""f"": ""Theme""}, {""t"": 73.129841269, ""f"": ""Solo""}, {""t"": 100.036553287, ""f"": ""Solo""}, {""t"": 126.575759637, ""f"": ""Solo""}, {""t"": 178.637210884, ""f"": ""Outro""}, {""t"": 214.081587301, ""f"": ""Silence""}, {""t"": 218.837346938, ""f"": ""End""}]","[0.0, 0.402403628, 27.654965986, 46.439909297, 73.20648526, 100.081995464, 126.876462585, 152.791632653, 178.683197278, 214.177278911, 218.85446712]","[{""t"": 0.0, ""f"": ""Silence""}, {""t"": 0.402403628, ""f"": ""Intro""}, {""t"": 27.654965986, ""f"": ""no_function""}, {""t"": 46.439909297, ""f"": ""Main_Theme""}, {""t"": 73.20648526, ""f"": ""Solo""}, {""t"": 100.081995464, ""f"": ""Solo""}, {""t"": 126.876462585, ""f"": ""Solo""}, {""t"": 152.791632653, ""f"": ""no_function""}, {""t"": 178.683197278, ""f"": ""Outro""}, {""t"": 214.177278911, ""f"": ""Silence""}, {""t"": 218.85446712, ""f"": ""End""}]",spectrograms/mel/531_Louis_Armstrong_&_Duke_Ellington_The_Mooche.png,spectrograms/linear/531_Louis_Armstrong_&_Duke_Ellington_The_Mooche.png,spectrograms/matrices/531_Louis_Armstrong_&_Duke_Ellington_The_Mooche.npy
535,When the Day Is Short,Martha Wainwright,"[0.0, 0.097959183, 6.443922902, 22.485306122, 50.797097505, 66.97170068, 77.064965986, 93.247482993, 101.31446712, 117.321995464, 129.52170068, 157.854761904, 175.51462585, 183.57095238, 193.681065759, 209.757891156, 217.972244897, 217.972244897, 223.122086167, 226.043990929]","[{""t"": 0.0, ""f"": ""Silence""}, {""t"": 0.097959183, ""f"": ""Intro""}, {""t"": 6.443922902, ""f"": ""Intro""}, {""t"": 22.485306122, ""f"": ""Verse""}, {""t"": 50.797097505, ""f"": ""Verse""}, {""t"": 66.97170068, ""f"": ""Transition""}, {""t"": 77.064965986, ""f"": ""Verse""}, {""t"": 93.247482993, ""f"": ""Chorus""}, {""t"": 101.31446712, ""f"": ""Verse""}, {""t"": 117.321995464, ""f"": ""Chorus""}, {""t"": 129.52170068, ""f"": ""Bridge""}, {""t"": 157.854761904, ""f"": ""Verse""}, {""t"": 175.51462585, ""f"": ""Outro""}, {""t"": 183.57095238, ""f"": ""Transition""}, {""t"": 193.681065759, ""f"": ""Outro""}, {""t"": 209.757891156, ""f"": ""Outro""}, {""t"": 217.972244897, ""f"": ""Fade-out""}, {""t"": 217.972244897, ""f"": ""Outro""}, {""t"": 223.122086167, ""f"": ""Silence""}, {""t"": 226.043990929, ""f"": ""End""}]","[0.0, 0.092879818, 6.176507936, 14.584965986, 22.657029478, 30.736938775, 38.809160997, 46.859818594, 50.836145124, 67.081065759, 77.201020408, 85.217029478, 93.305034013, 101.336893424, 117.553832199, 129.601179138, 145.776870748, 161.929138321, 175.602539682, 183.705238095, 193.760068027, 217.992879818, 217.992879818, 217.992879818, 223.361065759, 226.046507936]","[{""t"": 0.0, ""f"": ""Silence""}, {""t"": 0.092879818, ""f"": ""Intro""}, {""t"": 6.176507936, ""f"": ""Intro""}, {""t"": 14.584965986, ""f"": ""Intro""}, {""t"": 22.657029478, ""f"": ""Verse""}, {""t"": 30.736938775, ""f"": ""Verse""}, {""t"": 38.809160997, ""f"": ""Verse""}, {""t"": 46.859818594, ""f"": ""Pre-Chorus""}, {""t"": 50.836145124, ""f"": ""Chorus""}, {""t"": 67.081065759, ""f"": ""Bridge""}, {""t"": 77.201020408, ""f"": ""Verse""}, {""t"": 85.217029478, ""f"": ""Verse""}, {""t"": 93.305034013, ""f"": ""Pre-Chorus""}, {""t"": 101.336893424, ""f"": ""Chorus""}, {""t"": 117.553832199, ""f"": ""Bridge""}, {""t"": 129.601179138, ""f"": ""Chorus""}, {""t"": 145.776870748, ""f"": ""Chorus""}, {""t"": 161.929138321, ""f"": ""Verse""}, {""t"": 175.602539682, ""f"": ""Chorus""}, {""t"": 183.705238095, ""f"": ""Bridge""}, {""t"": 193.760068027, ""f"": ""Chorus""}, {""t"": 217.992879818, ""f"": ""Fade-out""}, {""t"": 217.992879818, ""f"": ""Outro""}, {""t"": 217.992879818, ""f"": ""out""}, {""t"": 223.361065759, ""f"": ""Silence""}, {""t"": 226.046507936, ""f"": ""End""}]",spectrograms/mel/535_Martha_Wainwright_When_the_Day_Is_Short.png,spectrograms/linear/535_Martha_Wainwright_When_the_Day_Is_Short.png,spectrograms/matrices/535_Martha_Wainwright_When_the_Day_Is_Short.npy
539,You Were Here,Sarah Harmer,"[0.0, 0.38893424, 19.620839002, 38.614761904, 57.840884353, 77.20632653, 95.526870748, 109.660589569, 128.592086167, 146.464217687, 164.76154195, 178.623854875, 197.478458049, 215.311383219, 233.515827664, 247.169160997, 291.472834467, 293.450068027]","[{""t"": 0.0, ""f"": ""Silence""}, {""t"": 0.38893424, ""f"": ""Intro""}, {""t"": 19.620839002, ""f"": ""Verse""}, {""t"": 38.614761904, ""f"": ""Verse""}, {""t"": 57.840884353, ""f"": ""Interlude""}, {""t"": 77.20632653, ""f"": ""Pre-Chorus""}, {""t"": 95.526870748, ""f"": ""Chorus""}, {""t"": 109.660589569, ""f"": ""Interlude""}, {""t"": 128.592086167, ""f"": ""Pre-Chorus""}, {""t"": 146.464217687, ""f"": ""Chorus""}, {""t"": 164.76154195, ""f"": ""Chorus""}, {""t"": 178.623854875, ""f"": ""Interlude""}, {""t"": 197.478458049, ""f"": ""Pre-Chorus""}, {""t"": 215.311383219, ""f"": ""Chorus""}, {""t"": 233.515827664, ""f"": ""Chorus""}, {""t"": 247.169160997, ""f"": ""Outro""}, {""t"": 291.472834467, ""f"": ""Silence""}, {""t"": 293.450068027, ""f"": ""End""}]","[0.0, 0.371519274, 19.595668934, 38.452244897, 57.559024943, 77.113469387, 95.550113378, 109.64462585, 128.592108843, 146.448253968, 164.745578231, 178.654331065, 197.601814058, 215.248979591, 233.546303854, 247.106757369, 291.387210884, 293.433469387]","[{""t"": 0.0, ""f"": ""Silence""}, {""t"": 0.371519274, ""f"": ""no_function""}, {""t"": 19.595668934, ""f"": ""Verse""}, {""t"": 38.452244897, ""f"": ""Verse""}, {""t"": 57.559024943, ""f"": ""no_function""}, {""t"": 77.113469387, ""f"": ""Pre-Chorus""}, {""t"": 95.550113378, ""f"": ""Chorus""}, {""t"": 109.64462585, ""f"": ""Interlude""}, {""t"": 128.592108843, ""f"": ""Pre-Chorus""}, {""t"": 146.448253968, ""f"": ""Chorus""}, {""t"": 164.745578231, ""f"": ""Chorus""}, {""t"": 178.654331065, ""f"": ""Interlude""}, {""t"": 197.601814058, ""f"": ""Pre-Chorus""}, {""t"": 215.248979591, ""f"": ""Chorus""}, {""t"": 233.546303854, ""f"": ""Chorus""}, {""t"": 247.106757369, ""f"": ""Outro""}, {""t"": 291.387210884, ""f"": ""Silence""}, {""t"": 293.433469387, ""f"": ""End""}]",spectrograms/mel/539_Sarah_Harmer_You_Were_Here.png,spectrograms/linear/539_Sarah_Harmer_You_Were_Here.png,spectrograms/matrices/539_Sarah_Harmer_You_Were_Here.npy
543,The Footsteps Die Out Forever,Kaki King,"[0.0, 0.55510204, 69.583673469, 112.065306122, 132.422947845, 135.054671201]","[{""t"": 0.0, ""f"": ""Silence""}, {""t"": 0.55510204, ""f"": ""no_function""}, {""t"": 69.583673469, ""f"": ""no_function""}, {""t"": 112.065306122, ""f"": ""Outro""}, {""t"": 132.422947845, ""f"": ""Silence""}, {""t"": 135.054671201, ""f"": ""End""}]","[0.0, 0.534058956, 69.633832199, 135.077732426]","[{""t"": 0.0, ""f"": ""Silence""}, {""t"": 0.534058956, ""f"": ""no_function""}, {""t"": 69.633832199, ""f"": ""no_function""}, {""t"": 135.077732426, ""f"": ""End""}]",spectrograms/mel/543_Kaki_King_The_Footsteps_Die_Out_Forever.png,spectrograms/linear/543_Kaki_King_The_Footsteps_Die_Out_Forever.png,spectrograms/matrices/543_Kaki_King_The_Footsteps_Die_Out_Forever.npy
551,Honey   Live,Tori Amos,"[0.0, 3.486281179, 30.05526077, 53.271269841, 88.332040816, 103.87217687, 111.409954648, 138.888707482, 154.468095238, 171.315079365, 188.948526077, 216.244195011, 231.679818594, 248.927301587, 256.110725623, 260.74478458]","[{""t"": 0.0, ""f"": ""Silence""}, {""t"": 3.486281179, ""f"": ""no_function""}, {""t"": 30.05526077, ""f"": ""Intro""}, {""t"": 53.271269841, ""f"": ""Verse""}, {""t"": 88.332040816, ""f"": ""Chorus""}, {""t"": 103.87217687, ""f"": ""Transition""}, {""t"": 111.409954648, ""f"": ""Verse""}, {""t"": 138.888707482, ""f"": ""Chorus""}, {""t"": 154.468095238, ""f"": ""Bridge""}, {""t"": 171.315079365, ""f"": ""Interlude""}, {""t"": 188.948526077, ""f"": ""Verse""}, {""t"": 216.244195011, ""f"": ""Chorus""}, {""t"": 231.679818594, ""f"": ""Chorus""}, {""t"": 248.927301587, ""f"": ""no_function""}, {""t"": 256.110725623, ""f"": ""Silence""}, {""t"": 260.74478458, ""f"": ""End""}]","[0.0, 2.024489795, 30.318367346, 53.178571428, 88.163265306, 103.706122448, 111.55941043, 138.891836734, 154.41632653, 171.542857142, 188.653061224, 216.368639455, 239.368911564, 247.2, 256.837823129, 260.718367346]","[{""t"": 0.0, ""f"": ""Silence""}, {""t"": 2.024489795, ""f"": ""no_function""}, {""t"": 30.318367346, ""f"": ""Intro""}, {""t"": 53.178571428, ""f"": ""Verse""}, {""t"": 88.163265306, ""f"": ""Chorus""}, {""t"": 103.706122448, ""f"": ""Transition""}, {""t"": 111.55941043, ""f"": ""Verse""}, {""t"": 138.891836734, ""f"": ""Chorus""}, {""t"": 154.41632653, ""f"": ""Bridge""}, {""t"": 171.542857142, ""f"": ""Transition""}, {""t"": 188.653061224, ""f"": ""Verse""}, {""t"": 216.368639455, ""f"": ""Chorus""}, {""t"": 239.368911564, ""f"": ""Outro""}, {""t"": 247.2, ""f"": ""no_function""}, {""t"": 256.837823129, ""f"": ""Silence""}, {""t"": 260.718367346, ""f"": ""End""}]",spectrograms/mel/551_Tori_Amos_Honey___Live.png,spectrograms/linear/551_Tori_Amos_Honey___Live.png,spectrograms/matrices/551_Tori_Amos_Honey___Live.npy
555,Suitcase Song,Nellie McKay,"[0.0, 0.371519274, 14.285714285, 35.997256235, 50.541111111, 64.88031746, 79.094036281, 100.593378684, 114.742857142, 128.63292517, 142.791836734, 150.81371882, 153.68292517]","[{""t"": 0.0, ""f"": ""Silence""}, {""t"": 0.371519274, ""f"": ""Intro""}, {""t"": 14.285714285, ""f"": ""Verse""}, {""t"": 35.997256235, ""f"": ""Verse""}, {""t"": 50.541111111, ""f"": ""Chorus""}, {""t"": 64.88031746, ""f"": ""Chorus""}, {""t"": 79.094036281, ""f"": ""Verse""}, {""t"": 100.593378684, ""f"": ""Verse""}, {""t"": 114.742857142, ""f"": ""Chorus""}, {""t"": 128.63292517, ""f"": ""Chorus""}, {""t"": 142.791836734, ""f"": ""Outro""}, {""t"": 150.81371882, ""f"": ""Silence""}, {""t"": 153.68292517, ""f"": ""End""}]","[0.0, 0.41632653, 14.274195011, 36.083764172, 50.488730158, 64.768390022, 79.120680272, 100.600226757, 114.744149659, 128.588820861, 142.68723356, 151.003197278, 153.692562358]","[{""t"": 0.0, ""f"": ""Silence""}, {""t"": 0.41632653, ""f"": ""Intro""}, {""t"": 14.274195011, ""f"": ""Verse""}, {""t"": 36.083764172, ""f"": ""no_function""}, {""t"": 50.488730158, ""f"": ""Pre-Chorus""}, {""t"": 64.768390022, ""f"": ""Chorus""}, {""t"": 79.120680272, ""f"": ""Verse""}, {""t"": 100.600226757, ""f"": ""no_function""}, {""t"": 114.744149659, ""f"": ""Pre-Chorus""}, {""t"": 128.588820861, ""f"": ""Chorus""}, {""t"": 142.68723356, ""f"": ""Outro""}, {""t"": 151.003197278, ""f"": ""Silence""}, {""t"": 153.692562358, ""f"": ""End""}]",spectrograms/mel/555_Nellie_McKay_Suitcase_Song.png,spectrograms/linear/555_Nellie_McKay_Suitcase_Song.png,spectrograms/matrices/555_Nellie_McKay_Suitcase_Song.npy
559,Rodeo Girl,Rickie Lee Jones,"[0.0, 0.45600907, 17.993287981, 77.830748299, 124.558367346, 145.225464852, 190.392358276, 231.378798185, 288.498072562, 294.245011337]","[{""t"": 0.0, ""f"": ""Silence""}, {""t"": 0.45600907, ""f"": ""Intro""}, {""t"": 17.993287981, ""f"": ""Verse""}, {""t"": 77.830748299, ""f"": ""Chorus""}, {""t"": 124.558367346, ""f"": ""Bridge""}, {""t"": 145.225464852, ""f"": ""Verse""}, {""t"": 190.392358276, ""f"": ""Chorus""}, {""t"": 231.378798185, ""f"": ""Outro""}, {""t"": 288.498072562, ""f"": ""Silence""}, {""t"": 294.245011337, ""f"": ""End""}]","[0.0, 0.232199546, 18.09478458, 66.269750566, 113.113356009, 145.225396825, 178.816870748, 225.600657596, 259.185873015, 288.461496598, 294.228503401]","[{""t"": 0.0, ""f"": ""Silence""}, {""t"": 0.232199546, ""f"": ""Intro""}, {""t"": 18.09478458, ""f"": ""Verse""}, {""t"": 66.269750566, ""f"": ""Chorus""}, {""t"": 113.113356009, ""f"": ""Transition""}, {""t"": 145.225396825, ""f"": ""Verse""}, {""t"": 178.816870748, ""f"": ""Chorus""}, {""t"": 225.600657596, ""f"": ""Transition""}, {""t"": 259.185873015, ""f"": ""Outro""}, {""t"": 288.461496598, ""f"": ""Silence""}, {""t"": 294.228503401, ""f"": ""End""}]",spectrograms/mel/559_Rickie_Lee_Jones_Rodeo_Girl.png,spectrograms/linear/559_Rickie_Lee_Jones_Rodeo_Girl.png,spectrograms/matrices/559_Rickie_Lee_Jones_Rodeo_Girl.npy
563,Passenger Song,Great Lake Swimmers,"[0.0, 0.30185941, 12.429977324, 30.761473922, 49.257074829, 67.397732426, 85.845011337, 104.031723356, 122.362539682, 140.731632653, 159.019773242, 177.36015873, 195.639977324, 213.960181405, 232.108707482, 250.433650793, 260.758367346, 271.064988662]","[{""t"": 0.0, ""f"": ""Silence""}, {""t"": 0.30185941, ""f"": ""Intro""}, {""t"": 12.429977324, ""f"": ""Verse""}, {""t"": 30.761473922, ""f"": ""Verse""}, {""t"": 49.257074829, ""f"": ""Verse""}, {""t"": 67.397732426, ""f"": ""Verse""}, {""t"": 85.845011337, ""f"": ""Verse""}, {""t"": 104.031723356, ""f"": ""Verse""}, {""t"": 122.362539682, ""f"": ""Solo""}, {""t"": 140.731632653, ""f"": ""Verse""}, {""t"": 159.019773242, ""f"": ""Verse""}, {""t"": 177.36015873, ""f"": ""Verse""}, {""t"": 195.639977324, ""f"": ""Verse""}, {""t"": 213.960181405, ""f"": ""Verse""}, {""t"": 232.108707482, ""f"": ""Verse""}, {""t"": 250.433650793, ""f"": ""Outro""}, {""t"": 260.758367346, ""f"": ""Silence""}, {""t"": 271.064988662, ""f"": ""End""}]","[0.0, 0.278639455, 12.50446712, 30.903809523, 49.830022675, 67.430748299, 85.865804988, 104.721995464, 122.464081632, 140.751564625, 159.294693877, 177.422040816, 195.742358276, 213.894399092, 232.115419501, 250.506938775, 262.919546485, 271.064512471]","[{""t"": 0.0, ""f"": ""Silence""}, {""t"": 0.278639455, ""f"": ""Intro""}, {""t"": 12.50446712, ""f"": ""Verse""}, {""t"": 30.903809523, ""f"": ""Verse""}, {""t"": 49.830022675, ""f"": ""Verse""}, {""t"": 67.430748299, ""f"": ""Verse""}, {""t"": 85.865804988, ""f"": ""Verse""}, {""t"": 104.721995464, ""f"": ""Verse""}, {""t"": 122.464081632, ""f"": ""Instrumental""}, {""t"": 140.751564625, ""f"": ""Verse""}, {""t"": 159.294693877, ""f"": ""Verse""}, {""t"": 177.422040816, ""f"": ""Verse""}, {""t"": 195.742358276, ""f"": ""Verse""}, {""t"": 213.894399092, ""f"": ""Verse""}, {""t"": 232.115419501, ""f"": ""Verse""}, {""t"": 250.506938775, ""f"": ""Outro""}, {""t"": 262.919546485, ""f"": ""Silence""}, {""t"": 271.064512471, ""f"": ""End""}]",spectrograms/mel/563_Great_Lake_Swimmers_Passenger_Song.png,spectrograms/linear/563_Great_Lake_Swimmers_Passenger_Song.png,spectrograms/matrices/563_Great_Lake_Swimmers_Passenger_Song.npy
567,Flow,Sade,"[0.0, 0.243809523, 34.454081632, 80.263922902, 126.004580498, 148.868820861, 251.697936507, 269.256893424, 274.416507936]","[{""t"": 0.0, ""f"": ""Silence""}, {""t"": 0.243809523, ""f"": ""Intro""}, {""t"": 34.454081632, ""f"": ""Verse""}, {""t"": 80.263922902, ""f"": ""Verse""}, {""t"": 126.004580498, ""f"": ""Interlude""}, {""t"": 148.868820861, ""f"": ""Coda""}, {""t"": 251.697936507, ""f"": ""Fade-out""}, {""t"": 269.256893424, ""f"": ""Silence""}, {""t"": 274.416507936, ""f"": ""End""}]","[0.0, 0.261224489, 34.541269841, 57.357301587, 80.270272108, 103.105714285, 125.968639455, 148.82217687, 171.693287981, 217.413446712, 240.261247165, 251.669818594, 274.018367346, 274.450226757]","[{""t"": 0.0, ""f"": ""Silence""}, {""t"": 0.261224489, ""f"": ""Intro""}, {""t"": 34.541269841, ""f"": ""no_function""}, {""t"": 57.357301587, ""f"": ""Chorus""}, {""t"": 80.270272108, ""f"": ""no_function""}, {""t"": 103.105714285, ""f"": ""Chorus""}, {""t"": 125.968639455, ""f"": ""Interlude""}, {""t"": 148.82217687, ""f"": ""no_function""}, {""t"": 171.693287981, ""f"": ""no_function""}, {""t"": 217.413446712, ""f"": ""no_function""}, {""t"": 240.261247165, ""f"": ""Outro""}, {""t"": 251.669818594, ""f"": ""Fade-out""}, {""t"": 274.018367346, ""f"": ""Silence""}, {""t"": 274.450226757, ""f"": ""End""}]",spectrograms/mel/567_Sade_Flow.png,spectrograms/linear/567_Sade_Flow.png,spectrograms/matrices/567_Sade_Flow.npy
571,Free Yourself,Fantasia Barrino,"[0.0, 0.232199546, 17.931224489, 35.503310657, 53.200975056, 70.857528344, 88.510702947, 106.1730839, 123.827505668, 141.491383219, 159.132834467, 176.803356009, 194.468367346, 212.069047619, 229.810907029, 247.455056689, 256.193605442, 258.679160997]","[{""t"": 0.0, ""f"": ""Silence""}, {""t"": 0.232199546, ""f"": ""Intro""}, {""t"": 17.931224489, ""f"": ""Verse""}, {""t"": 35.503310657, ""f"": ""no_function""}, {""t"": 53.200975056, ""f"": ""Chorus""}, {""t"": 70.857528344, ""f"": ""no_function""}, {""t"": 88.510702947, ""f"": ""Bridge""}, {""t"": 106.1730839, ""f"": ""Verse""}, {""t"": 123.827505668, ""f"": ""no_function""}, {""t"": 141.491383219, ""f"": ""Chorus""}, {""t"": 159.132834467, ""f"": ""no_function""}, {""t"": 176.803356009, ""f"": ""Bridge""}, {""t"": 194.468367346, ""f"": ""Solo""}, {""t"": 212.069047619, ""f"": ""Chorus""}, {""t"": 229.810907029, ""f"": ""no_function""}, {""t"": 247.455056689, ""f"": ""Fade-out""}, {""t"": 256.193605442, ""f"": ""Silence""}, {""t"": 258.679160997, ""f"": ""End""}]","[0.0, 0.162539682, 17.794013605, 53.204535147, 88.478231292, 106.06877551, 141.400022675, 176.754603174, 194.462131519, 212.165691609, 247.474897959, 258.684331065]","[{""t"": 0.0, ""f"": ""Silence""}, {""t"": 0.162539682, ""f"": ""Intro""}, {""t"": 17.794013605, ""f"": ""Verse""}, {""t"": 53.204535147, ""f"": ""Chorus""}, {""t"": 88.478231292, ""f"": ""Interlude""}, {""t"": 106.06877551, ""f"": ""Verse""}, {""t"": 141.400022675, ""f"": ""Chorus""}, {""t"": 176.754603174, ""f"": ""Interlude""}, {""t"": 194.462131519, ""f"": ""Pre-Chorus""}, {""t"": 212.165691609, ""f"": ""Chorus""}, {""t"": 247.474897959, ""f"": ""Fade-out""}, {""t"": 258.684331065, ""f"": ""End""}]",spectrograms/mel/571_Fantasia_Barrino_Free_Yourself.png,spectrograms/linear/571_Fantasia_Barrino_Free_Yourself.png,spectrograms/matrices/571_Fantasia_Barrino_Free_Yourself.npy
575,Rain,Heather Headley,"[0.0, 0.283673469, 9.912902494, 29.096507936, 38.680839002, 57.937596371, 77.096054421, 86.680340136, 105.910294784, 125.085895691, 134.742585034, 153.953514739, 173.098956916, 177.922902494, 191.821315192, 192.120929705]","[{""t"": 0.0, ""f"": ""Silence""}, {""t"": 0.283673469, ""f"": ""Intro""}, {""t"": 9.912902494, ""f"": ""Verse""}, {""t"": 29.096507936, ""f"": ""Pre-Chorus""}, {""t"": 38.680839002, ""f"": ""Chorus""}, {""t"": 57.937596371, ""f"": ""Verse""}, {""t"": 77.096054421, ""f"": ""Pre-Chorus""}, {""t"": 86.680340136, ""f"": ""Chorus""}, {""t"": 105.910294784, ""f"": ""Verse""}, {""t"": 125.085895691, ""f"": ""Pre-Chorus""}, {""t"": 134.742585034, ""f"": ""Chorus""}, {""t"": 153.953514739, ""f"": ""Chorus""}, {""t"": 173.098956916, ""f"": ""Outro""}, {""t"": 177.922902494, ""f"": ""Fade-out""}, {""t"": 191.821315192, ""f"": ""Silence""}, {""t"": 192.120929705, ""f"": ""End""}]","[0.0, 0.307641723, 9.931564625, 29.071383219, 38.709455782, 57.895532879, 77.060566893, 86.793106575, 105.895941043, 134.654739229, 153.921473922, 173.129773242, 191.184399092, 192.126575963]","[{""t"": 0.0, ""f"": ""Silence""}, {""t"": 0.307641723, ""f"": ""Intro""}, {""t"": 9.931564625, ""f"": ""Verse""}, {""t"": 29.071383219, ""f"": ""Pre-Chorus""}, {""t"": 38.709455782, ""f"": ""Chorus""}, {""t"": 57.895532879, ""f"": ""Verse""}, {""t"": 77.060566893, ""f"": ""Pre-Chorus""}, {""t"": 86.793106575, ""f"": ""Chorus""}, {""t"": 105.895941043, ""f"": ""Bridge""}, {""t"": 134.654739229, ""f"": ""no_function""}, {""t"": 153.921473922, ""f"": ""Chorus""}, {""t"": 173.129773242, ""f"": ""Outro""}, {""t"": 191.184399092, ""f"": ""Silence""}, {""t"": 192.126575963, ""f"": ""End""}]",spectrograms/mel/575_Heather_Headley_Rain.png,spectrograms/linear/575_Heather_Headley_Rain.png,spectrograms/matrices/575_Heather_Headley_Rain.npy
579,Baby   You  re Right   feat,The Derek Trucks Band,"[0.0, 1.93170068, 16.451655328, 52.539750566, 66.875510204, 102.82015873, 117.187641723, 153.36356009, 251.83324263, 254.916848072]","[{""t"": 0.0, ""f"": ""Silence""}, {""t"": 1.93170068, ""f"": ""Verse""}, {""t"": 16.451655328, ""f"": ""Chorus""}, {""t"": 52.539750566, ""f"": ""Verse""}, {""t"": 66.875510204, ""f"": ""Chorus""}, {""t"": 102.82015873, ""f"": ""Solo""}, {""t"": 117.187641723, ""f"": ""Chorus""}, {""t"": 153.36356009, ""f"": ""Outro""}, {""t"": 251.83324263, ""f"": ""Silence""}, {""t"": 254.916848072, ""f"": ""End""}]","[0.0, 1.880816326, 52.557573696, 102.782380952, 153.377210884, 196.109727891, 252.958639455, 254.916712018]","[{""t"": 0.0, ""f"": ""Silence""}, {""t"": 1.880816326, ""f"": ""Intro""}, {""t"": 52.557573696, ""f"": ""Verse""}, {""t"": 102.782380952, ""f"": ""Solo""}, {""t"": 153.377210884, ""f"": ""Solo""}, {""t"": 196.109727891, ""f"": ""Outro""}, {""t"": 252.958639455, ""f"": ""Silence""}, {""t"": 254.916712018, ""f"": ""End""}]",spectrograms/mel/579_The_Derek_Trucks_Band_Baby___You__re_Right___feat.png,spectrograms/linear/579_The_Derek_Trucks_Band_Baby___You__re_Right___feat.png,spectrograms/matrices/579_The_Derek_Trucks_Band_Baby___You__re_Right___feat.npy
583,Mr,Donald Byrd,"[0.0, 0.563832199, 36.761156462, 71.510204081, 94.712766439, 110.222970521, 133.363469387, 156.5230839, 172.036281179, 195.2261678, 218.318367346, 233.893877551, 257.038163265, 280.193310657, 301.85941043, 304.435918367]","[{""t"": 0.0, ""f"": ""Silence""}, {""t"": 0.563832199, ""f"": ""Intro""}, {""t"": 36.761156462, ""f"": ""Solo""}, {""t"": 71.510204081, ""f"": ""Solo""}, {""t"": 94.712766439, ""f"": ""Bridge""}, {""t"": 110.222970521, ""f"": ""no_function""}, {""t"": 133.363469387, ""f"": ""Solo""}, {""t"": 156.5230839, ""f"": ""Bridge""}, {""t"": 172.036281179, ""f"": ""Solo""}, {""t"": 195.2261678, ""f"": ""Solo""}, {""t"": 218.318367346, ""f"": ""Bridge""}, {""t"": 233.893877551, ""f"": ""Solo""}, {""t"": 257.038163265, ""f"": ""Solo""}, {""t"": 280.193310657, ""f"": ""Fade-out""}, {""t"": 301.85941043, ""f"": ""Silence""}, {""t"": 304.435918367, ""f"": ""End""}]","[0.0, 0.371519274, 40.701428571, 71.574444444, 110.235668934, 133.409183673, 172.093628117, 195.249070294, 233.863854875, 257.093265306, 280.220340136, 298.72664399, 304.431020408]","[{""t"": 0.0, ""f"": ""Silence""}, {""t"": 0.371519274, ""f"": ""Intro""}, {""t"": 40.701428571, ""f"": ""Solo""}, {""t"": 71.574444444, ""f"": ""Interlude""}, {""t"": 110.235668934, ""f"": ""Solo""}, {""t"": 133.409183673, ""f"": ""Interlude""}, {""t"": 172.093628117, ""f"": ""Solo""}, {""t"": 195.249070294, ""f"": ""Transition""}, {""t"": 233.863854875, ""f"": ""Solo""}, {""t"": 257.093265306, ""f"": ""Outro""}, {""t"": 280.220340136, ""f"": ""Fade-out""}, {""t"": 298.72664399, ""f"": ""Silence""}, {""t"": 304.431020408, ""f"": ""End""}]",spectrograms/mel/583_Donald_Byrd_Mr.png,spectrograms/linear/583_Donald_Byrd_Mr.png,spectrograms/matrices/583_Donald_Byrd_Mr.npy
587,I Need More Time,The Meters,"[0.0, 0.230589569, 55.233809523, 74.102834467, 83.750725623, 93.209637188, 111.719614512, 121.027120181, 140.044172335, 176.899002267, 190.761133786, 195.332879818]","[{""t"": 0.0, ""f"": ""Silence""}, {""t"": 0.230589569, ""f"": ""Intro""}, {""t"": 55.233809523, ""f"": ""Verse""}, {""t"": 74.102834467, ""f"": ""Transition""}, {""t"": 83.750725623, ""f"": ""Verse""}, {""t"": 93.209637188, ""f"": ""Chorus""}, {""t"": 111.719614512, ""f"": ""Interlude""}, {""t"": 121.027120181, ""f"": ""Bridge""}, {""t"": 140.044172335, ""f"": ""Outro""}, {""t"": 176.899002267, ""f"": ""Fade-out""}, {""t"": 190.761133786, ""f"": ""Silence""}, {""t"": 195.332879818, ""f"": ""End""}]","[0.0, 0.294852607, 45.551020408, 55.265306122, 93.203492063, 111.71648526, 121.120136054, 140.046553287, 186.210498866, 192.332471655, 195.317619047]","[{""t"": 0.0, ""f"": ""Silence""}, {""t"": 0.294852607, ""f"": ""Intro""}, {""t"": 45.551020408, ""f"": ""Pre-Verse""}, {""t"": 55.265306122, ""f"": ""Verse""}, {""t"": 93.203492063, ""f"": ""Chorus""}, {""t"": 111.71648526, ""f"": ""Transition""}, {""t"": 121.120136054, ""f"": ""Bridge""}, {""t"": 140.046553287, ""f"": ""Chorus""}, {""t"": 186.210498866, ""f"": ""Outro""}, {""t"": 192.332471655, ""f"": ""Silence""}, {""t"": 195.317619047, ""f"": ""End""}]",spectrograms/mel/587_The_Meters_I_Need_More_Time.png,spectrograms/linear/587_The_Meters_I_Need_More_Time.png,spectrograms/matrices/587_The_Meters_I_Need_More_Time.npy
591,Glory Train,Montreal Jubilation Gospel Choir,"[0.0, 0.371519274, 32.216712018, 53.431428571, 74.742721088, 96.133151927, 117.437120181, 138.63, 159.814852607, 191.54217687, 233.862108843, 237.786439909]","[{""t"": 0.0, ""f"": ""Silence""}, {""t"": 0.371519274, ""f"": ""Intro""}, {""t"": 32.216712018, ""f"": ""Chorus""}, {""t"": 53.431428571, ""f"": ""Chorus""}, {""t"": 74.742721088, ""f"": ""Verse""}, {""t"": 96.133151927, ""f"": ""Chorus""}, {""t"": 117.437120181, ""f"": ""Verse""}, {""t"": 138.63, ""f"": ""Chorus""}, {""t"": 159.814852607, ""f"": ""Interlude""}, {""t"": 191.54217687, ""f"": ""Outro""}, {""t"": 233.862108843, ""f"": ""Silence""}, {""t"": 237.786439909, ""f"": ""End""}]","[0.0, 0.371519274, 16.416621315, 32.159297052, 53.516349206, 74.727437641, 96.151337868, 117.454852607, 138.623650793, 159.825124716, 191.456145124, 201.952267573, 222.857482993, 233.761088435, 237.775328798]","[{""t"": 0.0, ""f"": ""Silence""}, {""t"": 0.371519274, ""f"": ""Chorus""}, {""t"": 16.416621315, ""f"": ""Chorus""}, {""t"": 32.159297052, ""f"": ""Chorus""}, {""t"": 53.516349206, ""f"": ""Chorus""}, {""t"": 74.727437641, ""f"": ""Verse""}, {""t"": 96.151337868, ""f"": ""Chorus""}, {""t"": 117.454852607, ""f"": ""Verse""}, {""t"": 138.623650793, ""f"": ""Chorus""}, {""t"": 159.825124716, ""f"": ""Chorus""}, {""t"": 191.456145124, ""f"": ""Chorus""}, {""t"": 201.952267573, ""f"": ""Chorus""}, {""t"": 222.857482993, ""f"": ""Outro""}, {""t"": 233.761088435, ""f"": ""Silence""}, {""t"": 237.775328798, ""f"": ""End""}]",spectrograms/mel/591_Montreal_Jubilation_Gospel_Choir_Glory_Train.png,spectrograms/linear/591_Montreal_Jubilation_Gospel_Choir_Glory_Train.png,spectrograms/matrices/591_Montreal_Jubilation_Gospel_Choir_Glory_Train.npy
595,Lo And Behold,James Taylor,"[0.0, 0.21478458, 13.479160997, 43.158843537, 68.702993197, 94.350770975, 119.775238095, 152.163265306, 156.499795918]","[{""t"": 0.0, ""f"": ""Silence""}, {""t"": 0.21478458, ""f"": ""Intro""}, {""t"": 13.479160997, ""f"": ""Verse""}, {""t"": 43.158843537, ""f"": ""Chorus""}, {""t"": 68.702993197, ""f"": ""Verse""}, {""t"": 94.350770975, ""f"": ""Chorus""}, {""t"": 119.775238095, ""f"": ""Outro""}, {""t"": 152.163265306, ""f"": ""Silence""}, {""t"": 156.499795918, ""f"": ""End""}]","[0.0, 0.162539682, 13.373265306, 26.453469387, 39.693424036, 43.098866213, 68.647460317, 94.256916099, 119.76, 123.174648526, 136.42909297, 153.525714285, 156.513333333]","[{""t"": 0.0, ""f"": ""Silence""}, {""t"": 0.162539682, ""f"": ""Intro""}, {""t"": 13.373265306, ""f"": ""Verse""}, {""t"": 26.453469387, ""f"": ""Verse""}, {""t"": 39.693424036, ""f"": ""Transition""}, {""t"": 43.098866213, ""f"": ""Chorus""}, {""t"": 68.647460317, ""f"": ""Bridge""}, {""t"": 94.256916099, ""f"": ""Chorus""}, {""t"": 119.76, ""f"": ""Transition""}, {""t"": 123.174648526, ""f"": ""Outro""}, {""t"": 136.42909297, ""f"": ""Outro""}, {""t"": 153.525714285, ""f"": ""Silence""}, {""t"": 156.513333333, ""f"": ""End""}]",spectrograms/mel/595_James_Taylor_Lo_And_Behold.png,spectrograms/linear/595_James_Taylor_Lo_And_Behold.png,spectrograms/matrices/595_James_Taylor_Lo_And_Behold.npy
599,Church,Lyle Lovett,"[0.0, 0.441179138, 5.828684807, 121.565351473, 140.282653061, 152.885374149, 171.43510204, 221.754829931, 240.203197278, 252.987210884, 338.890839002, 357.308662131, 361.070657596]","[{""t"": 0.0, ""f"": ""Silence""}, {""t"": 0.441179138, ""f"": ""Intro""}, {""t"": 5.828684807, ""f"": ""Verse""}, {""t"": 121.565351473, ""f"": ""Chorus""}, {""t"": 140.282653061, ""f"": ""Verse""}, {""t"": 152.885374149, ""f"": ""Chorus""}, {""t"": 171.43510204, ""f"": ""Verse""}, {""t"": 221.754829931, ""f"": ""Chorus""}, {""t"": 240.203197278, ""f"": ""Verse""}, {""t"": 252.987210884, ""f"": ""Chorus""}, {""t"": 338.890839002, ""f"": ""Outro""}, {""t"": 357.308662131, ""f"": ""Silence""}, {""t"": 361.070657596, ""f"": ""End""}]","[0.0, 0.348299319, 121.549818594, 140.357641723, 152.816734693, 171.403968253, 209.427981859, 221.755600907, 240.241746031, 252.954852607, 361.173038548]","[{""t"": 0.0, ""f"": ""Silence""}, {""t"": 0.348299319, ""f"": ""Intro""}, {""t"": 121.549818594, ""f"": ""Chorus""}, {""t"": 140.357641723, ""f"": ""Interlude""}, {""t"": 152.816734693, ""f"": ""Chorus""}, {""t"": 171.403968253, ""f"": ""Interlude""}, {""t"": 209.427981859, ""f"": ""Interlude""}, {""t"": 221.755600907, ""f"": ""Chorus""}, {""t"": 240.241746031, ""f"": ""Interlude""}, {""t"": 252.954852607, ""f"": ""Chorus""}, {""t"": 361.173038548, ""f"": ""End""}]",spectrograms/mel/599_Lyle_Lovett_Church.png,spectrograms/linear/599_Lyle_Lovett_Church.png,spectrograms/matrices/599_Lyle_Lovett_Church.npy
603,Bo Jam,Bo Diddley,[],[],[],[],spectrograms/mel/603_Bo_Diddley_Bo_Jam.png,spectrograms/linear/603_Bo_Diddley_Bo_Jam.png,spectrograms/matrices/603_Bo_Diddley_Bo_Jam.npy
607,You Don  t Believe Me,Stray Cats,"[0.0, 1.024399092, 22.558208616, 40.591337868, 62.149523809, 78.461564625, 100.030498866, 121.744172335, 137.977369614, 159.54739229, 159.54739229, 173.977619047, 178.300702947]","[{""t"": 0.0, ""f"": ""Silence""}, {""t"": 1.024399092, ""f"": ""Intro""}, {""t"": 22.558208616, ""f"": ""Verse""}, {""t"": 40.591337868, ""f"": ""Verse""}, {""t"": 62.149523809, ""f"": ""Bridge""}, {""t"": 78.461564625, ""f"": ""Verse""}, {""t"": 100.030498866, ""f"": ""Solo""}, {""t"": 121.744172335, ""f"": ""Bridge""}, {""t"": 137.977369614, ""f"": ""Verse""}, {""t"": 159.54739229, ""f"": ""Fade-out""}, {""t"": 159.54739229, ""f"": ""Outro""}, {""t"": 173.977619047, ""f"": ""Silence""}, {""t"": 178.300702947, ""f"": ""End""}]","[0.0, 0.998458049, 22.540113378, 40.518820861, 62.09015873, 78.368208616, 99.985963718, 121.649342403, 137.96802721, 159.48201814, 173.931133786, 178.445351473]","[{""t"": 0.0, ""f"": ""Silence""}, {""t"": 0.998458049, ""f"": ""Pre-Verse""}, {""t"": 22.540113378, ""f"": ""Verse""}, {""t"": 40.518820861, ""f"": ""Verse""}, {""t"": 62.09015873, ""f"": ""Chorus""}, {""t"": 78.368208616, ""f"": ""Verse""}, {""t"": 99.985963718, ""f"": ""Solo""}, {""t"": 121.649342403, ""f"": ""Chorus""}, {""t"": 137.96802721, ""f"": ""Verse""}, {""t"": 159.48201814, ""f"": ""Outro""}, {""t"": 173.931133786, ""f"": ""Silence""}, {""t"": 178.445351473, ""f"": ""End""}]",spectrograms/mel/607_Stray_Cats_You_Don__t_Believe_Me.png,spectrograms/linear/607_Stray_Cats_You_Don__t_Believe_Me.png,spectrograms/matrices/607_Stray_Cats_You_Don__t_Believe_Me.npy
611,Stagger Lee,Sleepy LaBeef,"[0.0, 0.417959183, 29.50095238, 42.253424036, 55.089750566, 68.076780045, 80.898321995, 93.564807256, 106.19324263, 118.830226757, 131.42478458, 144.103038548, 156.730544217, 169.34893424, 181.765804988, 194.362199546, 207.08664399, 219.819183673, 232.478707482, 245.014580498, 257.494421768, 269.911133786, 282.320045351, 288.606235827, 301.591179138, 304.537346938]","[{""t"": 0.0, ""f"": ""Silence""}, {""t"": 0.417959183, ""f"": ""Intro""}, {""t"": 29.50095238, ""f"": ""Verse""}, {""t"": 42.253424036, ""f"": ""no_function""}, {""t"": 55.089750566, ""f"": ""no_function""}, {""t"": 68.076780045, ""f"": ""no_function""}, {""t"": 80.898321995, ""f"": ""Chorus""}, {""t"": 93.564807256, ""f"": ""Solo""}, {""t"": 106.19324263, ""f"": ""Solo""}, {""t"": 118.830226757, ""f"": ""no_function""}, {""t"": 131.42478458, ""f"": ""Solo""}, {""t"": 144.103038548, ""f"": ""no_function""}, {""t"": 156.730544217, ""f"": ""Solo""}, {""t"": 169.34893424, ""f"": ""no_function""}, {""t"": 181.765804988, ""f"": ""Verse""}, {""t"": 194.362199546, ""f"": ""no_function""}, {""t"": 207.08664399, ""f"": ""no_function""}, {""t"": 219.819183673, ""f"": ""no_function""}, {""t"": 232.478707482, ""f"": ""Chorus""}, {""t"": 245.014580498, ""f"": ""no_function""}, {""t"": 257.494421768, ""f"": ""Solo""}, {""t"": 269.911133786, ""f"": ""no_function""}, {""t"": 282.320045351, ""f"": ""Chorus""}, {""t"": 288.606235827, ""f"": ""Outro""}, {""t"": 301.591179138, ""f"": ""Silence""}, {""t"": 304.537346938, ""f"": ""End""}]","[0.0, 0.359909297, 29.569931972, 55.028798185, 80.828480725, 93.588798185, 181.693696145, 206.97340136, 232.412857142, 244.981133786, 282.260453514, 300.413061224, 304.537346938]","[{""t"": 0.0, ""f"": ""Silence""}, {""t"": 0.359909297, ""f"": ""Intro""}, {""t"": 29.569931972, ""f"": ""Verse""}, {""t"": 55.028798185, ""f"": ""Verse""}, {""t"": 80.828480725, ""f"": ""Transition""}, {""t"": 93.588798185, ""f"": ""Solo""}, {""t"": 181.693696145, ""f"": ""Verse""}, {""t"": 206.97340136, ""f"": ""Verse""}, {""t"": 232.412857142, ""f"": ""Transition""}, {""t"": 244.981133786, ""f"": ""Solo""}, {""t"": 282.260453514, ""f"": ""Outro""}, {""t"": 300.413061224, ""f"": ""Silence""}, {""t"": 304.537346938, ""f"": ""End""}]",spectrograms/mel/611_Sleepy_LaBeef_Stagger_Lee.png,spectrograms/linear/611_Sleepy_LaBeef_Stagger_Lee.png,spectrograms/matrices/611_Sleepy_LaBeef_Stagger_Lee.npy
615,Lonesome Town,Ricky Nelson,"[0.0, 0.394716553, 13.073129251, 37.838662131, 62.168004535, 86.958730158, 132.864557823, 135.209795918]","[{""t"": 0.0, ""f"": ""Silence""}, {""t"": 0.394716553, ""f"": ""Intro""}, {""t"": 13.073129251, ""f"": ""Verse""}, {""t"": 37.838662131, ""f"": ""Verse""}, {""t"": 62.168004535, ""f"": ""Chorus""}, {""t"": 86.958730158, ""f"": ""Verse""}, {""t"": 132.864557823, ""f"": ""Silence""}, {""t"": 135.209795918, ""f"": ""End""}]","[0.0, 0.812698412, 13.212154195, 37.894965986, 62.206258503, 86.749750566, 122.810340136, 132.818140589, 135.244535147]","[{""t"": 0.0, ""f"": ""Silence""}, {""t"": 0.812698412, ""f"": ""Intro""}, {""t"": 13.212154195, ""f"": ""Verse""}, {""t"": 37.894965986, ""f"": ""Verse""}, {""t"": 62.206258503, ""f"": ""Bridge""}, {""t"": 86.749750566, ""f"": ""Verse""}, {""t"": 122.810340136, ""f"": ""Outro""}, {""t"": 132.818140589, ""f"": ""Silence""}, {""t"": 135.244535147, ""f"": ""End""}]",spectrograms/mel/615_Ricky_Nelson_Lonesome_Town.png,spectrograms/linear/615_Ricky_Nelson_Lonesome_Town.png,spectrograms/matrices/615_Ricky_Nelson_Lonesome_Town.npy
619,You Can  t Stand Alone,Wilson Pickett,"[0.0, 0.185759637, 8.336575963, 29.583854875, 51.024126984, 72.320136054, 93.743945578, 104.479977324, 126.008639455, 147.344648526, 163.368707482, 167.948344671, 167.948344671]","[{""t"": 0.0, ""f"": ""Silence""}, {""t"": 0.185759637, ""f"": ""Intro""}, {""t"": 8.336575963, ""f"": ""Verse""}, {""t"": 29.583854875, ""f"": ""Chorus""}, {""t"": 51.024126984, ""f"": ""Verse""}, {""t"": 72.320136054, ""f"": ""Chorus""}, {""t"": 93.743945578, ""f"": ""Interlude""}, {""t"": 104.479977324, ""f"": ""Verse""}, {""t"": 126.008639455, ""f"": ""Chorus""}, {""t"": 147.344648526, ""f"": ""Outro""}, {""t"": 163.368707482, ""f"": ""Fade-out""}, {""t"": 167.948344671, ""f"": ""End""}, {""t"": 167.948344671, ""f"": ""Silence""}]","[0.0, 0.0, 8.300090702, 29.619977324, 50.915623582, 72.355918367, 93.764104308, 104.595895691, 126.035986394, 158.093333333, 158.093333333, 167.947369614, 167.947369614]","[{""t"": 0.0, ""f"": ""Intro""}, {""t"": 0.0, ""f"": ""Silence""}, {""t"": 8.300090702, ""f"": ""Verse""}, {""t"": 29.619977324, ""f"": ""Chorus""}, {""t"": 50.915623582, ""f"": ""Verse""}, {""t"": 72.355918367, ""f"": ""Chorus""}, {""t"": 93.764104308, ""f"": ""Instrumental""}, {""t"": 104.595895691, ""f"": ""Verse""}, {""t"": 126.035986394, ""f"": ""Chorus""}, {""t"": 158.093333333, ""f"": ""Fade-out""}, {""t"": 158.093333333, ""f"": ""Outro""}, {""t"": 167.947369614, ""f"": ""End""}, {""t"": 167.947369614, ""f"": ""Silence""}]",spectrograms/mel/619_Wilson_Pickett_You_Can__t_Stand_Alone.png,spectrograms/linear/619_Wilson_Pickett_You_Can__t_Stand_Alone.png,spectrograms/matrices/619_Wilson_Pickett_You_Can__t_Stand_Alone.npy
623,Love Is Plentiful,The Staple Singers,"[0.0, 0.232653061, 24.298684807, 56.49063492, 80.348752834, 112.306802721, 144.338412698, 148.627641723, 152.843310657]","[{""t"": 0.0, ""f"": ""Silence""}, {""t"": 0.232653061, ""f"": ""Intro""}, {""t"": 24.298684807, ""f"": ""Verse""}, {""t"": 56.49063492, ""f"": ""Interlude""}, {""t"": 80.348752834, ""f"": ""Verse""}, {""t"": 112.306802721, ""f"": ""Coda""}, {""t"": 144.338412698, ""f"": ""Fade-out""}, {""t"": 148.627641723, ""f"": ""Silence""}, {""t"": 152.843310657, ""f"": ""End""}]","[0.0, 0.0, 8.30510204, 24.367029478, 40.551995464, 56.453219954, 64.457619047, 80.470113378, 96.445124716, 96.445124716, 136.382154195, 150.077165532, 152.861927437]","[{""t"": 0.0, ""f"": ""Intro""}, {""t"": 0.0, ""f"": ""Silence""}, {""t"": 8.30510204, ""f"": ""Intro""}, {""t"": 24.367029478, ""f"": ""Verse""}, {""t"": 40.551995464, ""f"": ""Chorus""}, {""t"": 56.453219954, ""f"": ""Transition""}, {""t"": 64.457619047, ""f"": ""Interlude""}, {""t"": 80.470113378, ""f"": ""Verse""}, {""t"": 96.445124716, ""f"": ""Chorus""}, {""t"": 96.445124716, ""f"": ""Outro""}, {""t"": 136.382154195, ""f"": ""Fade-out""}, {""t"": 150.077165532, ""f"": ""Silence""}, {""t"": 152.861927437, ""f"": ""End""}]",spectrograms/mel/623_The_Staple_Singers_Love_Is_Plentiful.png,spectrograms/linear/623_The_Staple_Singers_Love_Is_Plentiful.png,spectrograms/matrices/623_The_Staple_Singers_Love_Is_Plentiful.npy
627,Try Matty  s,Aretha Franklin,"[0.0, 0.139319727, 10.170340136, 37.729160997, 64.930090702, 91.881224489, 114.481632653, 141.32893424, 148.073650793, 148.122539682]","[{""t"": 0.0, ""f"": ""Silence""}, {""t"": 0.139319727, ""f"": ""Intro""}, {""t"": 10.170340136, ""f"": ""Verse""}, {""t"": 37.729160997, ""f"": ""Verse""}, {""t"": 64.930090702, ""f"": ""Solo""}, {""t"": 91.881224489, ""f"": ""Chorus""}, {""t"": 114.481632653, ""f"": ""Outro""}, {""t"": 141.32893424, ""f"": ""Fade-out""}, {""t"": 148.073650793, ""f"": ""Silence""}, {""t"": 148.122539682, ""f"": ""End""}]","[0.0, 0.116099773, 10.370680272, 37.641383219, 64.85095238, 91.86324263, 114.489274376, 141.30478458, 148.12063492]","[{""t"": 0.0, ""f"": ""Silence""}, {""t"": 0.116099773, ""f"": ""Intro""}, {""t"": 10.370680272, ""f"": ""Verse""}, {""t"": 37.641383219, ""f"": ""Verse""}, {""t"": 64.85095238, ""f"": ""Solo""}, {""t"": 91.86324263, ""f"": ""no_function""}, {""t"": 114.489274376, ""f"": ""Outro""}, {""t"": 141.30478458, ""f"": ""Fade-out""}, {""t"": 148.12063492, ""f"": ""End""}]",spectrograms/mel/627_Aretha_Franklin_Try_Matty__s.png,spectrograms/linear/627_Aretha_Franklin_Try_Matty__s.png,spectrograms/matrices/627_Aretha_Franklin_Try_Matty__s.npy
631,Ride Natty Ride,Bob Marley,"[0.0, 0.685714285, 13.776621315, 37.036848072, 52.436893424, 67.823673469, 102.391791383, 140.486621315, 148.119659863, 167.267301587, 174.899206349, 193.965306122, 216.942721088, 231.449501133, 231.511564625]","[{""t"": 0.0, ""f"": ""Silence""}, {""t"": 0.685714285, ""f"": ""Intro""}, {""t"": 13.776621315, ""f"": ""Verse""}, {""t"": 37.036848072, ""f"": ""Pre-Chorus""}, {""t"": 52.436893424, ""f"": ""Chorus""}, {""t"": 67.823673469, ""f"": ""Verse""}, {""t"": 102.391791383, ""f"": ""Bridge""}, {""t"": 140.486621315, ""f"": ""Chorus""}, {""t"": 148.119659863, ""f"": ""Verse""}, {""t"": 167.267301587, ""f"": ""Chorus""}, {""t"": 174.899206349, ""f"": ""Verse""}, {""t"": 193.965306122, ""f"": ""Chorus""}, {""t"": 216.942721088, ""f"": ""Fade-out""}, {""t"": 231.449501133, ""f"": ""Silence""}, {""t"": 231.511564625, ""f"": ""End""}]","[0.0, 0.617369614, 6.013968253, 13.862789115, 37.045170068, 52.406122448, 67.836553287, 102.370249433, 117.641405895, 140.48648526, 148.187936507, 167.243582766, 174.901133786, 193.959433106, 216.90648526, 231.465328798, 231.537687074]","[{""t"": 0.0, ""f"": ""Silence""}, {""t"": 0.617369614, ""f"": ""Intro""}, {""t"": 6.013968253, ""f"": ""Pre-Verse""}, {""t"": 13.862789115, ""f"": ""Verse""}, {""t"": 37.045170068, ""f"": ""Pre-Chorus""}, {""t"": 52.406122448, ""f"": ""Chorus""}, {""t"": 67.836553287, ""f"": ""Verse""}, {""t"": 102.370249433, ""f"": ""Bridge""}, {""t"": 117.641405895, ""f"": ""Transition""}, {""t"": 140.48648526, ""f"": ""Chorus""}, {""t"": 148.187936507, ""f"": ""Verse""}, {""t"": 167.243582766, ""f"": ""Chorus""}, {""t"": 174.901133786, ""f"": ""Verse""}, {""t"": 193.959433106, ""f"": ""Chorus""}, {""t"": 216.90648526, ""f"": ""Outro""}, {""t"": 231.465328798, ""f"": ""Silence""}, {""t"": 231.537687074, ""f"": ""End""}]",spectrograms/mel/631_Bob_Marley_Ride_Natty_Ride.png,spectrograms/linear/631_Bob_Marley_Ride_Natty_Ride.png,spectrograms/matrices/631_Bob_Marley_Ride_Natty_Ride.npy
635,Johnny Too Bad,The Slickers,"[0.0, 1.716235827, 13.439342403, 36.658367346, 48.247256235, 71.431428571, 82.975306122, 106.215328798, 129.4723356, 141.085532879, 164.294285714, 164.294285714, 170.166598639, 182.045578231, 185.888049886]","[{""t"": 0.0, ""f"": ""Silence""}, {""t"": 1.716235827, ""f"": ""Intro""}, {""t"": 13.439342403, ""f"": ""Verse""}, {""t"": 36.658367346, ""f"": ""Chorus""}, {""t"": 48.247256235, ""f"": ""Verse""}, {""t"": 71.431428571, ""f"": ""Chorus""}, {""t"": 82.975306122, ""f"": ""Solo""}, {""t"": 106.215328798, ""f"": ""Verse""}, {""t"": 129.4723356, ""f"": ""Chorus""}, {""t"": 141.085532879, ""f"": ""Verse""}, {""t"": 164.294285714, ""f"": ""Chorus""}, {""t"": 164.294285714, ""f"": ""Outro""}, {""t"": 170.166598639, ""f"": ""Fade-out""}, {""t"": 182.045578231, ""f"": ""Silence""}, {""t"": 185.888049886, ""f"": ""End""}]","[0.0, 0.278639455, 1.605759637, 13.395442176, 36.689659863, 48.198843537, 71.344535147, 83.057664399, 106.160657596, 129.408321995, 141.031405895, 164.379818594, 180.777256235, 185.899841269]","[{""t"": 0.0, ""f"": ""silence""}, {""t"": 0.278639455, ""f"": ""Silence""}, {""t"": 1.605759637, ""f"": ""Intro""}, {""t"": 13.395442176, ""f"": ""Verse""}, {""t"": 36.689659863, ""f"": ""Chorus""}, {""t"": 48.198843537, ""f"": ""Verse""}, {""t"": 71.344535147, ""f"": ""Chorus""}, {""t"": 83.057664399, ""f"": ""Solo""}, {""t"": 106.160657596, ""f"": ""Verse""}, {""t"": 129.408321995, ""f"": ""Chorus""}, {""t"": 141.031405895, ""f"": ""Verse""}, {""t"": 164.379818594, ""f"": ""Outro""}, {""t"": 180.777256235, ""f"": ""Silence""}, {""t"": 185.899841269, ""f"": ""End""}]",spectrograms/mel/635_The_Slickers_Johnny_Too_Bad.png,spectrograms/linear/635_The_Slickers_Johnny_Too_Bad.png,spectrograms/matrices/635_The_Slickers_Johnny_Too_Bad.npy
639,Young Gifted and Black,Bob & Marcia,"[0.0, 0.01632653, 4.643990929, 22.990748299, 31.47356009, 39.870294784, 56.821269841, 65.286394557, 77.893424036, 94.785714285, 103.176734693, 115.773492063, 132.733356009, 141.023469387, 149.382244897, 166.119297052, 174.573446712, 182.950022675, 188.604081632, 188.618004535]","[{""t"": 0.0, ""f"": ""Silence""}, {""t"": 0.01632653, ""f"": ""Intro""}, {""t"": 4.643990929, ""f"": ""Verse""}, {""t"": 22.990748299, ""f"": ""Pre-Chorus""}, {""t"": 31.47356009, ""f"": ""Chorus""}, {""t"": 39.870294784, ""f"": ""Verse""}, {""t"": 56.821269841, ""f"": ""Pre-Chorus""}, {""t"": 65.286394557, ""f"": ""Chorus""}, {""t"": 77.893424036, ""f"": ""Verse""}, {""t"": 94.785714285, ""f"": ""Pre-Chorus""}, {""t"": 103.176734693, ""f"": ""Chorus""}, {""t"": 115.773492063, ""f"": ""Verse""}, {""t"": 132.733356009, ""f"": ""Pre-Chorus""}, {""t"": 141.023469387, ""f"": ""Chorus""}, {""t"": 149.382244897, ""f"": ""Verse""}, {""t"": 166.119297052, ""f"": ""Pre-Chorus""}, {""t"": 174.573446712, ""f"": ""Chorus""}, {""t"": 182.950022675, ""f"": ""Fade-out""}, {""t"": 188.604081632, ""f"": ""Silence""}, {""t"": 188.618004535, ""f"": ""End""}]","[0.0, 0.017414965, 5.370408163, 10.086530612, 14.358412698, 18.653650793, 22.990249433, 27.22217687, 31.487528344, 35.704376417, 39.899229024, 44.184603174, 48.430408163, 52.670272108, 56.866462585, 61.110884353, 65.307256235, 69.471655328, 77.862380952, 82.103582766, 82.103582766, 86.343265306, 90.588004535, 94.987800453, 99.139138321, 103.238299319, 107.438639455, 115.782380952, 120.086394557, 124.27031746, 128.502290249, 132.71356009, 136.953469387, 141.078548752, 145.219795918, 149.335306122, 153.586961451, 153.586961451, 157.758276643, 161.982630385, 166.111247165, 170.414421768, 174.542358276, 178.750272108, 182.951428571, 182.951428571, 188.608163265, 188.61956916]","[{""t"": 0.0, ""f"": ""Silence""}, {""t"": 0.017414965, ""f"": ""Intro""}, {""t"": 5.370408163, ""f"": ""no_function""}, {""t"": 10.086530612, ""f"": ""Verse""}, {""t"": 14.358412698, ""f"": ""no_function""}, {""t"": 18.653650793, ""f"": ""no_function""}, {""t"": 22.990249433, ""f"": ""voice""}, {""t"": 27.22217687, ""f"": ""male""}, {""t"": 31.487528344, ""f"": ""no_function""}, {""t"": 35.704376417, ""f"": ""Transition""}, {""t"": 39.899229024, ""f"": ""no_function""}, {""t"": 44.184603174, ""f"": ""Verse""}, {""t"": 48.430408163, ""f"": ""no_function""}, {""t"": 52.670272108, ""f"": ""no_function""}, {""t"": 56.866462585, ""f"": ""voice""}, {""t"": 61.110884353, ""f"": ""male""}, {""t"": 65.307256235, ""f"": ""no_function""}, {""t"": 69.471655328, ""f"": ""Transition""}, {""t"": 77.862380952, ""f"": ""voice""}, {""t"": 82.103582766, ""f"": ""Verse""}, {""t"": 82.103582766, ""f"": ""female""}, {""t"": 86.343265306, ""f"": ""no_function""}, {""t"": 90.588004535, ""f"": ""no_function""}, {""t"": 94.987800453, ""f"": ""voice""}, {""t"": 99.139138321, ""f"": ""male""}, {""t"": 103.238299319, ""f"": ""no_function""}, {""t"": 107.438639455, ""f"": ""Transition""}, {""t"": 115.782380952, ""f"": ""no_function""}, {""t"": 120.086394557, ""f"": ""Verse""}, {""t"": 124.27031746, ""f"": ""no_function""}, {""t"": 128.502290249, ""f"": ""no_function""}, {""t"": 132.71356009, ""f"": ""voice""}, {""t"": 136.953469387, ""f"": ""male""}, {""t"": 141.078548752, ""f"": ""no_function""}, {""t"": 145.219795918, ""f"": ""Transition""}, {""t"": 149.335306122, ""f"": ""voice""}, {""t"": 153.586961451, ""f"": ""Verse""}, {""t"": 153.586961451, ""f"": ""female""}, {""t"": 157.758276643, ""f"": ""no_function""}, {""t"": 161.982630385, ""f"": ""no_function""}, {""t"": 166.111247165, ""f"": ""voice""}, {""t"": 170.414421768, ""f"": ""male""}, {""t"": 174.542358276, ""f"": ""vocals""}, {""t"": 178.750272108, ""f"": ""Coda""}, {""t"": 182.951428571, ""f"": ""Fade-out""}, {""t"": 182.951428571, ""f"": ""backing""}, {""t"": 188.608163265, ""f"": ""Silence""}, {""t"": 188.61956916, ""f"": ""End""}]",spectrograms/mel/639_Bob_&_Marcia_Young_Gifted_and_Black.png,spectrograms/linear/639_Bob_&_Marcia_Young_Gifted_and_Black.png,spectrograms/matrices/639_Bob_&_Marcia_Young_Gifted_and_Black.npy
643,Two Sevens Clash,Culture,"[0.0, 0.0, 18.069977324, 32.281473922, 53.684716553, 67.918503401, 82.11755102, 103.581133786, 117.922539682, 132.177369614, 146.506938775, 174.930408163, 196.259727891, 208.96217687]","[{""t"": 0.0, ""f"": ""Intro""}, {""t"": 0.0, ""f"": ""silence""}, {""t"": 18.069977324, ""f"": ""Chorus""}, {""t"": 32.281473922, ""f"": ""Verse""}, {""t"": 53.684716553, ""f"": ""Chorus""}, {""t"": 67.918503401, ""f"": ""Interlude""}, {""t"": 82.11755102, ""f"": ""Verse""}, {""t"": 103.581133786, ""f"": ""Chorus""}, {""t"": 117.922539682, ""f"": ""Verse""}, {""t"": 132.177369614, ""f"": ""Chorus""}, {""t"": 146.506938775, ""f"": ""Verse""}, {""t"": 174.930408163, ""f"": ""Outro""}, {""t"": 196.259727891, ""f"": ""Fade-out""}, {""t"": 208.96217687, ""f"": ""End""}]","[0.0, 0.380589569, 3.993832199, 32.367052154, 53.751156462, 67.989206349, 82.272721088, 103.678730158, 118.041972789, 132.169229024, 146.532312925, 175.129229024, 189.233356009, 208.984331065]","[{""t"": 0.0, ""f"": ""silence""}, {""t"": 0.380589569, ""f"": ""Intro""}, {""t"": 3.993832199, ""f"": ""Pre-Verse""}, {""t"": 32.367052154, ""f"": ""Verse""}, {""t"": 53.751156462, ""f"": ""Chorus""}, {""t"": 67.989206349, ""f"": ""Transition""}, {""t"": 82.272721088, ""f"": ""Verse""}, {""t"": 103.678730158, ""f"": ""Chorus""}, {""t"": 118.041972789, ""f"": ""Verse""}, {""t"": 132.169229024, ""f"": ""Chorus""}, {""t"": 146.532312925, ""f"": ""Verse""}, {""t"": 175.129229024, ""f"": ""Chorus""}, {""t"": 189.233356009, ""f"": ""Outro""}, {""t"": 208.984331065, ""f"": ""End""}]",spectrograms/mel/643_Culture_Two_Sevens_Clash.png,spectrograms/linear/643_Culture_Two_Sevens_Clash.png,spectrograms/matrices/643_Culture_Two_Sevens_Clash.npy
647,Plateau,Nirvana,"[0.0, 0.047891156, 10.553469387, 21.32585034, 32.411609977, 45.139591836, 56.683469387, 68.139047619, 80.997006802, 92.718707482, 104.24510204, 115.763038548, 133.075827664, 218.139863945, 218.178820861]","[{""t"": 0.0, ""f"": ""Silence""}, {""t"": 0.047891156, ""f"": ""Intro""}, {""t"": 10.553469387, ""f"": ""no_function""}, {""t"": 21.32585034, ""f"": ""Verse""}, {""t"": 32.411609977, ""f"": ""no_function""}, {""t"": 45.139591836, ""f"": ""Chorus""}, {""t"": 56.683469387, ""f"": ""Interlude""}, {""t"": 68.139047619, ""f"": ""Verse""}, {""t"": 80.997006802, ""f"": ""Chorus""}, {""t"": 92.718707482, ""f"": ""Interlude""}, {""t"": 104.24510204, ""f"": ""Verse""}, {""t"": 115.763038548, ""f"": ""no_function""}, {""t"": 133.075827664, ""f"": ""Outro""}, {""t"": 218.139863945, ""f"": ""Silence""}, {""t"": 218.178820861, ""f"": ""End""}]","[0.0, 0.040816326, 10.527596371, 21.311564625, 43.751519274, 56.563809523, 68.151746031, 79.631496598, 92.775873015, 104.35941043, 127.359342403, 133.031451247, 177.02893424, 178.700770975, 218.179047619, 218.179047619]","[{""t"": 0.0, ""f"": ""Silence""}, {""t"": 0.040816326, ""f"": ""Intro""}, {""t"": 10.527596371, ""f"": ""Intro""}, {""t"": 21.311564625, ""f"": ""Verse""}, {""t"": 43.751519274, ""f"": ""Chorus""}, {""t"": 56.563809523, ""f"": ""Instrumental""}, {""t"": 68.151746031, ""f"": ""Verse""}, {""t"": 79.631496598, ""f"": ""Chorus""}, {""t"": 92.775873015, ""f"": ""Instrumental""}, {""t"": 104.35941043, ""f"": ""Verse""}, {""t"": 127.359342403, ""f"": ""Instrumental""}, {""t"": 133.031451247, ""f"": ""Instrumental""}, {""t"": 177.02893424, ""f"": ""Outro""}, {""t"": 178.700770975, ""f"": ""no_function""}, {""t"": 218.179047619, ""f"": ""End""}, {""t"": 218.179047619, ""f"": ""Silence""}]",spectrograms/mel/647_Nirvana_Plateau.png,spectrograms/linear/647_Nirvana_Plateau.png,spectrograms/matrices/647_Nirvana_Plateau.npy
651,Obsequey   The Death Of Art,Marilyn Manson,"[0.0, 0.02095238, 4.751020408, 4.751020408, 91.721043083, 95.278571428]","[{""t"": 0.0, ""f"": ""Silence""}, {""t"": 0.02095238, ""f"": ""no_function""}, {""t"": 4.751020408, ""f"": ""Main_Theme""}, {""t"": 4.751020408, ""f"": ""Theme""}, {""t"": 91.721043083, ""f"": ""Silence""}, {""t"": 95.278571428, ""f"": ""End""}]","[0.0, 4.679274376, 24.532993197, 44.359002267, 64.126371882, 92.708435374, 95.254172335]","[{""t"": 0.0, ""f"": ""Silence""}, {""t"": 4.679274376, ""f"": ""no_function""}, {""t"": 24.532993197, ""f"": ""no_function""}, {""t"": 44.359002267, ""f"": ""no_function""}, {""t"": 64.126371882, ""f"": ""no_function""}, {""t"": 92.708435374, ""f"": ""Silence""}, {""t"": 95.254172335, ""f"": ""End""}]",spectrograms/mel/651_Marilyn_Manson_Obsequey___The_Death_Of_Art.png,spectrograms/linear/651_Marilyn_Manson_Obsequey___The_Death_Of_Art.png,spectrograms/matrices/651_Marilyn_Manson_Obsequey___The_Death_Of_Art.npy
655,Smile,Pearl Jam,"[0.0, 0.116099773, 12.355351473, 24.635623582, 49.265306122, 61.65478458, 86.366621315, 98.748662131, 111.124897959, 123.448730158, 147.986349206, 160.252743764, 160.252743764, 172.582312925, 184.679909297, 215.356371882, 230.150385487, 230.167823129]","[{""t"": 0.0, ""f"": ""Silence""}, {""t"": 0.116099773, ""f"": ""Intro""}, {""t"": 12.355351473, ""f"": ""Pre-Verse""}, {""t"": 24.635623582, ""f"": ""Verse""}, {""t"": 49.265306122, ""f"": ""Pre-Verse""}, {""t"": 61.65478458, ""f"": ""Verse""}, {""t"": 86.366621315, ""f"": ""Chorus""}, {""t"": 98.748662131, ""f"": ""Chorus""}, {""t"": 111.124897959, ""f"": ""Pre-Verse""}, {""t"": 123.448730158, ""f"": ""Solo""}, {""t"": 147.986349206, ""f"": ""Chorus""}, {""t"": 160.252743764, ""f"": ""Chorus""}, {""t"": 160.252743764, ""f"": ""Chorus""}, {""t"": 172.582312925, ""f"": ""Transition""}, {""t"": 184.679909297, ""f"": ""Outro""}, {""t"": 215.356371882, ""f"": ""Fade-out""}, {""t"": 230.150385487, ""f"": ""Silence""}, {""t"": 230.167823129, ""f"": ""End""}]","[0.0, 0.113197278, 12.39510204, 24.656394557, 49.243673469, 61.763446712, 86.429863945, 111.138140589, 147.906734693, 172.61861678, 184.744240362, 230.188299319]","[{""t"": 0.0, ""f"": ""Silence""}, {""t"": 0.113197278, ""f"": ""Intro""}, {""t"": 12.39510204, ""f"": ""Intro""}, {""t"": 24.656394557, ""f"": ""Verse""}, {""t"": 49.243673469, ""f"": ""Interlude""}, {""t"": 61.763446712, ""f"": ""no_function""}, {""t"": 86.429863945, ""f"": ""Chorus""}, {""t"": 111.138140589, ""f"": ""post-chorus""}, {""t"": 147.906734693, ""f"": ""Chorus""}, {""t"": 172.61861678, ""f"": ""post-chorus""}, {""t"": 184.744240362, ""f"": ""Outro""}, {""t"": 230.188299319, ""f"": ""End""}]",spectrograms/mel/655_Pearl_Jam_Smile.png,spectrograms/linear/655_Pearl_Jam_Smile.png,spectrograms/matrices/655_Pearl_Jam_Smile.npy
663,Shakin   All Over,Flamin' Groovies,"[0.0, 0.394739229, 2.147936507, 8.747278911, 22.068594104, 38.879365079, 45.540362811, 58.879183673, 77.335578231, 97.695487528, 117.784353741, 136.361224489, 339.065827664, 365.322448979, 365.322448979]","[{""t"": 0.0, ""f"": ""Silence""}, {""t"": 0.394739229, ""f"": ""Intro""}, {""t"": 2.147936507, ""f"": ""Intro""}, {""t"": 8.747278911, ""f"": ""Verse""}, {""t"": 22.068594104, ""f"": ""Chorus""}, {""t"": 38.879365079, ""f"": ""Interlude""}, {""t"": 45.540362811, ""f"": ""Verse""}, {""t"": 58.879183673, ""f"": ""Chorus""}, {""t"": 77.335578231, ""f"": ""Solo""}, {""t"": 97.695487528, ""f"": ""Solo""}, {""t"": 117.784353741, ""f"": ""Chorus""}, {""t"": 136.361224489, ""f"": ""Interlude""}, {""t"": 339.065827664, ""f"": ""Chorus""}, {""t"": 365.322448979, ""f"": ""End""}, {""t"": 365.322448979, ""f"": ""Silence""}]","[0.0, 0.411201814, 2.058639455, 8.664648526, 22.035736961, 38.846984126, 45.621519274, 58.905351473, 77.451451247, 97.685396825, 117.804965986, 136.419342403, 339.028163265, 357.111496598, 365.040907029, 365.327120181]","[{""t"": 0.0, ""f"": ""Silence""}, {""t"": 0.411201814, ""f"": ""Intro""}, {""t"": 2.058639455, ""f"": ""Pre-Verse""}, {""t"": 8.664648526, ""f"": ""Verse""}, {""t"": 22.035736961, ""f"": ""Chorus""}, {""t"": 38.846984126, ""f"": ""Transition""}, {""t"": 45.621519274, ""f"": ""Verse""}, {""t"": 58.905351473, ""f"": ""Chorus""}, {""t"": 77.451451247, ""f"": ""Solo""}, {""t"": 97.685396825, ""f"": ""no_function""}, {""t"": 117.804965986, ""f"": ""Chorus""}, {""t"": 136.419342403, ""f"": ""Solo""}, {""t"": 339.028163265, ""f"": ""Chorus""}, {""t"": 357.111496598, ""f"": ""Outro""}, {""t"": 365.040907029, ""f"": ""Silence""}, {""t"": 365.327120181, ""f"": ""End""}]",spectrograms/mel/663_Flamin'_Groovies_Shakin___All_Over.png,spectrograms/linear/663_Flamin'_Groovies_Shakin___All_Over.png,spectrograms/matrices/663_Flamin'_Groovies_Shakin___All_Over.npy
667,Take It Back,Cream,"[0.0, 0.296054421, 7.952834467, 25.768344671, 41.69723356, 69.33478458, 85.294716553, 95.163764172, 113.063764172, 128.981043083, 156.7192517, 172.678752834, 186.055691609, 188.388843537]","[{""t"": 0.0, ""f"": ""Silence""}, {""t"": 0.296054421, ""f"": ""Intro""}, {""t"": 7.952834467, ""f"": ""Chorus""}, {""t"": 25.768344671, ""f"": ""Verse""}, {""t"": 41.69723356, ""f"": ""Chorus""}, {""t"": 69.33478458, ""f"": ""Verse""}, {""t"": 85.294716553, ""f"": ""Chorus""}, {""t"": 95.163764172, ""f"": ""Solo""}, {""t"": 113.063764172, ""f"": ""Verse""}, {""t"": 128.981043083, ""f"": ""Chorus""}, {""t"": 156.7192517, ""f"": ""Verse""}, {""t"": 172.678752834, ""f"": ""Outro""}, {""t"": 186.055691609, ""f"": ""Silence""}, {""t"": 188.388843537, ""f"": ""End""}]","[0.0, 0.228571428, 8.001836734, 51.620294784, 95.21031746, 138.945963718, 185.011655328, 188.375646258]","[{""t"": 0.0, ""f"": ""Silence""}, {""t"": 0.228571428, ""f"": ""Intro""}, {""t"": 8.001836734, ""f"": ""Verse""}, {""t"": 51.620294784, ""f"": ""Verse""}, {""t"": 95.21031746, ""f"": ""Solo""}, {""t"": 138.945963718, ""f"": ""Verse""}, {""t"": 185.011655328, ""f"": ""Silence""}, {""t"": 188.375646258, ""f"": ""End""}]",spectrograms/mel/667_Cream_Take_It_Back.png,spectrograms/linear/667_Cream_Take_It_Back.png,spectrograms/matrices/667_Cream_Take_It_Back.npy
671,Hesitation Blues,Janis Joplin,"[0.0, 9.52632653, 39.948979591, 69.553696145, 98.5361678, 127.319591836, 156.365487528, 185.216961451, 213.209024943, 242.884603174, 245.345578231]","[{""t"": 0.0, ""f"": ""silence""}, {""t"": 9.52632653, ""f"": ""Intro""}, {""t"": 39.948979591, ""f"": ""Verse""}, {""t"": 69.553696145, ""f"": ""Verse""}, {""t"": 98.5361678, ""f"": ""Bridge""}, {""t"": 127.319591836, ""f"": ""Verse""}, {""t"": 156.365487528, ""f"": ""Verse""}, {""t"": 185.216961451, ""f"": ""Solo""}, {""t"": 213.209024943, ""f"": ""Verse""}, {""t"": 242.884603174, ""f"": ""Silence""}, {""t"": 245.345578231, ""f"": ""End""}]","[0.0, 0.340113378, 9.822040816, 39.904081632, 69.450884353, 98.607210884, 127.334988662, 156.323424036, 185.2223356, 213.077120181, 232.180181405, 242.940748299, 245.369705215]","[{""t"": 0.0, ""f"": ""Silence""}, {""t"": 0.340113378, ""f"": ""no_function""}, {""t"": 9.822040816, ""f"": ""Intro""}, {""t"": 39.904081632, ""f"": ""Verse""}, {""t"": 69.450884353, ""f"": ""Verse""}, {""t"": 98.607210884, ""f"": ""Solo""}, {""t"": 127.334988662, ""f"": ""Verse""}, {""t"": 156.323424036, ""f"": ""Verse""}, {""t"": 185.2223356, ""f"": ""Solo""}, {""t"": 213.077120181, ""f"": ""Verse""}, {""t"": 232.180181405, ""f"": ""Outro""}, {""t"": 242.940748299, ""f"": ""Silence""}, {""t"": 245.369705215, ""f"": ""End""}]",spectrograms/mel/671_Janis_Joplin_Hesitation_Blues.png,spectrograms/linear/671_Janis_Joplin_Hesitation_Blues.png,spectrograms/matrices/671_Janis_Joplin_Hesitation_Blues.npy
675,Little Umbrellas,Frank Zappa,"[0.0, 0.534058956, 8.35292517, 37.087959183, 65.800997732, 80.197777777, 136.92723356, 151.082766439, 181.998571428]","[{""t"": 0.0, ""f"": ""Silence""}, {""t"": 0.534058956, ""f"": ""Intro""}, {""t"": 8.35292517, ""f"": ""Chorus""}, {""t"": 37.087959183, ""f"": ""Chorus""}, {""t"": 65.800997732, ""f"": ""Transition""}, {""t"": 80.197777777, ""f"": ""Bridge""}, {""t"": 136.92723356, ""f"": ""Transition""}, {""t"": 151.082766439, ""f"": ""Chorus""}, {""t"": 181.998571428, ""f"": ""End""}]","[0.0, 0.534058956, 22.748866213, 37.101292517, 51.453197278, 65.837006802, 80.23201814, 94.581065759, 108.733015873, 122.909070294, 136.964716553, 151.109138321, 165.060975056, 175.597573696, 181.98185941, 182.031405895]","[{""t"": 0.0, ""f"": ""Silence""}, {""t"": 0.534058956, ""f"": ""no_function""}, {""t"": 22.748866213, ""f"": ""Secondary_Theme""}, {""t"": 37.101292517, ""f"": ""Main_Theme""}, {""t"": 51.453197278, ""f"": ""Secondary_Theme""}, {""t"": 65.837006802, ""f"": ""no_function""}, {""t"": 80.23201814, ""f"": ""no_function""}, {""t"": 94.581065759, ""f"": ""no_function""}, {""t"": 108.733015873, ""f"": ""no_function""}, {""t"": 122.909070294, ""f"": ""no_function""}, {""t"": 136.964716553, ""f"": ""no_function""}, {""t"": 151.109138321, ""f"": ""Main_Theme""}, {""t"": 165.060975056, ""f"": ""Secondary_Theme""}, {""t"": 175.597573696, ""f"": ""Outro""}, {""t"": 181.98185941, ""f"": ""Silence""}, {""t"": 182.031405895, ""f"": ""End""}]",spectrograms/mel/675_Frank_Zappa_Little_Umbrellas.png,spectrograms/linear/675_Frank_Zappa_Little_Umbrellas.png,spectrograms/matrices/675_Frank_Zappa_Little_Umbrellas.npy
683,I  d Die For You,Bon Jovi,"[0.0, 0.185759637, 28.862403628, 57.788662131, 72.173424036, 101.05324263, 130.015510204, 144.489863945, 173.255691609, 201.70941043, 230.498684807, 259.215963718, 269.255759637, 270.605034013]","[{""t"": 0.0, ""f"": ""Silence""}, {""t"": 0.185759637, ""f"": ""Intro""}, {""t"": 28.862403628, ""f"": ""Verse""}, {""t"": 57.788662131, ""f"": ""Pre-Chorus""}, {""t"": 72.173424036, ""f"": ""Chorus""}, {""t"": 101.05324263, ""f"": ""Verse""}, {""t"": 130.015510204, ""f"": ""Pre-Chorus""}, {""t"": 144.489863945, ""f"": ""Chorus""}, {""t"": 173.255691609, ""f"": ""Solo""}, {""t"": 201.70941043, ""f"": ""Chorus""}, {""t"": 230.498684807, ""f"": ""Outro""}, {""t"": 259.215963718, ""f"": ""Fade-out""}, {""t"": 269.255759637, ""f"": ""Silence""}, {""t"": 270.605034013, ""f"": ""End""}]","[0.0, 0.195918367, 28.969614512, 57.853446712, 72.58941043, 101.238185941, 130.082131519, 144.554603174, 173.611224489, 201.756122448, 270.657052154]","[{""t"": 0.0, ""f"": ""Silence""}, {""t"": 0.195918367, ""f"": ""Intro""}, {""t"": 28.969614512, ""f"": ""Verse""}, {""t"": 57.853446712, ""f"": ""Pre-Chorus""}, {""t"": 72.58941043, ""f"": ""Chorus""}, {""t"": 101.238185941, ""f"": ""Verse""}, {""t"": 130.082131519, ""f"": ""Pre-Chorus""}, {""t"": 144.554603174, ""f"": ""Chorus""}, {""t"": 173.611224489, ""f"": ""Solo""}, {""t"": 201.756122448, ""f"": ""Chorus""}, {""t"": 270.657052154, ""f"": ""End""}]",spectrograms/mel/683_Bon_Jovi_I__d_Die_For_You.png,spectrograms/linear/683_Bon_Jovi_I__d_Die_For_You.png,spectrograms/matrices/683_Bon_Jovi_I__d_Die_For_You.npy
687,More Human Than Human,White Zombie,"[0.0, 0.417959183, 38.366689342, 57.325736961, 66.789750566, 85.774353741, 95.178594104, 114.091247165, 133.033219954, 151.933696145, 161.293673469, 180.279727891, 199.216780045, 208.59786848, 218.080839002, 237.021655328, 255.855487528, 268.31, 270.904557823]","[{""t"": 0.0, ""f"": ""Silence""}, {""t"": 0.417959183, ""f"": ""Intro""}, {""t"": 38.366689342, ""f"": ""Intro""}, {""t"": 57.325736961, ""f"": ""Pre-Verse""}, {""t"": 66.789750566, ""f"": ""Verse""}, {""t"": 85.774353741, ""f"": ""Pre-Chorus""}, {""t"": 95.178594104, ""f"": ""Chorus""}, {""t"": 114.091247165, ""f"": ""Pre-Verse""}, {""t"": 133.033219954, ""f"": ""Verse""}, {""t"": 151.933696145, ""f"": ""Pre-Chorus""}, {""t"": 161.293673469, ""f"": ""Chorus""}, {""t"": 180.279727891, ""f"": ""Pre-Verse""}, {""t"": 199.216780045, ""f"": ""Pre-Verse""}, {""t"": 208.59786848, ""f"": ""Verse""}, {""t"": 218.080839002, ""f"": ""Chorus""}, {""t"": 237.021655328, ""f"": ""Outro""}, {""t"": 255.855487528, ""f"": ""Fade-out""}, {""t"": 268.31, ""f"": ""Silence""}, {""t"": 270.904557823, ""f"": ""End""}]","[0.0, 0.458208616, 38.326689342, 66.865941043, 114.117256235, 133.008480725, 180.256417233, 199.153219954, 208.628208616, 255.884399092, 267.251088435, 270.922154195]","[{""t"": 0.0, ""f"": ""Silence""}, {""t"": 0.458208616, ""f"": ""Intro""}, {""t"": 38.326689342, ""f"": ""Pre-Verse""}, {""t"": 66.865941043, ""f"": ""Verse""}, {""t"": 114.117256235, ""f"": ""Transition""}, {""t"": 133.008480725, ""f"": ""Verse""}, {""t"": 180.256417233, ""f"": ""Transition""}, {""t"": 199.153219954, ""f"": ""Transition""}, {""t"": 208.628208616, ""f"": ""Verse""}, {""t"": 255.884399092, ""f"": ""Outro""}, {""t"": 267.251088435, ""f"": ""Silence""}, {""t"": 270.922154195, ""f"": ""End""}]",spectrograms/mel/687_White_Zombie_More_Human_Than_Human.png,spectrograms/linear/687_White_Zombie_More_Human_Than_Human.png,spectrograms/matrices/687_White_Zombie_More_Human_Than_Human.npy
691,Hands of Death   Burn Baby Burn,Rob Zombie and Alice Cooper,"[0.0, 0.30185941, 4.723537414, 22.723764172, 58.733537414, 76.643741496, 94.708163265, 112.747596371, 130.715714285, 148.763809523, 176.895963718, 194.904195011, 212.785238095, 230.848344671, 251.193469387, 252.79510204]","[{""t"": 0.0, ""f"": ""Silence""}, {""t"": 0.30185941, ""f"": ""no_function""}, {""t"": 4.723537414, ""f"": ""Intro""}, {""t"": 22.723764172, ""f"": ""Intro""}, {""t"": 58.733537414, ""f"": ""Verse""}, {""t"": 76.643741496, ""f"": ""Chorus""}, {""t"": 94.708163265, ""f"": ""Verse""}, {""t"": 112.747596371, ""f"": ""Chorus""}, {""t"": 130.715714285, ""f"": ""Chorus""}, {""t"": 148.763809523, ""f"": ""Interlude""}, {""t"": 176.895963718, ""f"": ""Interlude""}, {""t"": 194.904195011, ""f"": ""Verse""}, {""t"": 212.785238095, ""f"": ""Chorus""}, {""t"": 230.848344671, ""f"": ""Chorus""}, {""t"": 251.193469387, ""f"": ""Silence""}, {""t"": 252.79510204, ""f"": ""End""}]","[0.0, 0.36185941, 22.770226757, 58.748072562, 76.794875283, 94.73340136, 112.768049886, 130.720861678, 148.817165532, 194.86185941, 212.839523809, 230.90371882, 248.852743764, 251.147029478, 252.80217687]","[{""t"": 0.0, ""f"": ""Silence""}, {""t"": 0.36185941, ""f"": ""Intro""}, {""t"": 22.770226757, ""f"": ""Pre-Verse""}, {""t"": 58.748072562, ""f"": ""Verse""}, {""t"": 76.794875283, ""f"": ""Chorus""}, {""t"": 94.73340136, ""f"": ""Verse""}, {""t"": 112.768049886, ""f"": ""Chorus""}, {""t"": 130.720861678, ""f"": ""Bridge""}, {""t"": 148.817165532, ""f"": ""Transition""}, {""t"": 194.86185941, ""f"": ""Verse""}, {""t"": 212.839523809, ""f"": ""Chorus""}, {""t"": 230.90371882, ""f"": ""Bridge""}, {""t"": 248.852743764, ""f"": ""Outro""}, {""t"": 251.147029478, ""f"": ""Silence""}, {""t"": 252.80217687, ""f"": ""End""}]",spectrograms/mel/691_Rob_Zombie_and_Alice_Cooper_Hands_of_Death___Burn_Baby_Burn.png,spectrograms/linear/691_Rob_Zombie_and_Alice_Cooper_Hands_of_Death___Burn_Baby_Burn.png,spectrograms/matrices/691_Rob_Zombie_and_Alice_Cooper_Hands_of_Death___Burn_Baby_Burn.npy
695,Safeway Cart,Neil Young,"[0.0, 0.221333333, 35.4675, 68.9175, 102.283458333, 130.905, 159.33, 192.1875, 225.116083333, 258.147375, 281.851395833, 314.821, 338.307291666, 366.494541666, 389.0773125, 391.691916666]","[{""t"": 0.0, ""f"": ""Silence""}, {""t"": 0.221333333, ""f"": ""Intro""}, {""t"": 35.4675, ""f"": ""no_function""}, {""t"": 68.9175, ""f"": ""no_function""}, {""t"": 102.283458333, ""f"": ""Solo""}, {""t"": 130.905, ""f"": ""Instrumental""}, {""t"": 159.33, ""f"": ""Verse""}, {""t"": 192.1875, ""f"": ""Verse""}, {""t"": 225.116083333, ""f"": ""Verse""}, {""t"": 258.147375, ""f"": ""Solo""}, {""t"": 281.851395833, ""f"": ""Instrumental""}, {""t"": 314.821, ""f"": ""Verse""}, {""t"": 338.307291666, ""f"": ""Outro""}, {""t"": 366.494541666, ""f"": ""Fade-out""}, {""t"": 389.0773125, ""f"": ""Silence""}, {""t"": 391.691916666, ""f"": ""End""}]","[0.0, 0.225, 35.45275, 68.9726875, 102.277041666, 159.301041666, 192.1849375, 225.109916666, 258.118, 314.822, 347.742104166, 366.438541666, 384.070041666, 391.6926875]","[{""t"": 0.0, ""f"": ""Silence""}, {""t"": 0.225, ""f"": ""Intro""}, {""t"": 35.45275, ""f"": ""Verse""}, {""t"": 68.9726875, ""f"": ""Verse""}, {""t"": 102.277041666, ""f"": ""Interlude""}, {""t"": 159.301041666, ""f"": ""Verse""}, {""t"": 192.1849375, ""f"": ""Verse""}, {""t"": 225.109916666, ""f"": ""Verse""}, {""t"": 258.118, ""f"": ""Interlude""}, {""t"": 314.822, ""f"": ""Verse""}, {""t"": 347.742104166, ""f"": ""Outro""}, {""t"": 366.438541666, ""f"": ""Fade-out""}, {""t"": 384.070041666, ""f"": ""Silence""}, {""t"": 391.6926875, ""f"": ""End""}]",spectrograms/mel/695_Neil_Young_Safeway_Cart.png,spectrograms/linear/695_Neil_Young_Safeway_Cart.png,spectrograms/matrices/695_Neil_Young_Safeway_Cart.npy
703,One Of Us,Joan Osborne,"[0.0, 1.64861678, 16.648049886, 39.038843537, 60.786938775, 82.850770975, 99.250136054, 121.218412698, 143.306349206, 159.602539682, 198.098639455, 214.044058956, 235.645283446, 251.882607709, 290.154353741, 317.546553287, 320.908072562]","[{""t"": 0.0, ""f"": ""Silence""}, {""t"": 1.64861678, ""f"": ""Solo""}, {""t"": 16.648049886, ""f"": ""Intro""}, {""t"": 39.038843537, ""f"": ""no_function""}, {""t"": 60.786938775, ""f"": ""Verse""}, {""t"": 82.850770975, ""f"": ""Pre-Chorus""}, {""t"": 99.250136054, ""f"": ""Chorus""}, {""t"": 121.218412698, ""f"": ""Verse""}, {""t"": 143.306349206, ""f"": ""Pre-Chorus""}, {""t"": 159.602539682, ""f"": ""Chorus""}, {""t"": 198.098639455, ""f"": ""Solo""}, {""t"": 214.044058956, ""f"": ""no_function""}, {""t"": 235.645283446, ""f"": ""Pre-Chorus""}, {""t"": 251.882607709, ""f"": ""Chorus""}, {""t"": 290.154353741, ""f"": ""Outro""}, {""t"": 317.546553287, ""f"": ""Silence""}, {""t"": 320.908072562, ""f"": ""End""}]","[0.0, 0.023219954, 17.306122448, 39.021201814, 60.801632653, 82.889002267, 99.28893424, 121.283582766, 143.31371882, 159.697120181, 203.409183673, 203.409183673, 235.705306122, 251.921179138, 307.017414965, 316.889795918, 320.889229024]","[{""t"": 0.0, ""f"": ""Silence""}, {""t"": 0.023219954, ""f"": ""Intro""}, {""t"": 17.306122448, ""f"": ""Intro""}, {""t"": 39.021201814, ""f"": ""Intro""}, {""t"": 60.801632653, ""f"": ""Verse""}, {""t"": 82.889002267, ""f"": ""Pre-Chorus""}, {""t"": 99.28893424, ""f"": ""Chorus""}, {""t"": 121.283582766, ""f"": ""Verse""}, {""t"": 143.31371882, ""f"": ""Pre-Chorus""}, {""t"": 159.697120181, ""f"": ""Chorus""}, {""t"": 203.409183673, ""f"": ""Instrumental""}, {""t"": 203.409183673, ""f"": ""Solo""}, {""t"": 235.705306122, ""f"": ""Pre-Chorus""}, {""t"": 251.921179138, ""f"": ""Chorus""}, {""t"": 307.017414965, ""f"": ""Outro""}, {""t"": 316.889795918, ""f"": ""Silence""}, {""t"": 320.889229024, ""f"": ""End""}]",spectrograms/mel/703_Joan_Osborne_One_Of_Us.png,spectrograms/linear/703_Joan_Osborne_One_Of_Us.png,spectrograms/matrices/703_Joan_Osborne_One_Of_Us.npy
727,Bonde,Ry Cooder & Ali Farka Toure,"[0.0, 0.394739229, 12.321065759, 85.403764172, 149.650566893, 191.549478458, 222.078231292, 274.744920634, 304.618321995, 322.957256235, 328.385306122]","[{""t"": 0.0, ""f"": ""Silence""}, {""t"": 0.394739229, ""f"": ""Intro""}, {""t"": 12.321065759, ""f"": ""Solo""}, {""t"": 85.403764172, ""f"": ""Chorus""}, {""t"": 149.650566893, ""f"": ""Solo""}, {""t"": 191.549478458, ""f"": ""Chorus""}, {""t"": 222.078231292, ""f"": ""Solo""}, {""t"": 274.744920634, ""f"": ""Chorus""}, {""t"": 304.618321995, ""f"": ""Outro""}, {""t"": 322.957256235, ""f"": ""Silence""}, {""t"": 328.385306122, ""f"": ""End""}]","[0.0, 0.434875283, 12.42909297, 86.555442176, 150.511972789, 192.470204081, 219.707210884, 275.733061224, 302.609501133, 324.105306122, 328.393356009]","[{""t"": 0.0, ""f"": ""Silence""}, {""t"": 0.434875283, ""f"": ""Intro""}, {""t"": 12.42909297, ""f"": ""Pre-Verse""}, {""t"": 86.555442176, ""f"": ""Verse""}, {""t"": 150.511972789, ""f"": ""Transition""}, {""t"": 192.470204081, ""f"": ""Verse""}, {""t"": 219.707210884, ""f"": ""Transition""}, {""t"": 275.733061224, ""f"": ""Verse""}, {""t"": 302.609501133, ""f"": ""Outro""}, {""t"": 324.105306122, ""f"": ""Silence""}, {""t"": 328.393356009, ""f"": ""End""}]",spectrograms/mel/727_Ry_Cooder_&_Ali_Farka_Toure_Bonde.png,spectrograms/linear/727_Ry_Cooder_&_Ali_Farka_Toure_Bonde.png,spectrograms/matrices/727_Ry_Cooder_&_Ali_Farka_Toure_Bonde.npy
735,Sierra Leone,The Derek Trucks Band,"[0.0, 0.296054421, 33.561882086, 52.032653061, 68.681111111, 84.874489795, 101.404829931, 130.799433106, 135.187414965]","[{""t"": 0.0, ""f"": ""Silence""}, {""t"": 0.296054421, ""f"": ""Intro""}, {""t"": 33.561882086, ""f"": ""Main_Theme""}, {""t"": 52.032653061, ""f"": ""Interlude""}, {""t"": 68.681111111, ""f"": ""Main_Theme""}, {""t"": 84.874489795, ""f"": ""Solo""}, {""t"": 101.404829931, ""f"": ""Outro""}, {""t"": 130.799433106, ""f"": ""Silence""}, {""t"": 135.187414965, ""f"": ""End""}]","[0.0, 0.307664399, 0.307664399, 36.043061224, 52.626575963, 69.564829931, 85.460408163, 102.245306122, 132.244081632, 135.184716553]","[{""t"": 0.0, ""f"": ""Silence""}, {""t"": 0.307664399, ""f"": ""Intro""}, {""t"": 0.307664399, ""f"": ""Solo""}, {""t"": 36.043061224, ""f"": ""no_function""}, {""t"": 52.626575963, ""f"": ""no_function""}, {""t"": 69.564829931, ""f"": ""no_function""}, {""t"": 85.460408163, ""f"": ""no_function""}, {""t"": 102.245306122, ""f"": ""Outro""}, {""t"": 132.244081632, ""f"": ""Silence""}, {""t"": 135.184716553, ""f"": ""End""}]",spectrograms/mel/735_The_Derek_Trucks_Band_Sierra_Leone.png,spectrograms/linear/735_The_Derek_Trucks_Band_Sierra_Leone.png,spectrograms/matrices/735_The_Derek_Trucks_Band_Sierra_Leone.npy
751,Eh darun,Hakim,"[0.0, 0.444421768, 16.314444444, 34.423582766, 48.063877551, 68.505442176, 113.853129251, 127.469183673, 147.872358276, 193.206825396, 206.822040816, 211.149931972, 213.531292517]","[{""t"": 0.0, ""f"": ""Silence""}, {""t"": 0.444421768, ""f"": ""Intro""}, {""t"": 16.314444444, ""f"": ""no_function""}, {""t"": 34.423582766, ""f"": ""Chorus""}, {""t"": 48.063877551, ""f"": ""Bridge""}, {""t"": 68.505442176, ""f"": ""Verse""}, {""t"": 113.853129251, ""f"": ""Chorus""}, {""t"": 127.469183673, ""f"": ""Bridge""}, {""t"": 147.872358276, ""f"": ""Verse""}, {""t"": 193.206825396, ""f"": ""Chorus""}, {""t"": 206.822040816, ""f"": ""Outro""}, {""t"": 211.149931972, ""f"": ""Silence""}, {""t"": 213.531292517, ""f"": ""End""}]","[0.0, 0.426666666, 16.286190476, 48.043514739, 68.609909297, 127.672834467, 148.006213151, 213.524875283]","[{""t"": 0.0, ""f"": ""Silence""}, {""t"": 0.426666666, ""f"": ""Intro""}, {""t"": 16.286190476, ""f"": ""Verse""}, {""t"": 48.043514739, ""f"": ""Chorus""}, {""t"": 68.609909297, ""f"": ""Verse""}, {""t"": 127.672834467, ""f"": ""Chorus""}, {""t"": 148.006213151, ""f"": ""Verse""}, {""t"": 213.524875283, ""f"": ""End""}]",spectrograms/mel/751_Hakim_Eh_darun.png,spectrograms/linear/751_Hakim_Eh_darun.png,spectrograms/matrices/751_Hakim_Eh_darun.npy
767,The Flower Of Carnage,Meiko Kaji,"[0.0, 0.348299319, 28.708004535, 53.359455782, 70.554671201, 86.289750566, 98.775714285, 123.896371882, 141.226145124, 157.078299319, 169.62770975, 182.084195011, 199.301111111, 215.07941043, 221.459433106, 230.845034013, 232.415283446]","[{""t"": 0.0, ""f"": ""Silence""}, {""t"": 0.348299319, ""f"": ""Intro""}, {""t"": 28.708004535, ""f"": ""Verse""}, {""t"": 53.359455782, ""f"": ""Pre-Chorus""}, {""t"": 70.554671201, ""f"": ""Chorus""}, {""t"": 86.289750566, ""f"": ""Bridge""}, {""t"": 98.775714285, ""f"": ""Verse""}, {""t"": 123.896371882, ""f"": ""no_function""}, {""t"": 141.226145124, ""f"": ""Chorus""}, {""t"": 157.078299319, ""f"": ""Bridge""}, {""t"": 169.62770975, ""f"": ""Solo""}, {""t"": 182.084195011, ""f"": ""Pre-Chorus""}, {""t"": 199.301111111, ""f"": ""Chorus""}, {""t"": 215.07941043, ""f"": ""Outro""}, {""t"": 221.459433106, ""f"": ""Outro""}, {""t"": 230.845034013, ""f"": ""Silence""}, {""t"": 232.415283446, ""f"": ""End""}]","[0.0, 0.348299319, 28.660226757, 86.105736961, 98.763945578, 157.041927437, 182.064875283, 215.048526077, 232.425442176]","[{""t"": 0.0, ""f"": ""Silence""}, {""t"": 0.348299319, ""f"": ""Intro""}, {""t"": 28.660226757, ""f"": ""Verse""}, {""t"": 86.105736961, ""f"": ""Interlude""}, {""t"": 98.763945578, ""f"": ""Verse""}, {""t"": 157.041927437, ""f"": ""Bridge""}, {""t"": 182.064875283, ""f"": ""Verse""}, {""t"": 215.048526077, ""f"": ""Outro""}, {""t"": 232.425442176, ""f"": ""End""}]",spectrograms/mel/767_Meiko_Kaji_The_Flower_Of_Carnage.png,spectrograms/linear/767_Meiko_Kaji_The_Flower_Of_Carnage.png,spectrograms/matrices/767_Meiko_Kaji_The_Flower_Of_Carnage.npy
783,Jump in The Line,Harry Belafonte,"[0.0, 0.0, 16.545374149, 33.22462585, 41.798752834, 58.447891156, 74.972970521, 83.52292517, 100.070612244, 116.581882086, 124.999002267, 141.74371882, 158.458344671, 183.798276643, 192.419614512, 209.171587301, 221.583673469, 222.43893424]","[{""t"": 0.0, ""f"": ""Intro""}, {""t"": 0.0, ""f"": ""silence""}, {""t"": 16.545374149, ""f"": ""Chorus""}, {""t"": 33.22462585, ""f"": ""Verse""}, {""t"": 41.798752834, ""f"": ""Chorus""}, {""t"": 58.447891156, ""f"": ""Chorus""}, {""t"": 74.972970521, ""f"": ""Verse""}, {""t"": 83.52292517, ""f"": ""Chorus""}, {""t"": 100.070612244, ""f"": ""Chorus""}, {""t"": 116.581882086, ""f"": ""Verse""}, {""t"": 124.999002267, ""f"": ""Chorus""}, {""t"": 141.74371882, ""f"": ""Interlude""}, {""t"": 158.458344671, ""f"": ""Verse""}, {""t"": 183.798276643, ""f"": ""Verse""}, {""t"": 192.419614512, ""f"": ""Chorus""}, {""t"": 209.171587301, ""f"": ""Outro""}, {""t"": 221.583673469, ""f"": ""no_function""}, {""t"": 222.43893424, ""f"": ""End""}]","[0.0, 0.0, 16.596145124, 33.181315192, 41.781564625, 58.504081632, 75.026621315, 83.591836734, 100.130362811, 116.521995464, 124.99510204, 141.746122448, 158.49739229, 183.924761904, 192.546961451, 209.232154195, 217.617414965, 221.402267573, 222.187755102, 222.920498866]","[{""t"": 0.0, ""f"": ""Intro""}, {""t"": 0.0, ""f"": ""silence""}, {""t"": 16.596145124, ""f"": ""Verse""}, {""t"": 33.181315192, ""f"": ""Bridge""}, {""t"": 41.781564625, ""f"": ""Chorus""}, {""t"": 58.504081632, ""f"": ""Verse""}, {""t"": 75.026621315, ""f"": ""Bridge""}, {""t"": 83.591836734, ""f"": ""Chorus""}, {""t"": 100.130362811, ""f"": ""Verse""}, {""t"": 116.521995464, ""f"": ""Bridge""}, {""t"": 124.99510204, ""f"": ""Chorus""}, {""t"": 141.746122448, ""f"": ""Solo""}, {""t"": 158.49739229, ""f"": ""Verse""}, {""t"": 183.924761904, ""f"": ""Bridge""}, {""t"": 192.546961451, ""f"": ""Chorus""}, {""t"": 209.232154195, ""f"": ""Verse""}, {""t"": 217.617414965, ""f"": ""Outro""}, {""t"": 221.402267573, ""f"": ""Silence""}, {""t"": 222.187755102, ""f"": ""no_function""}, {""t"": 222.920498866, ""f"": ""End""}]",spectrograms/mel/783_Harry_Belafonte_Jump_in_The_Line.png,spectrograms/linear/783_Harry_Belafonte_Jump_in_The_Line.png,spectrograms/matrices/783_Harry_Belafonte_Jump_in_The_Line.npy
787,Boat Train,The Pogues,"[0.0, 0.255419501, 14.18664399, 26.375147392, 38.274240362, 51.714081632, 63.730340136, 78.065124716, 103.696054421, 115.888185941, 127.640068027, 141.663877551, 157.576258503, 160.551678004]","[{""t"": 0.0, ""f"": ""Silence""}, {""t"": 0.255419501, ""f"": ""Intro""}, {""t"": 14.18664399, ""f"": ""Verse""}, {""t"": 26.375147392, ""f"": ""Verse""}, {""t"": 38.274240362, ""f"": ""Verse""}, {""t"": 51.714081632, ""f"": ""Verse""}, {""t"": 63.730340136, ""f"": ""Verse""}, {""t"": 78.065124716, ""f"": ""Interlude""}, {""t"": 103.696054421, ""f"": ""Verse""}, {""t"": 115.888185941, ""f"": ""Verse""}, {""t"": 127.640068027, ""f"": ""Verse""}, {""t"": 141.663877551, ""f"": ""Outro""}, {""t"": 157.576258503, ""f"": ""Silence""}, {""t"": 160.551678004, ""f"": ""End""}]","[0.0, 0.255419501, 14.119546485, 26.175464852, 38.23909297, 51.663605442, 63.719659863, 77.9261678, 103.773151927, 115.813129251, 127.541043083, 141.685147392, 157.756371882, 160.55430839]","[{""t"": 0.0, ""f"": ""Silence""}, {""t"": 0.255419501, ""f"": ""Intro""}, {""t"": 14.119546485, ""f"": ""Verse""}, {""t"": 26.175464852, ""f"": ""Verse""}, {""t"": 38.23909297, ""f"": ""Chorus""}, {""t"": 51.663605442, ""f"": ""Verse""}, {""t"": 63.719659863, ""f"": ""Chorus""}, {""t"": 77.9261678, ""f"": ""Bridge""}, {""t"": 103.773151927, ""f"": ""Verse""}, {""t"": 115.813129251, ""f"": ""Chorus""}, {""t"": 127.541043083, ""f"": ""Chorus""}, {""t"": 141.685147392, ""f"": ""Outro""}, {""t"": 157.756371882, ""f"": ""Silence""}, {""t"": 160.55430839, ""f"": ""End""}]",spectrograms/mel/787_The_Pogues_Boat_Train.png,spectrograms/linear/787_The_Pogues_Boat_Train.png,spectrograms/matrices/787_The_Pogues_Boat_Train.npy
791,Silverwells,Natalie MacMaster,"[0.0, 0.400544217, 23.946938775, 67.162199546, 110.824897959, 152.726666666, 199.154195011, 227.108548752]","[{""t"": 0.0, ""f"": ""Silence""}, {""t"": 0.400544217, ""f"": ""Intro""}, {""t"": 23.946938775, ""f"": ""no_function""}, {""t"": 67.162199546, ""f"": ""no_function""}, {""t"": 110.824897959, ""f"": ""no_function""}, {""t"": 152.726666666, ""f"": ""no_function""}, {""t"": 199.154195011, ""f"": ""Outro""}, {""t"": 227.108548752, ""f"": ""End""}]","[0.0, 2.15739229, 23.645192743, 67.070430839, 110.308752834, 152.864761904, 198.5830839, 222.679365079, 227.108571428]","[{""t"": 0.0, ""f"": ""Silence""}, {""t"": 2.15739229, ""f"": ""Intro""}, {""t"": 23.645192743, ""f"": ""no_function""}, {""t"": 67.070430839, ""f"": ""no_function""}, {""t"": 110.308752834, ""f"": ""no_function""}, {""t"": 152.864761904, ""f"": ""no_function""}, {""t"": 198.5830839, ""f"": ""Coda""}, {""t"": 222.679365079, ""f"": ""Silence""}, {""t"": 227.108571428, ""f"": ""End""}]",spectrograms/mel/791_Natalie_MacMaster_Silverwells.png,spectrograms/linear/791_Natalie_MacMaster_Silverwells.png,spectrograms/matrices/791_Natalie_MacMaster_Silverwells.npy
795,Miss Shepherd Sweeney  s Buttermilk M,Silly Wizard,"[0.0, 0.557278911, 3.436553287, 73.173219954, 73.173219954, 103.093015873, 148.096077097, 197.910204081, 209.510430839, 219.10185941, 220.686984126]","[{""t"": 0.0, ""f"": ""Silence""}, {""t"": 0.557278911, ""f"": ""applause""}, {""t"": 3.436553287, ""f"": ""Intro""}, {""t"": 73.173219954, ""f"": ""Main_Theme""}, {""t"": 73.173219954, ""f"": ""Theme""}, {""t"": 103.093015873, ""f"": ""Interlude""}, {""t"": 148.096077097, ""f"": ""Secondary_Theme""}, {""t"": 197.910204081, ""f"": ""Outro""}, {""t"": 209.510430839, ""f"": ""applause""}, {""t"": 219.10185941, ""f"": ""Silence""}, {""t"": 220.686984126, ""f"": ""End""}]","[0.0, 1.167097505, 4.153219954, 32.173514739, 57.575736961, 103.082766439, 148.08755102, 197.532154195, 209.173696145, 220.713673469]","[{""t"": 0.0, ""f"": ""Silence""}, {""t"": 1.167097505, ""f"": ""no_function""}, {""t"": 4.153219954, ""f"": ""no_function""}, {""t"": 32.173514739, ""f"": ""no_function""}, {""t"": 57.575736961, ""f"": ""no_function""}, {""t"": 103.082766439, ""f"": ""no_function""}, {""t"": 148.08755102, ""f"": ""no_function""}, {""t"": 197.532154195, ""f"": ""Outro""}, {""t"": 209.173696145, ""f"": ""no_function""}, {""t"": 220.713673469, ""f"": ""End""}]",spectrograms/mel/795_Silly_Wizard_Miss_Shepherd_Sweeney__s_Buttermilk_M.png,spectrograms/linear/795_Silly_Wizard_Miss_Shepherd_Sweeney__s_Buttermilk_M.png,spectrograms/matrices/795_Silly_Wizard_Miss_Shepherd_Sweeney__s_Buttermilk_M.npy
799,Le droit d  aimer,Edith Piaf,"[0.0, 0.47739229, 7.624489795, 23.553378684, 28.917188208, 44.96217687, 50.395646258, 59.915827664, 76.100136054, 81.463945578, 113.391383219, 128.925532879, 134.196462585, 149.916371882, 155.164081632, 164.428843537, 180.218412698, 185.466122448, 200.698412698, 202.605714285]","[{""t"": 0.0, ""f"": ""Silence""}, {""t"": 0.47739229, ""f"": ""Intro""}, {""t"": 7.624489795, ""f"": ""Verse""}, {""t"": 23.553378684, ""f"": ""Chorus""}, {""t"": 28.917188208, ""f"": ""Verse""}, {""t"": 44.96217687, ""f"": ""Chorus""}, {""t"": 50.395646258, ""f"": ""Bridge""}, {""t"": 59.915827664, ""f"": ""Verse""}, {""t"": 76.100136054, ""f"": ""Chorus""}, {""t"": 81.463945578, ""f"": ""Verse""}, {""t"": 113.391383219, ""f"": ""Verse""}, {""t"": 128.925532879, ""f"": ""Chorus""}, {""t"": 134.196462585, ""f"": ""Verse""}, {""t"": 149.916371882, ""f"": ""Chorus""}, {""t"": 155.164081632, ""f"": ""Bridge""}, {""t"": 164.428843537, ""f"": ""Verse""}, {""t"": 180.218412698, ""f"": ""Chorus""}, {""t"": 185.466122448, ""f"": ""Outro""}, {""t"": 200.698412698, ""f"": ""Silence""}, {""t"": 202.605714285, ""f"": ""End""}]","[0.0, 0.510839002, 7.733129251, 50.55015873, 59.980997732, 81.737641723, 113.392448979, 155.381179138, 164.350839002, 185.434557823, 200.670544217, 202.641723356]","[{""t"": 0.0, ""f"": ""Silence""}, {""t"": 0.510839002, ""f"": ""Intro""}, {""t"": 7.733129251, ""f"": ""Verse""}, {""t"": 50.55015873, ""f"": ""Chorus""}, {""t"": 59.980997732, ""f"": ""Verse""}, {""t"": 81.737641723, ""f"": ""Bridge""}, {""t"": 113.392448979, ""f"": ""Verse""}, {""t"": 155.381179138, ""f"": ""Chorus""}, {""t"": 164.350839002, ""f"": ""Verse""}, {""t"": 185.434557823, ""f"": ""Outro""}, {""t"": 200.670544217, ""f"": ""Silence""}, {""t"": 202.641723356, ""f"": ""End""}]",spectrograms/mel/799_Edith_Piaf_Le_droit_d__aimer.png,spectrograms/linear/799_Edith_Piaf_Le_droit_d__aimer.png,spectrograms/matrices/799_Edith_Piaf_Le_droit_d__aimer.npy
803,Tonton Nestor   la noce de Jean,Georges Brassens,"[0.0, 0.441179138, 5.338798185, 23.893333333, 42.738843537, 61.556099773, 80.517823129, 99.645578231, 119.846712018, 122.403900226]","[{""t"": 0.0, ""f"": ""Silence""}, {""t"": 0.441179138, ""f"": ""Intro""}, {""t"": 5.338798185, ""f"": ""Verse""}, {""t"": 23.893333333, ""f"": ""Verse""}, {""t"": 42.738843537, ""f"": ""Verse""}, {""t"": 61.556099773, ""f"": ""Verse""}, {""t"": 80.517823129, ""f"": ""Verse""}, {""t"": 99.645578231, ""f"": ""Verse""}, {""t"": 119.846712018, ""f"": ""Silence""}, {""t"": 122.403900226, ""f"": ""End""}]","[0.0, 0.441179138, 5.173219954, 23.916349206, 42.645419501, 61.567029478, 80.523492063, 99.635328798, 109.359070294, 119.826938775, 122.39956916]","[{""t"": 0.0, ""f"": ""Silence""}, {""t"": 0.441179138, ""f"": ""Intro""}, {""t"": 5.173219954, ""f"": ""Verse""}, {""t"": 23.916349206, ""f"": ""Verse""}, {""t"": 42.645419501, ""f"": ""Verse""}, {""t"": 61.567029478, ""f"": ""Verse""}, {""t"": 80.523492063, ""f"": ""Verse""}, {""t"": 99.635328798, ""f"": ""Verse""}, {""t"": 109.359070294, ""f"": ""Outro""}, {""t"": 119.826938775, ""f"": ""Silence""}, {""t"": 122.39956916, ""f"": ""End""}]",spectrograms/mel/803_Georges_Brassens_Tonton_Nestor___la_noce_de_Jean.png,spectrograms/linear/803_Georges_Brassens_Tonton_Nestor___la_noce_de_Jean.png,spectrograms/matrices/803_Georges_Brassens_Tonton_Nestor___la_noce_de_Jean.npy
807,Si J  Avais E te,Paris Combo,"[0.0, 0.461950113, 14.396371882, 45.470975056, 60.911088435, 92.199160997, 107.786825396, 139.207891156, 170.579229024, 186.515192743, 193.859070294, 196.704761904]","[{""t"": 0.0, ""f"": ""Silence""}, {""t"": 0.461950113, ""f"": ""Intro""}, {""t"": 14.396371882, ""f"": ""Verse""}, {""t"": 45.470975056, ""f"": ""Chorus""}, {""t"": 60.911088435, ""f"": ""Verse""}, {""t"": 92.199160997, ""f"": ""Chorus""}, {""t"": 107.786825396, ""f"": ""Solo""}, {""t"": 139.207891156, ""f"": ""Verse""}, {""t"": 170.579229024, ""f"": ""Chorus""}, {""t"": 186.515192743, ""f"": ""Outro""}, {""t"": 193.859070294, ""f"": ""Silence""}, {""t"": 196.704761904, ""f"": ""End""}]","[0.0, 0.404897959, 14.172879818, 45.437664399, 60.887346938, 92.512539682, 107.851655328, 139.335464852, 170.547936507, 196.70201814]","[{""t"": 0.0, ""f"": ""Silence""}, {""t"": 0.404897959, ""f"": ""Intro""}, {""t"": 14.172879818, ""f"": ""Verse""}, {""t"": 45.437664399, ""f"": ""Chorus""}, {""t"": 60.887346938, ""f"": ""Verse""}, {""t"": 92.512539682, ""f"": ""Chorus""}, {""t"": 107.851655328, ""f"": ""Solo""}, {""t"": 139.335464852, ""f"": ""Verse""}, {""t"": 170.547936507, ""f"": ""Chorus""}, {""t"": 196.70201814, ""f"": ""End""}]",spectrograms/mel/807_Paris_Combo_Si_J__Avais_E_te.png,spectrograms/linear/807_Paris_Combo_Si_J__Avais_E_te.png,spectrograms/matrices/807_Paris_Combo_Si_J__Avais_E_te.npy
815,Al Vaive n De Mi Carreta,Afro Cuban All-Stars,"[0.0, 0.232199546, 16.284217687, 32.074580498, 75.072811791, 90.753265306, 133.781065759, 156.981269841, 172.414081632, 245.335668934, 305.876462585, 336.268639455, 362.756507936, 377.8792517, 392.804693877, 419.2223356, 441.776213151, 459.927165532, 463.321473922]","[{""t"": 0.0, ""f"": ""Silence""}, {""t"": 0.232199546, ""f"": ""Intro""}, {""t"": 16.284217687, ""f"": ""Chorus""}, {""t"": 32.074580498, ""f"": ""Solo""}, {""t"": 75.072811791, ""f"": ""Chorus""}, {""t"": 90.753265306, ""f"": ""Solo""}, {""t"": 133.781065759, ""f"": ""Interlude""}, {""t"": 156.981269841, ""f"": ""no_function""}, {""t"": 172.414081632, ""f"": ""Solo""}, {""t"": 245.335668934, ""f"": ""Solo""}, {""t"": 305.876462585, ""f"": ""Chorus""}, {""t"": 336.268639455, ""f"": ""Solo""}, {""t"": 362.756507936, ""f"": ""Chorus""}, {""t"": 377.8792517, ""f"": ""Solo""}, {""t"": 392.804693877, ""f"": ""Solo""}, {""t"": 419.2223356, ""f"": ""Interlude""}, {""t"": 441.776213151, ""f"": ""Outro""}, {""t"": 459.927165532, ""f"": ""Silence""}, {""t"": 463.321473922, ""f"": ""End""}]","[0.0, 0.208979591, 16.266938775, 32.097936507, 32.097936507, 47.938140589, 75.274739229, 90.882154195, 90.882154195, 106.538344671, 133.863877551, 156.874557823, 172.347845804, 172.347845804, 245.09031746, 245.09031746, 305.93170068, 321.190090702, 336.292811791, 362.755532879, 377.804875283, 377.804875283, 392.995759637, 419.363673469, 441.755895691, 456.650385487, 459.983673469, 463.314240362]","[{""t"": 0.0, ""f"": ""Silence""}, {""t"": 0.208979591, ""f"": ""Intro""}, {""t"": 16.266938775, ""f"": ""Chorus""}, {""t"": 32.097936507, ""f"": ""Instrumental""}, {""t"": 32.097936507, ""f"": ""Solo""}, {""t"": 47.938140589, ""f"": ""Verse""}, {""t"": 75.274739229, ""f"": ""Chorus""}, {""t"": 90.882154195, ""f"": ""Instrumental""}, {""t"": 90.882154195, ""f"": ""Solo""}, {""t"": 106.538344671, ""f"": ""Verse""}, {""t"": 133.863877551, ""f"": ""Bridge""}, {""t"": 156.874557823, ""f"": ""Instrumental""}, {""t"": 172.347845804, ""f"": ""Instrumental""}, {""t"": 172.347845804, ""f"": ""Solo""}, {""t"": 245.09031746, ""f"": ""Instrumental""}, {""t"": 245.09031746, ""f"": ""Solo""}, {""t"": 305.93170068, ""f"": ""Chorus""}, {""t"": 321.190090702, ""f"": ""Solo""}, {""t"": 336.292811791, ""f"": ""Verse""}, {""t"": 362.755532879, ""f"": ""Chorus""}, {""t"": 377.804875283, ""f"": ""Instrumental""}, {""t"": 377.804875283, ""f"": ""Solo""}, {""t"": 392.995759637, ""f"": ""Verse""}, {""t"": 419.363673469, ""f"": ""Bridge""}, {""t"": 441.755895691, ""f"": ""Instrumental""}, {""t"": 456.650385487, ""f"": ""Outro""}, {""t"": 459.983673469, ""f"": ""Silence""}, {""t"": 463.314240362, ""f"": ""End""}]",spectrograms/mel/815_Afro_Cuban_All-Stars_Al_Vaive_n_De_Mi_Carreta.png,spectrograms/linear/815_Afro_Cuban_All-Stars_Al_Vaive_n_De_Mi_Carreta.png,spectrograms/matrices/815_Afro_Cuban_All-Stars_Al_Vaive_n_De_Mi_Carreta.npy
819,El Cuarto de Tula,Buena Vista Social Club,"[0.0, 0.265578231, 19.346893424, 66.3830839, 94.223174603, 250.205668934, 358.439455782, 445.884058956]","[{""t"": 0.0, ""f"": ""Silence""}, {""t"": 0.265578231, ""f"": ""Intro""}, {""t"": 19.346893424, ""f"": ""no_function""}, {""t"": 66.3830839, ""f"": ""no_function""}, {""t"": 94.223174603, ""f"": ""no_function""}, {""t"": 250.205668934, ""f"": ""Solo""}, {""t"": 358.439455782, ""f"": ""no_function""}, {""t"": 445.884058956, ""f"": ""End""}]","[0.0, 0.348299319, 19.40585034, 38.102063492, 47.49292517, 66.246893424, 84.928458049, 94.229024943, 103.434603174, 112.734988662, 121.893310657, 131.084897959, 140.228979591, 149.564897959, 158.743764172, 168.036689342, 177.244875283, 186.486054421, 195.583424036, 204.804081632, 213.909229024, 223.121179138, 232.208458049, 241.368390022, 250.492222222, 358.847619047, 367.919705215, 377.103582766, 386.21510204, 395.208911564, 404.175623582, 413.111405895, 442.936893424, 445.888412698]","[{""t"": 0.0, ""f"": ""Silence""}, {""t"": 0.348299319, ""f"": ""Intro""}, {""t"": 19.40585034, ""f"": ""Verse""}, {""t"": 38.102063492, ""f"": ""Chorus""}, {""t"": 47.49292517, ""f"": ""Interlude""}, {""t"": 66.246893424, ""f"": ""Verse""}, {""t"": 84.928458049, ""f"": ""Chorus""}, {""t"": 94.229024943, ""f"": ""Chorus""}, {""t"": 103.434603174, ""f"": ""Solo""}, {""t"": 112.734988662, ""f"": ""Chorus""}, {""t"": 121.893310657, ""f"": ""Solo""}, {""t"": 131.084897959, ""f"": ""Chorus""}, {""t"": 140.228979591, ""f"": ""Solo""}, {""t"": 149.564897959, ""f"": ""Chorus""}, {""t"": 158.743764172, ""f"": ""Solo""}, {""t"": 168.036689342, ""f"": ""Chorus""}, {""t"": 177.244875283, ""f"": ""Solo""}, {""t"": 186.486054421, ""f"": ""Chorus""}, {""t"": 195.583424036, ""f"": ""Solo""}, {""t"": 204.804081632, ""f"": ""Chorus""}, {""t"": 213.909229024, ""f"": ""Solo""}, {""t"": 223.121179138, ""f"": ""Chorus""}, {""t"": 232.208458049, ""f"": ""Solo""}, {""t"": 241.368390022, ""f"": ""Chorus""}, {""t"": 250.492222222, ""f"": ""Solo""}, {""t"": 358.847619047, ""f"": ""Chorus""}, {""t"": 367.919705215, ""f"": ""Solo""}, {""t"": 377.103582766, ""f"": ""Chorus""}, {""t"": 386.21510204, ""f"": ""Solo""}, {""t"": 395.208911564, ""f"": ""Chorus""}, {""t"": 404.175623582, ""f"": ""Solo""}, {""t"": 413.111405895, ""f"": ""Chorus""}, {""t"": 442.936893424, ""f"": ""Silence""}, {""t"": 445.888412698, ""f"": ""End""}]",spectrograms/mel/819_Buena_Vista_Social_Club_El_Cuarto_de_Tula.png,spectrograms/linear/819_Buena_Vista_Social_Club_El_Cuarto_de_Tula.png,spectrograms/matrices/819_Buena_Vista_Social_Club_El_Cuarto_de_Tula.npy
823,Papa Montero,Conjunto Tipico Habanero,"[0.0, 0.092879818, 41.873492063, 74.628911564, 160.287324263, 163.99664399, 163.996734693]","[{""t"": 0.0, ""f"": ""Silence""}, {""t"": 0.092879818, ""f"": ""Intro""}, {""t"": 41.873492063, ""f"": ""Verse""}, {""t"": 74.628911564, ""f"": ""Chorus""}, {""t"": 160.287324263, ""f"": ""Outro""}, {""t"": 163.99664399, ""f"": ""Silence""}, {""t"": 163.996734693, ""f"": ""End""}]","[0.0, 0.191564625, 41.822834467, 73.185668934, 98.119387755, 164.000272108]","[{""t"": 0.0, ""f"": ""Silence""}, {""t"": 0.191564625, ""f"": ""Intro""}, {""t"": 41.822834467, ""f"": ""no_function""}, {""t"": 73.185668934, ""f"": ""no_function""}, {""t"": 98.119387755, ""f"": ""no_function""}, {""t"": 164.000272108, ""f"": ""End""}]",spectrograms/mel/823_Conjunto_Tipico_Habanero_Papa_Montero.png,spectrograms/linear/823_Conjunto_Tipico_Habanero_Papa_Montero.png,spectrograms/matrices/823_Conjunto_Tipico_Habanero_Papa_Montero.npy
827,Izpoved,Bulgarian State Radio & Television Female Vocal Choir,"[0.0, 0.464399092, 105.142857142, 217.665306122, 323.069387755, 338.94371882, 341.48478458]","[{""t"": 0.0, ""f"": ""Silence""}, {""t"": 0.464399092, ""f"": ""no_function""}, {""t"": 105.142857142, ""f"": ""no_function""}, {""t"": 217.665306122, ""f"": ""no_function""}, {""t"": 323.069387755, ""f"": ""Outro""}, {""t"": 338.94371882, ""f"": ""Silence""}, {""t"": 341.48478458, ""f"": ""End""}]","[0.0, 0.616553287, 105.34893424, 217.83494331, 323.579977324, 338.87201814, 341.4992517]","[{""t"": 0.0, ""f"": ""Silence""}, {""t"": 0.616553287, ""f"": ""Main_Theme""}, {""t"": 105.34893424, ""f"": ""Theme""}, {""t"": 217.83494331, ""f"": ""Main_Theme""}, {""t"": 323.579977324, ""f"": ""Outro""}, {""t"": 338.87201814, ""f"": ""Silence""}, {""t"": 341.4992517, ""f"": ""End""}]",spectrograms/mel/827_Bulgarian_State_Radio_&_Television_Female_Vocal_Choir_Izpoved.png,spectrograms/linear/827_Bulgarian_State_Radio_&_Television_Female_Vocal_Choir_Izpoved.png,spectrograms/matrices/827_Bulgarian_State_Radio_&_Television_Female_Vocal_Choir_Izpoved.npy
831,Zorba the Greek,John Murphy,"[0.0, 0.0, 5.781768707, 34.836984126, 62.321315192, 89.120884353, 140.130136054, 176.18786848, 176.248163265]","[{""t"": 0.0, ""f"": ""Intro""}, {""t"": 0.0, ""f"": ""Silence""}, {""t"": 5.781768707, ""f"": ""no_function""}, {""t"": 34.836984126, ""f"": ""no_function""}, {""t"": 62.321315192, ""f"": ""no_function""}, {""t"": 89.120884353, ""f"": ""no_function""}, {""t"": 140.130136054, ""f"": ""no_function""}, {""t"": 176.18786848, ""f"": ""Silence""}, {""t"": 176.248163265, ""f"": ""End""}]","[0.0, 0.092879818, 6.060408163, 34.806712018, 62.322358276, 89.118185941, 140.085986394, 159.079909297, 175.844716553, 176.239455782]","[{""t"": 0.0, ""f"": ""Silence""}, {""t"": 0.092879818, ""f"": ""Intro""}, {""t"": 6.060408163, ""f"": ""Main_Theme""}, {""t"": 34.806712018, ""f"": ""Main_Theme""}, {""t"": 62.322358276, ""f"": ""Main_Theme""}, {""t"": 89.118185941, ""f"": ""Main_Theme""}, {""t"": 140.085986394, ""f"": ""Theme""}, {""t"": 159.079909297, ""f"": ""Theme""}, {""t"": 175.844716553, ""f"": ""Silence""}, {""t"": 176.239455782, ""f"": ""End""}]",spectrograms/mel/831_John_Murphy_Zorba_the_Greek.png,spectrograms/linear/831_John_Murphy_Zorba_the_Greek.png,spectrograms/matrices/831_John_Murphy_Zorba_the_Greek.npy
835,Kaval Sviri,Ensemble Trakia,"[0.0, 0.452789115, 45.287641723, 75.859591836, 106.92632653, 130.937324263, 131.759387755]","[{""t"": 0.0, ""f"": ""Silence""}, {""t"": 0.452789115, ""f"": ""no_function""}, {""t"": 45.287641723, ""f"": ""no_function""}, {""t"": 75.859591836, ""f"": ""no_function""}, {""t"": 106.92632653, ""f"": ""Outro""}, {""t"": 130.937324263, ""f"": ""Silence""}, {""t"": 131.759387755, ""f"": ""End""}]","[0.0, 0.261224489, 45.161632653, 76.114149659, 91.545918367, 106.432108843, 129.406984126, 131.753582766]","[{""t"": 0.0, ""f"": ""Silence""}, {""t"": 0.261224489, ""f"": ""Intro""}, {""t"": 45.161632653, ""f"": ""Main_Theme""}, {""t"": 76.114149659, ""f"": ""Transition""}, {""t"": 91.545918367, ""f"": ""Secondary_Theme""}, {""t"": 106.432108843, ""f"": ""Coda""}, {""t"": 129.406984126, ""f"": ""Silence""}, {""t"": 131.753582766, ""f"": ""End""}]",spectrograms/mel/835_Ensemble_Trakia_Kaval_Sviri.png,spectrograms/linear/835_Ensemble_Trakia_Kaval_Sviri.png,spectrograms/matrices/835_Ensemble_Trakia_Kaval_Sviri.npy
839,Granadina,Ramón Montoya,"[0.0, 0.394739229, 27.771065759, 80.007528344, 125.181814058, 156.90063492, 195.929977324, 229.389229024, 232.496666666]","[{""t"": 0.0, ""f"": ""Silence""}, {""t"": 0.394739229, ""f"": ""Theme""}, {""t"": 27.771065759, ""f"": ""Theme""}, {""t"": 80.007528344, ""f"": ""Theme""}, {""t"": 125.181814058, ""f"": ""Theme""}, {""t"": 156.90063492, ""f"": ""Theme""}, {""t"": 195.929977324, ""f"": ""Outro""}, {""t"": 229.389229024, ""f"": ""Silence""}, {""t"": 232.496666666, ""f"": ""End""}]","[0.0, 0.45324263, 17.391746031, 27.863945578, 53.984104308, 58.119546485, 71.308480725, 78.971065759, 117.260770975, 125.364535147, 192.446984126, 195.976417233, 224.58340136, 229.923990929, 232.500430839]","[{""t"": 0.0, ""f"": ""Silence""}, {""t"": 0.45324263, ""f"": ""Theme""}, {""t"": 17.391746031, ""f"": ""Transition""}, {""t"": 27.863945578, ""f"": ""Theme""}, {""t"": 53.984104308, ""f"": ""Transition""}, {""t"": 58.119546485, ""f"": ""Theme""}, {""t"": 71.308480725, ""f"": ""Transition""}, {""t"": 78.971065759, ""f"": ""Theme""}, {""t"": 117.260770975, ""f"": ""Transition""}, {""t"": 125.364535147, ""f"": ""Theme""}, {""t"": 192.446984126, ""f"": ""Transition""}, {""t"": 195.976417233, ""f"": ""Theme""}, {""t"": 224.58340136, ""f"": ""Outro""}, {""t"": 229.923990929, ""f"": ""Silence""}, {""t"": 232.500430839, ""f"": ""End""}]",spectrograms/mel/839_Ramón_Montoya_Granadina.png,spectrograms/linear/839_Ramón_Montoya_Granadina.png,spectrograms/matrices/839_Ramón_Montoya_Granadina.npy
843,Edurado Rodriguez   Cantarela,Edurado Rodríguez,"[0.0, 0.332743764, 30.093764172, 59.835464852, 88.44755102, 111.46292517, 135.252222222, 174.842743764, 184.183832199, 205.587777777, 236.793197278, 238.943832199]","[{""t"": 0.0, ""f"": ""Silence""}, {""t"": 0.332743764, ""f"": ""Chorus""}, {""t"": 30.093764172, ""f"": ""Chorus""}, {""t"": 59.835464852, ""f"": ""Theme""}, {""t"": 88.44755102, ""f"": ""Theme""}, {""t"": 111.46292517, ""f"": ""Chorus""}, {""t"": 135.252222222, ""f"": ""Interlude""}, {""t"": 174.842743764, ""f"": ""Transition""}, {""t"": 184.183832199, ""f"": ""Theme""}, {""t"": 205.587777777, ""f"": ""Outro""}, {""t"": 236.793197278, ""f"": ""Silence""}, {""t"": 238.943832199, ""f"": ""End""}]","[0.0, 0.435374149, 30.393605442, 47.921564625, 59.421065759, 88.351927437, 111.502222222, 128.853809523, 134.652517006, 175.632675736, 185.775034013, 226.296507936, 236.919002267, 238.915918367]","[{""t"": 0.0, ""f"": ""Silence""}, {""t"": 0.435374149, ""f"": ""Intro""}, {""t"": 30.393605442, ""f"": ""Theme""}, {""t"": 47.921564625, ""f"": ""Bridge""}, {""t"": 59.421065759, ""f"": ""Theme""}, {""t"": 88.351927437, ""f"": ""Bridge""}, {""t"": 111.502222222, ""f"": ""Theme""}, {""t"": 128.853809523, ""f"": ""Bridge""}, {""t"": 134.652517006, ""f"": ""Interlude""}, {""t"": 175.632675736, ""f"": ""Bridge""}, {""t"": 185.775034013, ""f"": ""Theme""}, {""t"": 226.296507936, ""f"": ""Outro""}, {""t"": 236.919002267, ""f"": ""Silence""}, {""t"": 238.915918367, ""f"": ""End""}]",spectrograms/mel/843_Edurado_Rodríguez_Edurado_Rodriguez___Cantarela.png,spectrograms/linear/843_Edurado_Rodríguez_Edurado_Rodriguez___Cantarela.png,spectrograms/matrices/843_Edurado_Rodríguez_Edurado_Rodriguez___Cantarela.npy
847,Vengo de mi Extremadura,Ramón El Portugués,"[0.0, 0.348299319, 22.563446712, 56.769138321, 148.541451247, 209.972222222]","[{""t"": 0.0, ""f"": ""Silence""}, {""t"": 0.348299319, ""f"": ""Intro""}, {""t"": 22.563446712, ""f"": ""no_function""}, {""t"": 56.769138321, ""f"": ""no_function""}, {""t"": 148.541451247, ""f"": ""no_function""}, {""t"": 209.972222222, ""f"": ""End""}]","[0.0, 0.394739229, 22.825215419, 89.373605442, 118.793287981, 162.353922902, 189.985668934, 205.422607709, 209.973492063]","[{""t"": 0.0, ""f"": ""Silence""}, {""t"": 0.394739229, ""f"": ""Intro""}, {""t"": 22.825215419, ""f"": ""no_function""}, {""t"": 89.373605442, ""f"": ""Solo""}, {""t"": 118.793287981, ""f"": ""no_function""}, {""t"": 162.353922902, ""f"": ""no_function""}, {""t"": 189.985668934, ""f"": ""Fade-out""}, {""t"": 205.422607709, ""f"": ""Silence""}, {""t"": 209.973492063, ""f"": ""End""}]",spectrograms/mel/847_Ramón_El_Portugués_Vengo_de_mi_Extremadura.png,spectrograms/linear/847_Ramón_El_Portugués_Vengo_de_mi_Extremadura.png,spectrograms/matrices/847_Ramón_El_Portugués_Vengo_de_mi_Extremadura.npy
851,The Souvlak,Boom Pam,"[0.0, 0.097959183, 24.406439909, 45.82861678, 61.300680272, 79.385736961, 94.693197278, 111.565147392, 128.229206349, 164.578548752, 181.572154195, 207.911473922, 242.87526077, 247.381337868, 254.302267573, 256.750680272]","[{""t"": 0.0, ""f"": ""Silence""}, {""t"": 0.097959183, ""f"": ""Intro""}, {""t"": 24.406439909, ""f"": ""no_function""}, {""t"": 45.82861678, ""f"": ""no_function""}, {""t"": 61.300680272, ""f"": ""no_function""}, {""t"": 79.385736961, ""f"": ""no_function""}, {""t"": 94.693197278, ""f"": ""no_function""}, {""t"": 111.565147392, ""f"": ""Solo""}, {""t"": 128.229206349, ""f"": ""Solo""}, {""t"": 164.578548752, ""f"": ""no_function""}, {""t"": 181.572154195, ""f"": ""no_function""}, {""t"": 207.911473922, ""f"": ""Interlude""}, {""t"": 242.87526077, ""f"": ""no_function""}, {""t"": 247.381337868, ""f"": ""Outro""}, {""t"": 254.302267573, ""f"": ""Silence""}, {""t"": 256.750680272, ""f"": ""End""}]","[0.0, 0.069659863, 36.605623582, 45.781995464, 61.476780045, 79.511519274, 94.816099773, 129.441836734, 164.538662131, 181.611587301, 207.98861678, 242.906439909, 256.765192743]","[{""t"": 0.0, ""f"": ""Silence""}, {""t"": 0.069659863, ""f"": ""Intro""}, {""t"": 36.605623582, ""f"": ""Theme""}, {""t"": 45.781995464, ""f"": ""Theme""}, {""t"": 61.476780045, ""f"": ""Theme""}, {""t"": 79.511519274, ""f"": ""Theme""}, {""t"": 94.816099773, ""f"": ""Theme""}, {""t"": 129.441836734, ""f"": ""Solo""}, {""t"": 164.538662131, ""f"": ""Theme""}, {""t"": 181.611587301, ""f"": ""Theme""}, {""t"": 207.98861678, ""f"": ""no_function""}, {""t"": 242.906439909, ""f"": ""Theme""}, {""t"": 256.765192743, ""f"": ""End""}]",spectrograms/mel/851_Boom_Pam_The_Souvlak.png,spectrograms/linear/851_Boom_Pam_The_Souvlak.png,spectrograms/matrices/851_Boom_Pam_The_Souvlak.npy
855,Marcelle Ratafia,Les Negresses Vertes,"[0.0, 0.464988662, 15.920816326, 34.297437641, 48.312970521, 55.628503401, 70.41664399, 88.880997732, 102.577188208, 110.104512471, 124.818684807, 143.288911564, 157.149160997, 164.505011337, 190.590090702, 190.678140589]","[{""t"": 0.0, ""f"": ""Silence""}, {""t"": 0.464988662, ""f"": ""Main_Theme""}, {""t"": 15.920816326, ""f"": ""Verse""}, {""t"": 34.297437641, ""f"": ""Pre-Chorus""}, {""t"": 48.312970521, ""f"": ""Chorus""}, {""t"": 55.628503401, ""f"": ""Interlude""}, {""t"": 70.41664399, ""f"": ""Verse""}, {""t"": 88.880997732, ""f"": ""Pre-Chorus""}, {""t"": 102.577188208, ""f"": ""Chorus""}, {""t"": 110.104512471, ""f"": ""Interlude""}, {""t"": 124.818684807, ""f"": ""Verse""}, {""t"": 143.288911564, ""f"": ""Pre-Chorus""}, {""t"": 157.149160997, ""f"": ""Chorus""}, {""t"": 164.505011337, ""f"": ""Outro""}, {""t"": 190.590090702, ""f"": ""Silence""}, {""t"": 190.678140589, ""f"": ""End""}]","[0.0, 1.253877551, 15.923424036, 34.414285714, 48.268344671, 55.562040816, 70.4, 88.889478458, 102.70185941, 110.050975056, 124.840544217, 143.278730158, 157.312607709, 164.54015873, 190.610068027]","[{""t"": 0.0, ""f"": ""Silence""}, {""t"": 1.253877551, ""f"": ""Pre-Verse""}, {""t"": 15.923424036, ""f"": ""Verse""}, {""t"": 34.414285714, ""f"": ""Pre-Chorus""}, {""t"": 48.268344671, ""f"": ""Chorus""}, {""t"": 55.562040816, ""f"": ""Transition""}, {""t"": 70.4, ""f"": ""Verse""}, {""t"": 88.889478458, ""f"": ""Pre-Chorus""}, {""t"": 102.70185941, ""f"": ""Chorus""}, {""t"": 110.050975056, ""f"": ""Transition""}, {""t"": 124.840544217, ""f"": ""Verse""}, {""t"": 143.278730158, ""f"": ""Pre-Chorus""}, {""t"": 157.312607709, ""f"": ""Chorus""}, {""t"": 164.54015873, ""f"": ""Outro""}, {""t"": 190.610068027, ""f"": ""End""}]",spectrograms/mel/855_Les_Negresses_Vertes_Marcelle_Ratafia.png,spectrograms/linear/855_Les_Negresses_Vertes_Marcelle_Ratafia.png,spectrograms/matrices/855_Les_Negresses_Vertes_Marcelle_Ratafia.npy
859,The Last Balkan Tango,Boris Kovac & Ladaaba Orchest,[],[],[],[],spectrograms/mel/859_Boris_Kovac_&_Ladaaba_Orchest_The_Last_Balkan_Tango.png,spectrograms/linear/859_Boris_Kovac_&_Ladaaba_Orchest_The_Last_Balkan_Tango.png,spectrograms/matrices/859_Boris_Kovac_&_Ladaaba_Orchest_The_Last_Balkan_Tango.npy
863,Don  t Let Me Be Misunderstood,Santa Esmeralda,"[0.0, 0.232199546, 8.452993197, 41.045396825, 57.302494331, 73.608798185, 80.712562358, 88.881405895, 105.24526077, 121.455532879, 128.571065759, 144.878390022, 201.996439909, 234.529387755, 267.117528344, 299.706984126, 332.278185941, 391.342403628, 407.676507936, 456.493446712, 480.923673469, 497.224875283, 504.35585034, 512.501201814, 528.839138321, 535.971768707, 544.089750566, 560.470884353, 576.765963718, 583.851904761, 600.173696145, 624.667097505, 628.285532879, 630.360816326]","[{""t"": 0.0, ""f"": ""Silence""}, {""t"": 0.232199546, ""f"": ""Intro""}, {""t"": 8.452993197, ""f"": ""Solo""}, {""t"": 41.045396825, ""f"": ""Interlude""}, {""t"": 57.302494331, ""f"": ""Verse""}, {""t"": 73.608798185, ""f"": ""Chorus""}, {""t"": 80.712562358, ""f"": ""Interlude""}, {""t"": 88.881405895, ""f"": ""Pre-Verse""}, {""t"": 105.24526077, ""f"": ""Verse""}, {""t"": 121.455532879, ""f"": ""Chorus""}, {""t"": 128.571065759, ""f"": ""Interlude""}, {""t"": 144.878390022, ""f"": ""Instrumental""}, {""t"": 201.996439909, ""f"": ""Interlude""}, {""t"": 234.529387755, ""f"": ""Interlude""}, {""t"": 267.117528344, ""f"": ""Solo""}, {""t"": 299.706984126, ""f"": ""Instrumental""}, {""t"": 332.278185941, ""f"": ""Instrumental""}, {""t"": 391.342403628, ""f"": ""Interlude""}, {""t"": 407.676507936, ""f"": ""Bridge""}, {""t"": 456.493446712, ""f"": ""Instrumental""}, {""t"": 480.923673469, ""f"": ""Verse""}, {""t"": 497.224875283, ""f"": ""Chorus""}, {""t"": 504.35585034, ""f"": ""Interlude""}, {""t"": 512.501201814, ""f"": ""Verse""}, {""t"": 528.839138321, ""f"": ""Chorus""}, {""t"": 535.971768707, ""f"": ""Interlude""}, {""t"": 544.089750566, ""f"": ""Pre-Verse""}, {""t"": 560.470884353, ""f"": ""Verse""}, {""t"": 576.765963718, ""f"": ""Chorus""}, {""t"": 583.851904761, ""f"": ""Interlude""}, {""t"": 600.173696145, ""f"": ""Instrumental""}, {""t"": 624.667097505, ""f"": ""Fade-out""}, {""t"": 628.285532879, ""f"": ""Silence""}, {""t"": 630.360816326, ""f"": ""End""}]",[],[],spectrograms/mel/863_Santa_Esmeralda_Don__t_Let_Me_Be_Misunderstood.png,spectrograms/linear/863_Santa_Esmeralda_Don__t_Let_Me_Be_Misunderstood.png,spectrograms/matrices/863_Santa_Esmeralda_Don__t_Let_Me_Be_Misunderstood.npy
879,Thumri in Raga Khamaj,Bismillah Ustad Khan,"[0.0, 0.391836734, 90.840816326, 184.848979591, 309.159183673, 407.510204081, 512.55510204, 516.414603174, 516.414693877]","[{""t"": 0.0, ""f"": ""Silence""}, {""t"": 0.391836734, ""f"": ""no_function""}, {""t"": 90.840816326, ""f"": ""no_function""}, {""t"": 184.848979591, ""f"": ""no_function""}, {""t"": 309.159183673, ""f"": ""no_function""}, {""t"": 407.510204081, ""f"": ""no_function""}, {""t"": 512.55510204, ""f"": ""applause""}, {""t"": 516.414603174, ""f"": ""Silence""}, {""t"": 516.414693877, ""f"": ""End""}]","[0.0, 0.431020408, 47.766507936, 89.022290249, 121.947324263, 188.112222222, 244.922426303, 308.234331065, 348.613015873, 357.215782312, 396.254920634, 406.444195011, 454.551247165, 490.723333333, 516.454693877]","[{""t"": 0.0, ""f"": ""Silence""}, {""t"": 0.431020408, ""f"": ""Intro""}, {""t"": 47.766507936, ""f"": ""no_function""}, {""t"": 89.022290249, ""f"": ""no_function""}, {""t"": 121.947324263, ""f"": ""no_function""}, {""t"": 188.112222222, ""f"": ""no_function""}, {""t"": 244.922426303, ""f"": ""no_function""}, {""t"": 308.234331065, ""f"": ""no_function""}, {""t"": 348.613015873, ""f"": ""no_function""}, {""t"": 357.215782312, ""f"": ""no_function""}, {""t"": 396.254920634, ""f"": ""no_function""}, {""t"": 406.444195011, ""f"": ""no_function""}, {""t"": 454.551247165, ""f"": ""no_function""}, {""t"": 490.723333333, ""f"": ""no_function""}, {""t"": 516.454693877, ""f"": ""End""}]",spectrograms/mel/879_Bismillah_Ustad_Khan_Thumri_in_Raga_Khamaj.png,spectrograms/linear/879_Bismillah_Ustad_Khan_Thumri_in_Raga_Khamaj.png,spectrograms/matrices/879_Bismillah_Ustad_Khan_Thumri_in_Raga_Khamaj.npy
883,Chaiyya Chaiyya Bollywood Joint,Sapna Awasthi & Sukwinder Singh,"[0.0, 0.738956916, 38.080725623, 70.146303854, 94.153061224, 104.824852607, 115.520907029, 158.140181405, 211.443809523, 222.12526077, 243.388571428, 299.243514739, 333.966530612, 365.974807256, 376.639206349, 408.680612244, 408.706122448]","[{""t"": 0.0, ""f"": ""Silence""}, {""t"": 0.738956916, ""f"": ""Intro""}, {""t"": 38.080725623, ""f"": ""Intro""}, {""t"": 70.146303854, ""f"": ""Chorus""}, {""t"": 94.153061224, ""f"": ""Verse""}, {""t"": 104.824852607, ""f"": ""Chorus""}, {""t"": 115.520907029, ""f"": ""Instrumental""}, {""t"": 158.140181405, ""f"": ""Verse""}, {""t"": 211.443809523, ""f"": ""Verse""}, {""t"": 222.12526077, ""f"": ""Chorus""}, {""t"": 243.388571428, ""f"": ""Instrumental""}, {""t"": 299.243514739, ""f"": ""Verse""}, {""t"": 333.966530612, ""f"": ""Chorus""}, {""t"": 365.974807256, ""f"": ""Verse""}, {""t"": 376.639206349, ""f"": ""Outro""}, {""t"": 408.680612244, ""f"": ""Silence""}, {""t"": 408.706122448, ""f"": ""End""}]","[0.0, 0.460204081, 70.216439909, 94.174331065, 115.776712018, 158.178662131, 222.174013605, 270.189024943, 299.464058956, 355.388956916, 408.763696145]","[{""t"": 0.0, ""f"": ""Silence""}, {""t"": 0.460204081, ""f"": ""Intro""}, {""t"": 70.216439909, ""f"": ""no_function""}, {""t"": 94.174331065, ""f"": ""no_function""}, {""t"": 115.776712018, ""f"": ""Interlude""}, {""t"": 158.178662131, ""f"": ""no_function""}, {""t"": 222.174013605, ""f"": ""no_function""}, {""t"": 270.189024943, ""f"": ""Interlude""}, {""t"": 299.464058956, ""f"": ""no_function""}, {""t"": 355.388956916, ""f"": ""Outro""}, {""t"": 408.763696145, ""f"": ""End""}]",spectrograms/mel/883_Sapna_Awasthi_&_Sukwinder_Singh_Chaiyya_Chaiyya_Bollywood_Joint.png,spectrograms/linear/883_Sapna_Awasthi_&_Sukwinder_Singh_Chaiyya_Chaiyya_Bollywood_Joint.png,spectrograms/matrices/883_Sapna_Awasthi_&_Sukwinder_Singh_Chaiyya_Chaiyya_Bollywood_Joint.npy
887,Agun Pani,Purna Chandra Das Baul,"[0.0, 0.185759637, 11.633197278, 15.952108843, 27.37632653, 31.739659863, 43.319070294, 47.510612244, 58.630385487, 60.069886621, 77.452585034, 83.193106575, 87.439342403, 98.941972789, 103.261269841, 114.636916099, 118.930045351, 130.211428571, 131.616893424, 148.688526077, 155.703922902, 159.804421768, 171.018163265, 175.171950113, 186.397120181, 190.488435374, 201.404965986, 218.350816326, 224.019115646, 229.620340136, 233.750498866, 244.936303854, 249.159954648, 260.403877551, 271.425487528, 278.523356009, 278.700408163]","[{""t"": 0.0, ""f"": ""Silence""}, {""t"": 0.185759637, ""f"": ""Intro""}, {""t"": 11.633197278, ""f"": ""Pre-Chorus""}, {""t"": 15.952108843, ""f"": ""Chorus""}, {""t"": 27.37632653, ""f"": ""Pre-Chorus""}, {""t"": 31.739659863, ""f"": ""Chorus""}, {""t"": 43.319070294, ""f"": ""Pre-Chorus""}, {""t"": 47.510612244, ""f"": ""Chorus""}, {""t"": 58.630385487, ""f"": ""Transition""}, {""t"": 60.069886621, ""f"": ""Verse""}, {""t"": 77.452585034, ""f"": ""Pre-Chorus""}, {""t"": 83.193106575, ""f"": ""Pre-Chorus""}, {""t"": 87.439342403, ""f"": ""Chorus""}, {""t"": 98.941972789, ""f"": ""Pre-Chorus""}, {""t"": 103.261269841, ""f"": ""Chorus""}, {""t"": 114.636916099, ""f"": ""Pre-Chorus""}, {""t"": 118.930045351, ""f"": ""Chorus""}, {""t"": 130.211428571, ""f"": ""Transition""}, {""t"": 131.616893424, ""f"": ""Verse""}, {""t"": 148.688526077, ""f"": ""Pre-Chorus""}, {""t"": 155.703922902, ""f"": ""Pre-Chorus""}, {""t"": 159.804421768, ""f"": ""Chorus""}, {""t"": 171.018163265, ""f"": ""Pre-Chorus""}, {""t"": 175.171950113, ""f"": ""Chorus""}, {""t"": 186.397120181, ""f"": ""Pre-Chorus""}, {""t"": 190.488435374, ""f"": ""Chorus""}, {""t"": 201.404965986, ""f"": ""Verse""}, {""t"": 218.350816326, ""f"": ""Pre-Chorus""}, {""t"": 224.019115646, ""f"": ""Pre-Chorus""}, {""t"": 229.620340136, ""f"": ""Pre-Chorus""}, {""t"": 233.750498866, ""f"": ""Chorus""}, {""t"": 244.936303854, ""f"": ""Pre-Chorus""}, {""t"": 249.159954648, ""f"": ""Chorus""}, {""t"": 260.403877551, ""f"": ""Chorus""}, {""t"": 271.425487528, ""f"": ""Chorus""}, {""t"": 278.523356009, ""f"": ""Silence""}, {""t"": 278.700408163, ""f"": ""End""}]",[],[],spectrograms/mel/887_Purna_Chandra_Das_Baul_Agun_Pani.png,spectrograms/linear/887_Purna_Chandra_Das_Baul_Agun_Pani.png,spectrograms/matrices/887_Purna_Chandra_Das_Baul_Agun_Pani.npy
895,Basarabye,Brave Old World,"[0.0, 0.352471655, 9.378548752, 35.834376417, 40.254444444, 100.889138321, 111.015895691, 116.221882086, 180.841927437, 290.048117913, 305.640453514, 309.946530612, 342.125056689, 353.467981859, 380.19664399, 395.028435374, 413.844104308, 419.348117913]","[{""t"": 0.0, ""f"": ""Silence""}, {""t"": 0.352471655, ""f"": ""Intro""}, {""t"": 9.378548752, ""f"": ""Intro""}, {""t"": 35.834376417, ""f"": ""Transition""}, {""t"": 40.254444444, ""f"": ""Verse""}, {""t"": 100.889138321, ""f"": ""Interlude""}, {""t"": 111.015895691, ""f"": ""Transition""}, {""t"": 116.221882086, ""f"": ""Verse""}, {""t"": 180.841927437, ""f"": ""Interlude""}, {""t"": 290.048117913, ""f"": ""Transition""}, {""t"": 305.640453514, ""f"": ""Transition""}, {""t"": 309.946530612, ""f"": ""Verse""}, {""t"": 342.125056689, ""f"": ""Transition""}, {""t"": 353.467981859, ""f"": ""Outro""}, {""t"": 380.19664399, ""f"": ""Outro""}, {""t"": 395.028435374, ""f"": ""Outro""}, {""t"": 413.844104308, ""f"": ""Silence""}, {""t"": 419.348117913, ""f"": ""End""}]","[0.0, 0.377324263, 40.846780045, 70.256258503, 102.063446712, 110.910090702, 148.601995464, 177.20292517, 289.680453514, 310.307641723, 344.306598639, 380.177097505, 419.362993197]","[{""t"": 0.0, ""f"": ""Silence""}, {""t"": 0.377324263, ""f"": ""no_function""}, {""t"": 40.846780045, ""f"": ""no_function""}, {""t"": 70.256258503, ""f"": ""no_function""}, {""t"": 102.063446712, ""f"": ""Interlude""}, {""t"": 110.910090702, ""f"": ""no_function""}, {""t"": 148.601995464, ""f"": ""no_function""}, {""t"": 177.20292517, ""f"": ""no_function""}, {""t"": 289.680453514, ""f"": ""no_function""}, {""t"": 310.307641723, ""f"": ""no_function""}, {""t"": 344.306598639, ""f"": ""no_function""}, {""t"": 380.177097505, ""f"": ""Outro""}, {""t"": 419.362993197, ""f"": ""End""}]",spectrograms/mel/895_Brave_Old_World_Basarabye.png,spectrograms/linear/895_Brave_Old_World_Basarabye.png,spectrograms/matrices/895_Brave_Old_World_Basarabye.npy
899,Hava Nagila,John Murphy,"[0.0, 0.162539682, 7.429705215, 24.903106575, 39.639365079, 52.076235827, 62.599365079, 67.607301587, 81.351519274, 90.199727891, 94.615147392, 102.926825396, 112.447687074, 112.494058956]","[{""t"": 0.0, ""f"": ""Silence""}, {""t"": 0.162539682, ""f"": ""Intro""}, {""t"": 7.429705215, ""f"": ""Main_Theme""}, {""t"": 24.903106575, ""f"": ""Theme""}, {""t"": 39.639365079, ""f"": ""Theme""}, {""t"": 52.076235827, ""f"": ""Theme""}, {""t"": 62.599365079, ""f"": ""Transition""}, {""t"": 67.607301587, ""f"": ""Theme""}, {""t"": 81.351519274, ""f"": ""Main_Theme""}, {""t"": 90.199727891, ""f"": ""Transition""}, {""t"": 94.615147392, ""f"": ""no_function""}, {""t"": 102.926825396, ""f"": ""Outro""}, {""t"": 112.447687074, ""f"": ""Silence""}, {""t"": 112.494058956, ""f"": ""End""}]","[0.0, 0.185759637, 2.630045351, 24.915578231, 39.683514739, 52.067437641, 62.716666666, 67.635895691, 90.251587301, 94.515351473, 106.97648526, 112.454240362, 112.494058956]","[{""t"": 0.0, ""f"": ""Silence""}, {""t"": 0.185759637, ""f"": ""Intro""}, {""t"": 2.630045351, ""f"": ""Theme""}, {""t"": 24.915578231, ""f"": ""Theme""}, {""t"": 39.683514739, ""f"": ""Theme""}, {""t"": 52.067437641, ""f"": ""Theme""}, {""t"": 62.716666666, ""f"": ""Bridge""}, {""t"": 67.635895691, ""f"": ""Theme""}, {""t"": 90.251587301, ""f"": ""Bridge""}, {""t"": 94.515351473, ""f"": ""Theme""}, {""t"": 106.97648526, ""f"": ""Outro""}, {""t"": 112.454240362, ""f"": ""Silence""}, {""t"": 112.494058956, ""f"": ""End""}]",spectrograms/mel/899_John_Murphy_Hava_Nagila.png,spectrograms/linear/899_John_Murphy_Hava_Nagila.png,spectrograms/matrices/899_John_Murphy_Hava_Nagila.npy
911,Solo Tu,Elliot Goldenthal,"[0.0, 0.30185941, 48.901224489, 81.293605442, 82.678231292]","[{""t"": 0.0, ""f"": ""Silence""}, {""t"": 0.30185941, ""f"": ""no_function""}, {""t"": 48.901224489, ""f"": ""no_function""}, {""t"": 81.293605442, ""f"": ""Silence""}, {""t"": 82.678231292, ""f"": ""End""}]","[0.0, 0.290249433, 50.43510204, 82.701088435]","[{""t"": 0.0, ""f"": ""Silence""}, {""t"": 0.290249433, ""f"": ""Main_Theme""}, {""t"": 50.43510204, ""f"": ""Main_Theme""}, {""t"": 82.701088435, ""f"": ""End""}]",spectrograms/mel/911_Elliot_Goldenthal_Solo_Tu.png,spectrograms/linear/911_Elliot_Goldenthal_Solo_Tu.png,spectrograms/matrices/911_Elliot_Goldenthal_Solo_Tu.npy
939,Sur   Regresso Al Amor,Yo Yo Ma,"[0.0, 0.121904761, 40.858321995, 85.980362811, 135.245124716, 185.62031746, 216.262721088, 256.176099773, 277.879115646, 342.992312925, 361.305918367, 363.40063492]","[{""t"": 0.0, ""f"": ""Silence""}, {""t"": 0.121904761, ""f"": ""Intro""}, {""t"": 40.858321995, ""f"": ""Solo""}, {""t"": 85.980362811, ""f"": ""Solo""}, {""t"": 135.245124716, ""f"": ""Solo""}, {""t"": 185.62031746, ""f"": ""no_function""}, {""t"": 216.262721088, ""f"": ""Main_Theme""}, {""t"": 256.176099773, ""f"": ""Bridge""}, {""t"": 277.879115646, ""f"": ""no_function""}, {""t"": 342.992312925, ""f"": ""Fade-out""}, {""t"": 361.305918367, ""f"": ""Silence""}, {""t"": 363.40063492, ""f"": ""End""}]","[0.0, 0.087074829, 40.742947845, 85.935056689, 135.425124716, 186.121133786, 216.291655328, 256.20664399, 278.008321995, 337.971360544, 363.395941043]","[{""t"": 0.0, ""f"": ""Silence""}, {""t"": 0.087074829, ""f"": ""Head""}, {""t"": 40.742947845, ""f"": ""no_function""}, {""t"": 85.935056689, ""f"": ""no_function""}, {""t"": 135.425124716, ""f"": ""no_function""}, {""t"": 186.121133786, ""f"": ""no_function""}, {""t"": 216.291655328, ""f"": ""no_function""}, {""t"": 256.20664399, ""f"": ""no_function""}, {""t"": 278.008321995, ""f"": ""Head""}, {""t"": 337.971360544, ""f"": ""Fade-out""}, {""t"": 363.395941043, ""f"": ""End""}]",spectrograms/mel/939_Yo_Yo_Ma_Sur___Regresso_Al_Amor.png,spectrograms/linear/939_Yo_Yo_Ma_Sur___Regresso_Al_Amor.png,spectrograms/matrices/939_Yo_Yo_Ma_Sur___Regresso_Al_Amor.npy
943,Sweet Georgia Brown,Doc Watson,"[0.0, 0.278639455, 14.826462585, 28.336712018, 41.778752834, 55.170725623, 68.490521541, 81.794353741, 95.08632653, 111.455782312, 115.304489795]","[{""t"": 0.0, ""f"": ""Silence""}, {""t"": 0.278639455, ""f"": ""Verse""}, {""t"": 14.826462585, ""f"": ""Verse""}, {""t"": 28.336712018, ""f"": ""Solo""}, {""t"": 41.778752834, ""f"": ""Verse""}, {""t"": 55.170725623, ""f"": ""Solo""}, {""t"": 68.490521541, ""f"": ""Verse""}, {""t"": 81.794353741, ""f"": ""Solo""}, {""t"": 95.08632653, ""f"": ""Verse""}, {""t"": 111.455782312, ""f"": ""Silence""}, {""t"": 115.304489795, ""f"": ""End""}]",[],[],spectrograms/mel/943_Doc_Watson_Sweet_Georgia_Brown.png,spectrograms/linear/943_Doc_Watson_Sweet_Georgia_Brown.png,spectrograms/matrices/943_Doc_Watson_Sweet_Georgia_Brown.npy
951,We Believe In Happy Endings,Dry Branch Fire Squad,"[0.0, 0.32600907, 8.653628117, 42.97292517, 79.501995464, 97.722675736, 132.351632653, 169.184807256, 171.167278911]","[{""t"": 0.0, ""f"": ""Silence""}, {""t"": 0.32600907, ""f"": ""Intro""}, {""t"": 8.653628117, ""f"": ""Verse""}, {""t"": 42.97292517, ""f"": ""Chorus""}, {""t"": 79.501995464, ""f"": ""Interlude""}, {""t"": 97.722675736, ""f"": ""Verse""}, {""t"": 132.351632653, ""f"": ""Chorus""}, {""t"": 169.184807256, ""f"": ""Silence""}, {""t"": 171.167278911, ""f"": ""End""}]","[0.0, 0.348299319, 8.748390022, 43.025283446, 77.416870748, 97.435623582, 132.598321995, 170.49600907, 171.167278911]","[{""t"": 0.0, ""f"": ""Silence""}, {""t"": 0.348299319, ""f"": ""Intro""}, {""t"": 8.748390022, ""f"": ""Verse""}, {""t"": 43.025283446, ""f"": ""Chorus""}, {""t"": 77.416870748, ""f"": ""Solo""}, {""t"": 97.435623582, ""f"": ""Verse""}, {""t"": 132.598321995, ""f"": ""Chorus""}, {""t"": 170.49600907, ""f"": ""Silence""}, {""t"": 171.167278911, ""f"": ""End""}]",spectrograms/mel/951_Dry_Branch_Fire_Squad_We_Believe_In_Happy_Endings.png,spectrograms/linear/951_Dry_Branch_Fire_Squad_We_Believe_In_Happy_Endings.png,spectrograms/matrices/951_Dry_Branch_Fire_Squad_We_Believe_In_Happy_Endings.npy
13,The Living,Natalie Merchant,"[0.0, 0.139319727, 22.527528344, 46.039614512, 57.935668934, 81.680612244, 93.652108843, 117.427482993, 141.107369614, 141.107369614, 164.787482993, 176.931428571, 195.700340136, 198.124693877]","[{""t"": 0.0, ""f"": ""Silence""}, {""t"": 0.139319727, ""f"": ""Intro""}, {""t"": 22.527528344, ""f"": ""Verse""}, {""t"": 46.039614512, ""f"": ""Chorus""}, {""t"": 57.935668934, ""f"": ""Verse""}, {""t"": 81.680612244, ""f"": ""Chorus""}, {""t"": 93.652108843, ""f"": ""Verse""}, {""t"": 117.427482993, ""f"": ""Chorus""}, {""t"": 141.107369614, ""f"": ""Instrumental""}, {""t"": 141.107369614, ""f"": ""Interlude""}, {""t"": 164.787482993, ""f"": ""Chorus""}, {""t"": 176.931428571, ""f"": ""Outro""}, {""t"": 195.700340136, ""f"": ""Silence""}, {""t"": 198.124693877, ""f"": ""End""}]","[0.0, 0.193741496, 11.247414965, 22.547256235, 34.222562358, 46.079387755, 57.961746031, 69.931156462, 81.701609977, 93.704965986, 105.513061224, 117.484965986, 129.325056689, 141.192811791, 152.859115646, 164.934013605, 176.982108843, 193.683061224, 198.124217687]","[{""t"": 0.0, ""f"": ""Silence""}, {""t"": 0.193741496, ""f"": ""Intro""}, {""t"": 11.247414965, ""f"": ""Intro""}, {""t"": 22.547256235, ""f"": ""Verse""}, {""t"": 34.222562358, ""f"": ""Verse""}, {""t"": 46.079387755, ""f"": ""Chorus""}, {""t"": 57.961746031, ""f"": ""Verse""}, {""t"": 69.931156462, ""f"": ""Verse""}, {""t"": 81.701609977, ""f"": ""Chorus""}, {""t"": 93.704965986, ""f"": ""Verse""}, {""t"": 105.513061224, ""f"": ""Verse""}, {""t"": 117.484965986, ""f"": ""Chorus""}, {""t"": 129.325056689, ""f"": ""Chorus""}, {""t"": 141.192811791, ""f"": ""Solo""}, {""t"": 152.859115646, ""f"": ""no_function""}, {""t"": 164.934013605, ""f"": ""Chorus""}, {""t"": 176.982108843, ""f"": ""tag""}, {""t"": 193.683061224, ""f"": ""Silence""}, {""t"": 198.124217687, ""f"": ""End""}]",spectrograms/mel/13_Natalie_Merchant_The_Living.png,spectrograms/linear/13_Natalie_Merchant_The_Living.png,spectrograms/matrices/13_Natalie_Merchant_The_Living.npy
21,All Your Love   I Miss Loving,Stevie Ray Vaughan,"[0.0, 0.021768707, 24.051768707, 46.353990929, 68.662222222, 91.053945578, 113.622993197, 135.584829931, 157.87217687, 179.980748299, 201.660589569, 223.316439909, 244.901814058, 266.912517006, 288.997369614, 311.190430839, 333.117596371, 351.940498866, 362.33079365, 383.316666666]","[{""t"": 0.0, ""f"": ""Silence""}, {""t"": 0.021768707, ""f"": ""Intro""}, {""t"": 24.051768707, ""f"": ""Intro""}, {""t"": 46.353990929, ""f"": ""Verse""}, {""t"": 68.662222222, ""f"": ""Verse""}, {""t"": 91.053945578, ""f"": ""Solo""}, {""t"": 113.622993197, ""f"": ""Solo""}, {""t"": 135.584829931, ""f"": ""Solo""}, {""t"": 157.87217687, ""f"": ""Solo""}, {""t"": 179.980748299, ""f"": ""Verse""}, {""t"": 201.660589569, ""f"": ""Verse""}, {""t"": 223.316439909, ""f"": ""Interlude""}, {""t"": 244.901814058, ""f"": ""Verse""}, {""t"": 266.912517006, ""f"": ""Verse""}, {""t"": 288.997369614, ""f"": ""Solo""}, {""t"": 311.190430839, ""f"": ""Solo""}, {""t"": 333.117596371, ""f"": ""Verse""}, {""t"": 351.940498866, ""f"": ""Outro""}, {""t"": 362.33079365, ""f"": ""no_function""}, {""t"": 383.316666666, ""f"": ""End""}]","[0.0, 0.0, 46.396848072, 90.981179138, 113.461564625, 179.91723356, 223.106802721, 244.859659863, 288.88494331, 332.999886621, 354.009206349, 362.186235827, 383.280589569]","[{""t"": 0.0, ""f"": ""Intro""}, {""t"": 0.0, ""f"": ""silence""}, {""t"": 46.396848072, ""f"": ""Verse""}, {""t"": 90.981179138, ""f"": ""Transition""}, {""t"": 113.461564625, ""f"": ""Solo""}, {""t"": 179.91723356, ""f"": ""Chorus""}, {""t"": 223.106802721, ""f"": ""Transition""}, {""t"": 244.859659863, ""f"": ""Verse""}, {""t"": 288.88494331, ""f"": ""Solo""}, {""t"": 332.999886621, ""f"": ""Chorus""}, {""t"": 354.009206349, ""f"": ""Outro""}, {""t"": 362.186235827, ""f"": ""no_function""}, {""t"": 383.280589569, ""f"": ""End""}]",spectrograms/mel/21_Stevie_Ray_Vaughan_All_Your_Love___I_Miss_Loving.png,spectrograms/linear/21_Stevie_Ray_Vaughan_All_Your_Love___I_Miss_Loving.png,spectrograms/matrices/21_Stevie_Ray_Vaughan_All_Your_Love___I_Miss_Loving.npy
37,Dock Boggs Country Blues,Kelly Joe Phelps,"[0.0, 0.394739229, 21.919637188, 52.825396825, 103.537777777, 103.537777777, 125.666258503, 161.866303854, 217.153015873, 217.153015873, 241.378730158, 293.709206349, 293.709206349, 324.986235827, 354.797188208, 380.331632653, 383.007823129]","[{""t"": 0.0, ""f"": ""Silence""}, {""t"": 0.394739229, ""f"": ""Intro""}, {""t"": 21.919637188, ""f"": ""Verse""}, {""t"": 52.825396825, ""f"": ""Verse""}, {""t"": 103.537777777, ""f"": ""Instrumental""}, {""t"": 103.537777777, ""f"": ""Solo""}, {""t"": 125.666258503, ""f"": ""Bridge""}, {""t"": 161.866303854, ""f"": ""Verse""}, {""t"": 217.153015873, ""f"": ""Instrumental""}, {""t"": 217.153015873, ""f"": ""Solo""}, {""t"": 241.378730158, ""f"": ""Verse""}, {""t"": 293.709206349, ""f"": ""Instrumental""}, {""t"": 293.709206349, ""f"": ""Solo""}, {""t"": 324.986235827, ""f"": ""Verse""}, {""t"": 354.797188208, ""f"": ""Outro""}, {""t"": 380.331632653, ""f"": ""Silence""}, {""t"": 383.007823129, ""f"": ""End""}]","[0.0, 1.114557823, 22.527052154, 105.159501133, 126.777664399, 151.257120181, 161.610884353, 217.315555555, 242.058979591, 295.055963718, 325.628208616, 354.991405895, 375.183673469, 380.249977324, 383.007346938]","[{""t"": 0.0, ""f"": ""Silence""}, {""t"": 1.114557823, ""f"": ""Intro""}, {""t"": 22.527052154, ""f"": ""Verse""}, {""t"": 105.159501133, ""f"": ""Solo""}, {""t"": 126.777664399, ""f"": ""Verse""}, {""t"": 151.257120181, ""f"": ""Solo""}, {""t"": 161.610884353, ""f"": ""Verse""}, {""t"": 217.315555555, ""f"": ""Solo""}, {""t"": 242.058979591, ""f"": ""Verse""}, {""t"": 295.055963718, ""f"": ""Solo""}, {""t"": 325.628208616, ""f"": ""Verse""}, {""t"": 354.991405895, ""f"": ""Solo""}, {""t"": 375.183673469, ""f"": ""Outro""}, {""t"": 380.249977324, ""f"": ""Silence""}, {""t"": 383.007346938, ""f"": ""End""}]",spectrograms/mel/37_Kelly_Joe_Phelps_Dock_Boggs_Country_Blues.png,spectrograms/linear/37_Kelly_Joe_Phelps_Dock_Boggs_Country_Blues.png,spectrograms/matrices/37_Kelly_Joe_Phelps_Dock_Boggs_Country_Blues.npy
45,Low Society,Ray Charles,"[0.0, 0.261224489, 29.308276643, 58.043945578, 86.19079365, 113.993265306, 141.858344671, 174.135963718]","[{""t"": 0.0, ""f"": ""Silence""}, {""t"": 0.261224489, ""f"": ""no_function""}, {""t"": 29.308276643, ""f"": ""no_function""}, {""t"": 58.043945578, ""f"": ""no_function""}, {""t"": 86.19079365, ""f"": ""no_function""}, {""t"": 113.993265306, ""f"": ""no_function""}, {""t"": 141.858344671, ""f"": ""no_function""}, {""t"": 174.135963718, ""f"": ""End""}]","[0.0, 0.213764172, 29.435147392, 58.20371882, 86.185192743, 113.880045351, 141.804263038, 165.703832199, 171.359637188, 174.131587301]","[{""t"": 0.0, ""f"": ""Silence""}, {""t"": 0.213764172, ""f"": ""Head""}, {""t"": 29.435147392, ""f"": ""Solo""}, {""t"": 58.20371882, ""f"": ""Solo""}, {""t"": 86.185192743, ""f"": ""Solo""}, {""t"": 113.880045351, ""f"": ""Head""}, {""t"": 141.804263038, ""f"": ""Solo""}, {""t"": 165.703832199, ""f"": ""Outro""}, {""t"": 171.359637188, ""f"": ""Silence""}, {""t"": 174.131587301, ""f"": ""End""}]",spectrograms/mel/45_Ray_Charles_Low_Society.png,spectrograms/linear/45_Ray_Charles_Low_Society.png,spectrograms/matrices/45_Ray_Charles_Low_Society.npy
53,Screamin,Paul Butterfield Blues Band,"[0.0, 0.116099773, 22.173446712, 43.552222222, 64.950816326, 86.434489795, 108.07956916, 129.599727891, 151.215578231, 172.738185941, 194.597596371, 216.305442176, 237.961972789, 259.174716553, 266.386462585, 275.175873015]","[{""t"": 0.0, ""f"": ""Silence""}, {""t"": 0.116099773, ""f"": ""Intro""}, {""t"": 22.173446712, ""f"": ""Head""}, {""t"": 43.552222222, ""f"": ""no_function""}, {""t"": 64.950816326, ""f"": ""no_function""}, {""t"": 86.434489795, ""f"": ""no_function""}, {""t"": 108.07956916, ""f"": ""no_function""}, {""t"": 129.599727891, ""f"": ""no_function""}, {""t"": 151.215578231, ""f"": ""Head""}, {""t"": 172.738185941, ""f"": ""no_function""}, {""t"": 194.597596371, ""f"": ""no_function""}, {""t"": 216.305442176, ""f"": ""Head""}, {""t"": 237.961972789, ""f"": ""Head""}, {""t"": 259.174716553, ""f"": ""no_function""}, {""t"": 266.386462585, ""f"": ""Fade-out""}, {""t"": 275.175873015, ""f"": ""End""}]","[0.0, 0.0, 22.153219954, 43.62510204, 65.035351473, 86.592585034, 108.08095238, 129.630340136, 151.238140589, 172.915759637, 198.315442176, 216.348435374, 238.075442176, 259.219160997, 275.19079365]","[{""t"": 0.0, ""f"": ""Intro""}, {""t"": 0.0, ""f"": ""Silence""}, {""t"": 22.153219954, ""f"": ""Head""}, {""t"": 43.62510204, ""f"": ""Solo""}, {""t"": 65.035351473, ""f"": ""Solo""}, {""t"": 86.592585034, ""f"": ""Solo""}, {""t"": 108.08095238, ""f"": ""Intro""}, {""t"": 129.630340136, ""f"": ""Intro""}, {""t"": 151.238140589, ""f"": ""Head""}, {""t"": 172.915759637, ""f"": ""Solo""}, {""t"": 198.315442176, ""f"": ""Solo""}, {""t"": 216.348435374, ""f"": ""Head""}, {""t"": 238.075442176, ""f"": ""Head""}, {""t"": 259.219160997, ""f"": ""Outro""}, {""t"": 275.19079365, ""f"": ""End""}]",spectrograms/mel/53_Paul_Butterfield_Blues_Band_Screamin.png,spectrograms/linear/53_Paul_Butterfield_Blues_Band_Screamin.png,spectrograms/matrices/53_Paul_Butterfield_Blues_Band_Screamin.npy
309,I Remember You,Slim Whitman,"[0.0, 0.0, 5.044648526, 20.535192743, 36.00786848, 51.438185941, 74.43648526, 89.812947845, 123.088979591, 123.791043083]","[{""t"": 0.0, ""f"": ""Intro""}, {""t"": 0.0, ""f"": ""silence""}, {""t"": 5.044648526, ""f"": ""Verse""}, {""t"": 20.535192743, ""f"": ""Verse""}, {""t"": 36.00786848, ""f"": ""Pre-Chorus""}, {""t"": 51.438185941, ""f"": ""Chorus""}, {""t"": 74.43648526, ""f"": ""Pre-Chorus""}, {""t"": 89.812947845, ""f"": ""Chorus""}, {""t"": 123.088979591, ""f"": ""Silence""}, {""t"": 123.791043083, ""f"": ""End""}]","[0.0, 0.0, 5.025056689, 20.477845804, 35.998866213, 51.400340136, 74.485782312, 89.752562358, 122.989750566, 123.78217687]","[{""t"": 0.0, ""f"": ""Intro""}, {""t"": 0.0, ""f"": ""Silence""}, {""t"": 5.025056689, ""f"": ""Verse""}, {""t"": 20.477845804, ""f"": ""Verse""}, {""t"": 35.998866213, ""f"": ""Bridge""}, {""t"": 51.400340136, ""f"": ""Chorus""}, {""t"": 74.485782312, ""f"": ""Bridge""}, {""t"": 89.752562358, ""f"": ""Chorus""}, {""t"": 122.989750566, ""f"": ""Silence""}, {""t"": 123.78217687, ""f"": ""End""}]",spectrograms/mel/309_Slim_Whitman_I_Remember_You.png,spectrograms/linear/309_Slim_Whitman_I_Remember_You.png,spectrograms/matrices/309_Slim_Whitman_I_Remember_You.npy
317,Back To Dallas,Eilen Jewell,"[0.0, 1.346757369, 21.171269841, 36.107687074, 41.021247165, 56.06446712, 60.971337868, 75.971383219, 80.907619047, 80.907619047, 100.483968253, 115.6361678, 120.564217687, 135.65201814, 140.635510204, 140.635510204, 160.523537414, 175.78770975, 185.883877551, 196.301496598, 199.237913832]","[{""t"": 0.0, ""f"": ""Silence""}, {""t"": 1.346757369, ""f"": ""Intro""}, {""t"": 21.171269841, ""f"": ""Verse""}, {""t"": 36.107687074, ""f"": ""Verse""}, {""t"": 41.021247165, ""f"": ""Verse""}, {""t"": 56.06446712, ""f"": ""Verse""}, {""t"": 60.971337868, ""f"": ""Chorus""}, {""t"": 75.971383219, ""f"": ""Chorus""}, {""t"": 80.907619047, ""f"": ""Instrumental""}, {""t"": 80.907619047, ""f"": ""Solo""}, {""t"": 100.483968253, ""f"": ""Verse""}, {""t"": 115.6361678, ""f"": ""Verse""}, {""t"": 120.564217687, ""f"": ""Chorus""}, {""t"": 135.65201814, ""f"": ""Chorus""}, {""t"": 140.635510204, ""f"": ""Instrumental""}, {""t"": 140.635510204, ""f"": ""Solo""}, {""t"": 160.523537414, ""f"": ""Chorus""}, {""t"": 175.78770975, ""f"": ""Chorus""}, {""t"": 185.883877551, ""f"": ""Outro""}, {""t"": 196.301496598, ""f"": ""Silence""}, {""t"": 199.237913832, ""f"": ""End""}]","[0.0, 1.787936507, 21.13585034, 40.982403628, 60.905941043, 80.830340136, 100.486507936, 120.523741496, 140.595691609, 160.523832199, 190.19802721, 196.263038548, 199.248888888]","[{""t"": 0.0, ""f"": ""Silence""}, {""t"": 1.787936507, ""f"": ""Intro""}, {""t"": 21.13585034, ""f"": ""Verse""}, {""t"": 40.982403628, ""f"": ""Verse""}, {""t"": 60.905941043, ""f"": ""Chorus""}, {""t"": 80.830340136, ""f"": ""Solo""}, {""t"": 100.486507936, ""f"": ""Verse""}, {""t"": 120.523741496, ""f"": ""Chorus""}, {""t"": 140.595691609, ""f"": ""Solo""}, {""t"": 160.523832199, ""f"": ""Chorus""}, {""t"": 190.19802721, ""f"": ""Outro""}, {""t"": 196.263038548, ""f"": ""Silence""}, {""t"": 199.248888888, ""f"": ""End""}]",spectrograms/mel/317_Eilen_Jewell_Back_To_Dallas.png,spectrograms/linear/317_Eilen_Jewell_Back_To_Dallas.png,spectrograms/matrices/317_Eilen_Jewell_Back_To_Dallas.npy
325,Ready For The Good Times,Shakira,"[0.0, 0.275736961, 16.15047619, 32.087596371, 48.05770975, 63.861587301, 87.659659863, 103.42340136, 119.312857142, 135.166213151, 151.165170068, 166.915532879, 182.80185941, 198.648253968, 214.445464852, 254.11324263]","[{""t"": 0.0, ""f"": ""Silence""}, {""t"": 0.275736961, ""f"": ""Intro""}, {""t"": 16.15047619, ""f"": ""Verse""}, {""t"": 32.087596371, ""f"": ""Pre-Chorus""}, {""t"": 48.05770975, ""f"": ""Chorus""}, {""t"": 63.861587301, ""f"": ""post-chorus""}, {""t"": 87.659659863, ""f"": ""Verse""}, {""t"": 103.42340136, ""f"": ""Pre-Chorus""}, {""t"": 119.312857142, ""f"": ""Chorus""}, {""t"": 135.166213151, ""f"": ""post-chorus""}, {""t"": 151.165170068, ""f"": ""Solo""}, {""t"": 166.915532879, ""f"": ""Pre-Chorus""}, {""t"": 182.80185941, ""f"": ""Chorus""}, {""t"": 198.648253968, ""f"": ""post-chorus""}, {""t"": 214.445464852, ""f"": ""Outro""}, {""t"": 254.11324263, ""f"": ""End""}]","[0.0, 0.278639455, 8.243696145, 16.13786848, 32.087324263, 47.918163265, 63.761995464, 79.603106575, 87.579229024, 103.445827664, 119.316780045, 135.140136054, 151.022585034, 166.892063492, 182.764263038, 198.645192743, 214.463832199, 238.283174603, 250.70585034, 254.102494331]","[{""t"": 0.0, ""f"": ""Silence""}, {""t"": 0.278639455, ""f"": ""Intro""}, {""t"": 8.243696145, ""f"": ""Pre-Verse""}, {""t"": 16.13786848, ""f"": ""no_function""}, {""t"": 32.087324263, ""f"": ""Pre-Verse""}, {""t"": 47.918163265, ""f"": ""Chorus""}, {""t"": 63.761995464, ""f"": ""Bridge""}, {""t"": 79.603106575, ""f"": ""Pre-Verse""}, {""t"": 87.579229024, ""f"": ""Verse""}, {""t"": 103.445827664, ""f"": ""Pre-Chorus""}, {""t"": 119.316780045, ""f"": ""Chorus""}, {""t"": 135.140136054, ""f"": ""Bridge""}, {""t"": 151.022585034, ""f"": ""Solo""}, {""t"": 166.892063492, ""f"": ""Pre-Chorus""}, {""t"": 182.764263038, ""f"": ""Chorus""}, {""t"": 198.645192743, ""f"": ""Bridge""}, {""t"": 214.463832199, ""f"": ""no_function""}, {""t"": 238.283174603, ""f"": ""Outro""}, {""t"": 250.70585034, ""f"": ""Silence""}, {""t"": 254.102494331, ""f"": ""End""}]",spectrograms/mel/325_Shakira_Ready_For_The_Good_Times.png,spectrograms/linear/325_Shakira_Ready_For_The_Good_Times.png,spectrograms/matrices/325_Shakira_Ready_For_The_Good_Times.npy
333,Stand,Jewel,"[0.0, 0.078367346, 13.794285714, 44.218684807, 64.472970521, 84.558276643, 104.945034013, 127.587596371, 147.810249433, 168.040385487, 193.281111111]","[{""t"": 0.0, ""f"": ""Silence""}, {""t"": 0.078367346, ""f"": ""Intro""}, {""t"": 13.794285714, ""f"": ""Verse""}, {""t"": 44.218684807, ""f"": ""Chorus""}, {""t"": 64.472970521, ""f"": ""Verse""}, {""t"": 84.558276643, ""f"": ""Chorus""}, {""t"": 104.945034013, ""f"": ""Bridge""}, {""t"": 127.587596371, ""f"": ""Chorus""}, {""t"": 147.810249433, ""f"": ""Chorus""}, {""t"": 168.040385487, ""f"": ""Fade-out""}, {""t"": 193.281111111, ""f"": ""End""}]","[0.0, 0.0, 3.724013605, 13.755963718, 44.099773242, 64.31585034, 84.531768707, 104.733106575, 127.460022675, 147.676371882, 167.897369614, 167.897369614, 188.764104308, 193.253877551]","[{""t"": 0.0, ""f"": ""Intro""}, {""t"": 0.0, ""f"": ""Silence""}, {""t"": 3.724013605, ""f"": ""Intro""}, {""t"": 13.755963718, ""f"": ""Verse""}, {""t"": 44.099773242, ""f"": ""Chorus""}, {""t"": 64.31585034, ""f"": ""no_function""}, {""t"": 84.531768707, ""f"": ""Chorus""}, {""t"": 104.733106575, ""f"": ""Bridge""}, {""t"": 127.460022675, ""f"": ""Chorus""}, {""t"": 147.676371882, ""f"": ""Chorus""}, {""t"": 167.897369614, ""f"": ""Chorus""}, {""t"": 167.897369614, ""f"": ""Fade-out""}, {""t"": 188.764104308, ""f"": ""Silence""}, {""t"": 193.253877551, ""f"": ""End""}]",spectrograms/mel/333_Jewel_Stand.png,spectrograms/linear/333_Jewel_Stand.png,spectrograms/matrices/333_Jewel_Stand.npy
341,Chainsaw Breakfast,Sixtoo,"[0.0, 0.010204081, 0.010204081, 6.226417233, 6.226417233, 12.266394557, 12.266394557, 18.357959183, 18.357959183, 24.414149659, 24.414149659, 30.435464852, 30.435464852, 33.436621315, 38.165600907]","[{""t"": 0.0, ""f"": ""Silence""}, {""t"": 0.010204081, ""f"": ""Main_Theme""}, {""t"": 0.010204081, ""f"": ""Theme""}, {""t"": 6.226417233, ""f"": ""Main_Theme""}, {""t"": 6.226417233, ""f"": ""Theme""}, {""t"": 12.266394557, ""f"": ""Main_Theme""}, {""t"": 12.266394557, ""f"": ""Theme""}, {""t"": 18.357959183, ""f"": ""Main_Theme""}, {""t"": 18.357959183, ""f"": ""Theme""}, {""t"": 24.414149659, ""f"": ""Main_Theme""}, {""t"": 24.414149659, ""f"": ""Theme""}, {""t"": 30.435464852, ""f"": ""Main_Theme""}, {""t"": 30.435464852, ""f"": ""Theme""}, {""t"": 33.436621315, ""f"": ""Outro""}, {""t"": 38.165600907, ""f"": ""End""}]","[0.0, 0.0, 30.389501133, 38.165600907]","[{""t"": 0.0, ""f"": ""Solo""}, {""t"": 0.0, ""f"": ""silence""}, {""t"": 30.389501133, ""f"": ""Outro""}, {""t"": 38.165600907, ""f"": ""End""}]",spectrograms/mel/341_Sixtoo_Chainsaw_Breakfast.png,spectrograms/linear/341_Sixtoo_Chainsaw_Breakfast.png,spectrograms/matrices/341_Sixtoo_Chainsaw_Breakfast.npy
357,Chapters,Jessy Moss,"[0.0, 0.246712018, 15.2323356, 44.731655328, 68.026961451, 91.417845804, 114.711904761, 126.329183673, 149.857256235, 184.694263038, 196.47446712, 219.781950113, 254.51861678]","[{""t"": 0.0, ""f"": ""Silence""}, {""t"": 0.246712018, ""f"": ""Intro""}, {""t"": 15.2323356, ""f"": ""Verse""}, {""t"": 44.731655328, ""f"": ""Verse""}, {""t"": 68.026961451, ""f"": ""Chorus""}, {""t"": 91.417845804, ""f"": ""Verse""}, {""t"": 114.711904761, ""f"": ""Verse""}, {""t"": 126.329183673, ""f"": ""Chorus""}, {""t"": 149.857256235, ""f"": ""Verse""}, {""t"": 184.694263038, ""f"": ""Interlude""}, {""t"": 196.47446712, ""f"": ""Chorus""}, {""t"": 219.781950113, ""f"": ""Outro""}, {""t"": 254.51861678, ""f"": ""End""}]","[0.0, 0.208979591, 21.349637188, 44.744603174, 56.36893424, 68.00063492, 91.37755102, 114.67664399, 126.352448979, 149.667505668, 196.380090702, 219.657210884, 253.178367346, 254.512993197]","[{""t"": 0.0, ""f"": ""Silence""}, {""t"": 0.208979591, ""f"": ""Intro""}, {""t"": 21.349637188, ""f"": ""Verse""}, {""t"": 44.744603174, ""f"": ""Pre-Chorus""}, {""t"": 56.36893424, ""f"": ""Verse""}, {""t"": 68.00063492, ""f"": ""Chorus""}, {""t"": 91.37755102, ""f"": ""Verse""}, {""t"": 114.67664399, ""f"": ""Pre-Chorus""}, {""t"": 126.352448979, ""f"": ""Chorus""}, {""t"": 149.667505668, ""f"": ""Bridge""}, {""t"": 196.380090702, ""f"": ""Chorus""}, {""t"": 219.657210884, ""f"": ""Outro""}, {""t"": 253.178367346, ""f"": ""Silence""}, {""t"": 254.512993197, ""f"": ""End""}]",spectrograms/mel/357_Jessy_Moss_Chapters.png,spectrograms/linear/357_Jessy_Moss_Chapters.png,spectrograms/matrices/357_Jessy_Moss_Chapters.npy
365,It  s Ok,Eminem,"[0.0, 1.277097505, 22.538752834, 75.815578231, 97.087505668, 161.002517006, 182.348208616, 182.348208616, 193.005668934, 193.005668934, 209.513650793, 211.242607709]","[{""t"": 0.0, ""f"": ""Silence""}, {""t"": 1.277097505, ""f"": ""Chorus""}, {""t"": 22.538752834, ""f"": ""Verse""}, {""t"": 75.815578231, ""f"": ""Chorus""}, {""t"": 97.087505668, ""f"": ""Verse""}, {""t"": 161.002517006, ""f"": ""Chorus""}, {""t"": 182.348208616, ""f"": ""Outro""}, {""t"": 182.348208616, ""f"": ""voice""}, {""t"": 193.005668934, ""f"": ""Fade-out""}, {""t"": 193.005668934, ""f"": ""spoken""}, {""t"": 209.513650793, ""f"": ""Silence""}, {""t"": 211.242607709, ""f"": ""End""}]","[0.0, 1.121814058, 22.605555555, 75.999002267, 97.185215419, 161.110907029, 182.387687074, 193.108684807, 211.221927437, 211.32031746]","[{""t"": 0.0, ""f"": ""Silence""}, {""t"": 1.121814058, ""f"": ""Chorus""}, {""t"": 22.605555555, ""f"": ""Verse""}, {""t"": 75.999002267, ""f"": ""Chorus""}, {""t"": 97.185215419, ""f"": ""Verse""}, {""t"": 161.110907029, ""f"": ""Chorus""}, {""t"": 182.387687074, ""f"": ""Outro""}, {""t"": 193.108684807, ""f"": ""Fade-out""}, {""t"": 211.221927437, ""f"": ""Silence""}, {""t"": 211.32031746, ""f"": ""End""}]",spectrograms/mel/365_Eminem_It__s_Ok.png,spectrograms/linear/365_Eminem_It__s_Ok.png,spectrograms/matrices/365_Eminem_It__s_Ok.npy
373,I Don  t Want To Go To Toronto,Radio Free Vestibule,"[0.0, 0.448, 6.287375, 17.553833333, 34.706333333, 51.7985, 68.866208333, 86.038041666, 103.174458333, 120.238833333, 125.990083333, 125.990083333, 133.024, 136.144041666]","[{""t"": 0.0, ""f"": ""Silence""}, {""t"": 0.448, ""f"": ""Intro""}, {""t"": 6.287375, ""f"": ""Verse""}, {""t"": 17.553833333, ""f"": ""Verse""}, {""t"": 34.706333333, ""f"": ""Verse""}, {""t"": 51.7985, ""f"": ""Verse""}, {""t"": 68.866208333, ""f"": ""Verse""}, {""t"": 86.038041666, ""f"": ""Verse""}, {""t"": 103.174458333, ""f"": ""Verse""}, {""t"": 120.238833333, ""f"": ""Verse""}, {""t"": 125.990083333, ""f"": ""Fade-out""}, {""t"": 125.990083333, ""f"": ""out""}, {""t"": 133.024, ""f"": ""Silence""}, {""t"": 136.144041666, ""f"": ""End""}]","[0.0, 0.426666666, 11.785916666, 120.295666666, 133.077333333, 136.134708333]","[{""t"": 0.0, ""f"": ""Silence""}, {""t"": 0.426666666, ""f"": ""Intro""}, {""t"": 11.785916666, ""f"": ""Verse""}, {""t"": 120.295666666, ""f"": ""Outro""}, {""t"": 133.077333333, ""f"": ""Silence""}, {""t"": 136.134708333, ""f"": ""End""}]",spectrograms/mel/373_Radio_Free_Vestibule_I_Don__t_Want_To_Go_To_Toronto.png,spectrograms/linear/373_Radio_Free_Vestibule_I_Don__t_Want_To_Go_To_Toronto.png,spectrograms/matrices/373_Radio_Free_Vestibule_I_Don__t_Want_To_Go_To_Toronto.npy
381,Bruces   Philosophers Song,Monty Python,"[0.0, 0.609523809, 28.250997732, 54.574580498]","[{""t"": 0.0, ""f"": ""Silence""}, {""t"": 0.609523809, ""f"": ""no_function""}, {""t"": 28.250997732, ""f"": ""no_function""}, {""t"": 54.574580498, ""f"": ""End""}]","[0.0, 0.690340136, 1.999818594, 18.552743764, 28.427936507, 44.466213151, 51.500113378, 54.552448979]","[{""t"": 0.0, ""f"": ""Silence""}, {""t"": 0.690340136, ""f"": ""Intro""}, {""t"": 1.999818594, ""f"": ""Verse""}, {""t"": 18.552743764, ""f"": ""Bridge""}, {""t"": 28.427936507, ""f"": ""Verse""}, {""t"": 44.466213151, ""f"": ""Bridge""}, {""t"": 51.500113378, ""f"": ""Silence""}, {""t"": 54.552448979, ""f"": ""End""}]",spectrograms/mel/381_Monty_Python_Bruces___Philosophers_Song.png,spectrograms/linear/381_Monty_Python_Bruces___Philosophers_Song.png,spectrograms/matrices/381_Monty_Python_Bruces___Philosophers_Song.npy
397,Cha Cha Cha d  Amour,Dean Martin,"[0.0, 0.417959183, 7.936734693, 15.455895691, 22.887981859, 30.375804988, 37.839705215, 45.280272108, 52.711451247, 60.095532879, 67.603151927, 75.064353741, 82.487823129, 90.023628117, 97.559659863, 105.127619047, 112.647981859, 120.119841269, 127.647573696, 131.383809523, 136.301133786, 139.247687074]","[{""t"": 0.0, ""f"": ""Silence""}, {""t"": 0.417959183, ""f"": ""Intro""}, {""t"": 7.936734693, ""f"": ""Intro""}, {""t"": 15.455895691, ""f"": ""Chorus""}, {""t"": 22.887981859, ""f"": ""Chorus""}, {""t"": 30.375804988, ""f"": ""Chorus""}, {""t"": 37.839705215, ""f"": ""Chorus""}, {""t"": 45.280272108, ""f"": ""Verse""}, {""t"": 52.711451247, ""f"": ""Verse""}, {""t"": 60.095532879, ""f"": ""Verse""}, {""t"": 67.603151927, ""f"": ""Bridge""}, {""t"": 75.064353741, ""f"": ""Bridge""}, {""t"": 82.487823129, ""f"": ""Instrumental""}, {""t"": 90.023628117, ""f"": ""Instrumental""}, {""t"": 97.559659863, ""f"": ""Chorus""}, {""t"": 105.127619047, ""f"": ""Chorus""}, {""t"": 112.647981859, ""f"": ""Chorus""}, {""t"": 120.119841269, ""f"": ""Chorus""}, {""t"": 127.647573696, ""f"": ""Chorus""}, {""t"": 131.383809523, ""f"": ""Outro""}, {""t"": 136.301133786, ""f"": ""Silence""}, {""t"": 139.247687074, ""f"": ""End""}]","[0.0, 0.303968253, 15.362902494, 30.320907029, 45.186031746, 82.444807256, 97.489841269, 112.598662131, 135.72648526, 139.237097505]","[{""t"": 0.0, ""f"": ""Silence""}, {""t"": 0.303968253, ""f"": ""Intro""}, {""t"": 15.362902494, ""f"": ""Chorus""}, {""t"": 30.320907029, ""f"": ""Chorus""}, {""t"": 45.186031746, ""f"": ""Verse""}, {""t"": 82.444807256, ""f"": ""Transition""}, {""t"": 97.489841269, ""f"": ""Chorus""}, {""t"": 112.598662131, ""f"": ""Chorus""}, {""t"": 135.72648526, ""f"": ""Silence""}, {""t"": 139.237097505, ""f"": ""End""}]",spectrograms/mel/397_Dean_Martin_Cha_Cha_Cha_d__Amour.png,spectrograms/linear/397_Dean_Martin_Cha_Cha_Cha_d__Amour.png,spectrograms/matrices/397_Dean_Martin_Cha_Cha_Cha_d__Amour.npy
405,Swamp Road,John Medeski,"[0.0, 0.272834467, 21.535623582, 66.035056689, 112.999342403, 147.619342403, 169.92185941, 201.997142857, 226.706734693, 274.279433106, 303.96015873, 321.250249433, 323.176462585]","[{""t"": 0.0, ""f"": ""Silence""}, {""t"": 0.272834467, ""f"": ""Intro""}, {""t"": 21.535623582, ""f"": ""Head""}, {""t"": 66.035056689, ""f"": ""Transition""}, {""t"": 112.999342403, ""f"": ""Secondary_Theme""}, {""t"": 147.619342403, ""f"": ""Transition""}, {""t"": 169.92185941, ""f"": ""Head""}, {""t"": 201.997142857, ""f"": ""Transition""}, {""t"": 226.706734693, ""f"": ""Head""}, {""t"": 274.279433106, ""f"": ""Coda""}, {""t"": 303.96015873, ""f"": ""Outro""}, {""t"": 321.250249433, ""f"": ""Silence""}, {""t"": 323.176462585, ""f"": ""End""}]","[0.0, 0.0, 12.767256235, 21.552426303, 31.468730158, 73.48664399, 122.884217687, 157.495600907, 207.003197278, 229.761179138, 254.513854875, 310.893945578, 320.832879818, 323.170045351]","[{""t"": 0.0, ""f"": ""Intro""}, {""t"": 0.0, ""f"": ""Silence""}, {""t"": 12.767256235, ""f"": ""Intro""}, {""t"": 21.552426303, ""f"": ""Intro""}, {""t"": 31.468730158, ""f"": ""Solo""}, {""t"": 73.48664399, ""f"": ""no_function""}, {""t"": 122.884217687, ""f"": ""Solo""}, {""t"": 157.495600907, ""f"": ""no_function""}, {""t"": 207.003197278, ""f"": ""no_function""}, {""t"": 229.761179138, ""f"": ""Solo""}, {""t"": 254.513854875, ""f"": ""Outro""}, {""t"": 310.893945578, ""f"": ""no_function""}, {""t"": 320.832879818, ""f"": ""Silence""}, {""t"": 323.170045351, ""f"": ""End""}]",spectrograms/mel/405_John_Medeski_Swamp_Road.png,spectrograms/linear/405_John_Medeski_Swamp_Road.png,spectrograms/matrices/405_John_Medeski_Swamp_Road.npy
413,More,Erik Truffaz,"[0.0, 0.284444444, 123.264920634, 267.762448979, 370.083650793]","[{""t"": 0.0, ""f"": ""Silence""}, {""t"": 0.284444444, ""f"": ""Intro""}, {""t"": 123.264920634, ""f"": ""no_function""}, {""t"": 267.762448979, ""f"": ""no_function""}, {""t"": 370.083650793, ""f"": ""End""}]","[0.0, 0.255419501, 126.296303854, 153.948299319, 256.739750566, 267.865396825, 352.230589569, 366.788979591, 370.097256235]","[{""t"": 0.0, ""f"": ""Silence""}, {""t"": 0.255419501, ""f"": ""Intro""}, {""t"": 126.296303854, ""f"": ""no_function""}, {""t"": 153.948299319, ""f"": ""no_function""}, {""t"": 256.739750566, ""f"": ""Interlude""}, {""t"": 267.865396825, ""f"": ""no_function""}, {""t"": 352.230589569, ""f"": ""Fade-out""}, {""t"": 366.788979591, ""f"": ""Silence""}, {""t"": 370.097256235, ""f"": ""End""}]",spectrograms/mel/413_Erik_Truffaz_More.png,spectrograms/linear/413_Erik_Truffaz_More.png,spectrograms/matrices/413_Erik_Truffaz_More.npy
429,Scrapple From The Apple,Charlie Parker,"[0.0, 0.20802721, 10.605283446, 30.133197278, 30.133197278, 39.54201814, 49.293696145, 49.293696145, 156.874013605, 166.542721088, 177.052154195, 179.920453514]","[{""t"": 0.0, ""f"": ""Silence""}, {""t"": 0.20802721, ""f"": ""Intro""}, {""t"": 10.605283446, ""f"": ""Head""}, {""t"": 30.133197278, ""f"": ""Instrumental""}, {""t"": 30.133197278, ""f"": ""Solo""}, {""t"": 39.54201814, ""f"": ""Head""}, {""t"": 49.293696145, ""f"": ""Instrumental""}, {""t"": 49.293696145, ""f"": ""Solo""}, {""t"": 156.874013605, ""f"": ""Head""}, {""t"": 166.542721088, ""f"": ""Outro""}, {""t"": 177.052154195, ""f"": ""Silence""}, {""t"": 179.920453514, ""f"": ""End""}]","[0.0, 0.208979591, 10.521904761, 49.267505668, 88.328707482, 127.291791383, 156.85079365, 166.556734693, 177.032086167, 179.911496598]","[{""t"": 0.0, ""f"": ""Silence""}, {""t"": 0.208979591, ""f"": ""Intro""}, {""t"": 10.521904761, ""f"": ""Head""}, {""t"": 49.267505668, ""f"": ""Solo""}, {""t"": 88.328707482, ""f"": ""Solo""}, {""t"": 127.291791383, ""f"": ""Solo""}, {""t"": 156.85079365, ""f"": ""Head""}, {""t"": 166.556734693, ""f"": ""Outro""}, {""t"": 177.032086167, ""f"": ""Silence""}, {""t"": 179.911496598, ""f"": ""End""}]",spectrograms/mel/429_Charlie_Parker_Scrapple_From_The_Apple.png,spectrograms/linear/429_Charlie_Parker_Scrapple_From_The_Apple.png,spectrograms/matrices/429_Charlie_Parker_Scrapple_From_The_Apple.npy
437,All Of You,Miles Davis,"[0.0, 0.232199546, 47.476099773, 116.616349206, 232.27861678, 348.873514739, 423.512539682]","[{""t"": 0.0, ""f"": ""Silence""}, {""t"": 0.232199546, ""f"": ""Head""}, {""t"": 47.476099773, ""f"": ""Solo""}, {""t"": 116.616349206, ""f"": ""Solo""}, {""t"": 232.27861678, ""f"": ""Solo""}, {""t"": 348.873514739, ""f"": ""Head""}, {""t"": 423.512539682, ""f"": ""End""}]","[0.0, 1.277097505, 47.222947845, 93.275646258, 116.420453514, 208.838390022, 232.060226757, 325.272244897, 348.864535147, 395.665714285, 411.437437641, 420.102471655, 423.504444444]","[{""t"": 0.0, ""f"": ""Silence""}, {""t"": 1.277097505, ""f"": ""Head""}, {""t"": 47.222947845, ""f"": ""Solo""}, {""t"": 93.275646258, ""f"": ""no_function""}, {""t"": 116.420453514, ""f"": ""Solo""}, {""t"": 208.838390022, ""f"": ""no_function""}, {""t"": 232.060226757, ""f"": ""Solo""}, {""t"": 325.272244897, ""f"": ""no_function""}, {""t"": 348.864535147, ""f"": ""Head""}, {""t"": 395.665714285, ""f"": ""no_function""}, {""t"": 411.437437641, ""f"": ""Outro""}, {""t"": 420.102471655, ""f"": ""Silence""}, {""t"": 423.504444444, ""f"": ""End""}]",spectrograms/mel/437_Miles_Davis_All_Of_You.png,spectrograms/linear/437_Miles_Davis_All_Of_You.png,spectrograms/matrices/437_Miles_Davis_All_Of_You.npy
445,Gloomy Sunday,Iva Bittova,"[0.0, 0.116099773, 8.404603174, 76.912562358, 137.826553287, 172.365124716, 189.774195011, 208.077074829]","[{""t"": 0.0, ""f"": ""Silence""}, {""t"": 0.116099773, ""f"": ""Intro""}, {""t"": 8.404603174, ""f"": ""no_function""}, {""t"": 76.912562358, ""f"": ""no_function""}, {""t"": 137.826553287, ""f"": ""no_function""}, {""t"": 172.365124716, ""f"": ""no_function""}, {""t"": 189.774195011, ""f"": ""Outro""}, {""t"": 208.077074829, ""f"": ""End""}]","[0.0, 0.139319727, 8.517777777, 42.79047619, 64.21446712, 68.425668934, 76.938276643, 111.532698412, 131.196734693, 137.838208616, 172.371836734, 192.558208616, 204.703764172, 208.023832199]","[{""t"": 0.0, ""f"": ""Silence""}, {""t"": 0.139319727, ""f"": ""Intro""}, {""t"": 8.517777777, ""f"": ""Verse""}, {""t"": 42.79047619, ""f"": ""Verse""}, {""t"": 64.21446712, ""f"": ""Chorus""}, {""t"": 68.425668934, ""f"": ""Interlude""}, {""t"": 76.938276643, ""f"": ""Verse""}, {""t"": 111.532698412, ""f"": ""Verse""}, {""t"": 131.196734693, ""f"": ""Chorus""}, {""t"": 137.838208616, ""f"": ""Bridge""}, {""t"": 172.371836734, ""f"": ""Verse""}, {""t"": 192.558208616, ""f"": ""Chorus""}, {""t"": 204.703764172, ""f"": ""Silence""}, {""t"": 208.023832199, ""f"": ""End""}]",spectrograms/mel/445_Iva_Bittova_Gloomy_Sunday.png,spectrograms/linear/445_Iva_Bittova_Gloomy_Sunday.png,spectrograms/matrices/445_Iva_Bittova_Gloomy_Sunday.npy
461,Tiger Rag,Mills Brothers,"[0.0, 0.061224489, 4.293877551, 17.469387755, 30.849682539, 43.990204081, 57.074648526, 70.379682539, 85.120770975, 98.040816326, 110.907573696, 112.571428571, 115.523809523]","[{""t"": 0.0, ""f"": ""Silence""}, {""t"": 0.061224489, ""f"": ""Intro""}, {""t"": 4.293877551, ""f"": ""Main_Theme""}, {""t"": 17.469387755, ""f"": ""Secondary_Theme""}, {""t"": 30.849682539, ""f"": ""Solo""}, {""t"": 43.990204081, ""f"": ""Solo""}, {""t"": 57.074648526, ""f"": ""Solo""}, {""t"": 70.379682539, ""f"": ""Solo""}, {""t"": 85.120770975, ""f"": ""Main_Theme""}, {""t"": 98.040816326, ""f"": ""Secondary_Theme""}, {""t"": 110.907573696, ""f"": ""Outro""}, {""t"": 112.571428571, ""f"": ""Silence""}, {""t"": 115.523809523, ""f"": ""End""}]","[0.0, 0.065306122, 4.083809523, 30.980453514, 57.385782312, 85.040408163, 115.520544217]","[{""t"": 0.0, ""f"": ""Silence""}, {""t"": 0.065306122, ""f"": ""Intro""}, {""t"": 4.083809523, ""f"": ""Chorus""}, {""t"": 30.980453514, ""f"": ""Solo""}, {""t"": 57.385782312, ""f"": ""Solo""}, {""t"": 85.040408163, ""f"": ""Chorus""}, {""t"": 115.520544217, ""f"": ""End""}]",spectrograms/mel/461_Mills_Brothers_Tiger_Rag.png,spectrograms/linear/461_Mills_Brothers_Tiger_Rag.png,spectrograms/matrices/461_Mills_Brothers_Tiger_Rag.npy
469,Azule Serape,Cannonball Adderley,"[0.0, 0.313469387, 10.738253968, 31.529002267, 42.219591836, 52.793537414, 139.952562358, 228.533786848, 316.514988662, 337.945782312, 348.797120181, 359.613922902, 370.236893424, 389.9961678]","[{""t"": 0.0, ""f"": ""Silence""}, {""t"": 0.313469387, ""f"": ""Intro""}, {""t"": 10.738253968, ""f"": ""Head""}, {""t"": 31.529002267, ""f"": ""Solo""}, {""t"": 42.219591836, ""f"": ""Head""}, {""t"": 52.793537414, ""f"": ""Solo""}, {""t"": 139.952562358, ""f"": ""Solo""}, {""t"": 228.533786848, ""f"": ""Solo""}, {""t"": 316.514988662, ""f"": ""Head""}, {""t"": 337.945782312, ""f"": ""Solo""}, {""t"": 348.797120181, ""f"": ""Head""}, {""t"": 359.613922902, ""f"": ""Outro""}, {""t"": 370.236893424, ""f"": ""Fade-out""}, {""t"": 389.9961678, ""f"": ""End""}]","[0.0, 0.332403628, 10.867120181, 52.792698412, 139.847687074, 228.423151927, 316.484920634, 359.461360544, 370.222562358, 385.416281179, 390.00356009]","[{""t"": 0.0, ""f"": ""Silence""}, {""t"": 0.332403628, ""f"": ""Intro""}, {""t"": 10.867120181, ""f"": ""Head""}, {""t"": 52.792698412, ""f"": ""Solo""}, {""t"": 139.847687074, ""f"": ""Solo""}, {""t"": 228.423151927, ""f"": ""Solo""}, {""t"": 316.484920634, ""f"": ""Head""}, {""t"": 359.461360544, ""f"": ""Outro""}, {""t"": 370.222562358, ""f"": ""Fade-out""}, {""t"": 385.416281179, ""f"": ""Silence""}, {""t"": 390.00356009, ""f"": ""End""}]",spectrograms/mel/469_Cannonball_Adderley_Azule_Serape.png,spectrograms/linear/469_Cannonball_Adderley_Azule_Serape.png,spectrograms/matrices/469_Cannonball_Adderley_Azule_Serape.npy
477,Three Coins In The Fountain,Hank Mobley,"[0.0, 0.44217687, 11.820839002, 51.173265306, 131.767845804, 213.119931972, 254.223356009, 295.621224489, 301.558752834, 319.987528344, 322.981315192]","[{""t"": 0.0, ""f"": ""Silence""}, {""t"": 0.44217687, ""f"": ""Intro""}, {""t"": 11.820839002, ""f"": ""Head""}, {""t"": 51.173265306, ""f"": ""Solo""}, {""t"": 131.767845804, ""f"": ""Solo""}, {""t"": 213.119931972, ""f"": ""Solo""}, {""t"": 254.223356009, ""f"": ""Head""}, {""t"": 295.621224489, ""f"": ""Outro""}, {""t"": 301.558752834, ""f"": ""Fade-out""}, {""t"": 319.987528344, ""f"": ""Silence""}, {""t"": 322.981315192, ""f"": ""End""}]","[0.0, 0.846780045, 11.813990929, 51.155056689, 91.426281179, 131.80217687, 172.357913832, 213.186213151, 254.255963718, 295.63510204, 295.63510204, 319.42877551, 322.994603174]","[{""t"": 0.0, ""f"": ""Silence""}, {""t"": 0.846780045, ""f"": ""Intro""}, {""t"": 11.813990929, ""f"": ""Head""}, {""t"": 51.155056689, ""f"": ""Solo""}, {""t"": 91.426281179, ""f"": ""Solo""}, {""t"": 131.80217687, ""f"": ""Solo""}, {""t"": 172.357913832, ""f"": ""Solo""}, {""t"": 213.186213151, ""f"": ""Solo""}, {""t"": 254.255963718, ""f"": ""Head""}, {""t"": 295.63510204, ""f"": ""Fade-out""}, {""t"": 295.63510204, ""f"": ""Outro""}, {""t"": 319.42877551, ""f"": ""Silence""}, {""t"": 322.994603174, ""f"": ""End""}]",spectrograms/mel/477_Hank_Mobley_Three_Coins_In_The_Fountain.png,spectrograms/linear/477_Hank_Mobley_Three_Coins_In_The_Fountain.png,spectrograms/matrices/477_Hank_Mobley_Three_Coins_In_The_Fountain.npy
485,Blues For Juanita,Grant Green,"[0.0, 0.420408163, 23.62356009, 46.530702947, 69.963537414, 93.642879818, 117.298707482, 140.907437641, 164.474603174, 188.259773242, 211.896689342, 235.616553287, 259.60877551, 283.352698412, 307.427210884, 331.440430839, 355.562539682, 379.544716553, 403.395963718, 403.395963718, 420.938072562, 424.734716553]","[{""t"": 0.0, ""f"": ""Silence""}, {""t"": 0.420408163, ""f"": ""Head""}, {""t"": 23.62356009, ""f"": ""Head""}, {""t"": 46.530702947, ""f"": ""Solo""}, {""t"": 69.963537414, ""f"": ""Solo""}, {""t"": 93.642879818, ""f"": ""Solo""}, {""t"": 117.298707482, ""f"": ""Solo""}, {""t"": 140.907437641, ""f"": ""Solo""}, {""t"": 164.474603174, ""f"": ""Solo""}, {""t"": 188.259773242, ""f"": ""Solo""}, {""t"": 211.896689342, ""f"": ""Solo""}, {""t"": 235.616553287, ""f"": ""Solo""}, {""t"": 259.60877551, ""f"": ""Solo""}, {""t"": 283.352698412, ""f"": ""Solo""}, {""t"": 307.427210884, ""f"": ""Solo""}, {""t"": 331.440430839, ""f"": ""Solo""}, {""t"": 355.562539682, ""f"": ""Solo""}, {""t"": 379.544716553, ""f"": ""Solo""}, {""t"": 403.395963718, ""f"": ""Fade-out""}, {""t"": 403.395963718, ""f"": ""Outro""}, {""t"": 420.938072562, ""f"": ""Silence""}, {""t"": 424.734716553, ""f"": ""End""}]","[0.0, 0.487619047, 46.472040816, 379.553378684, 403.402471655, 421.652403628, 424.746984126]","[{""t"": 0.0, ""f"": ""Silence""}, {""t"": 0.487619047, ""f"": ""Head""}, {""t"": 46.472040816, ""f"": ""Solo""}, {""t"": 379.553378684, ""f"": ""Head""}, {""t"": 403.402471655, ""f"": ""Outro""}, {""t"": 421.652403628, ""f"": ""Silence""}, {""t"": 424.746984126, ""f"": ""End""}]",spectrograms/mel/485_Grant_Green_Blues_For_Juanita.png,spectrograms/linear/485_Grant_Green_Blues_For_Juanita.png,spectrograms/matrices/485_Grant_Green_Blues_For_Juanita.npy
493,Round Midnight,Oliver Jones,"[0.0, 0.348299319, 133.301473922, 152.749841269, 158.638662131]","[{""t"": 0.0, ""f"": ""Silence""}, {""t"": 0.348299319, ""f"": ""no_function""}, {""t"": 133.301473922, ""f"": ""Outro""}, {""t"": 152.749841269, ""f"": ""no_function""}, {""t"": 158.638662131, ""f"": ""End""}]","[0.0, 0.513106575, 34.226213151, 66.114489795, 99.362585034, 133.375419501, 152.865306122, 158.630997732]","[{""t"": 0.0, ""f"": ""silence""}, {""t"": 0.513106575, ""f"": ""Head""}, {""t"": 34.226213151, ""f"": ""Head""}, {""t"": 66.114489795, ""f"": ""Bridge""}, {""t"": 99.362585034, ""f"": ""Head""}, {""t"": 133.375419501, ""f"": ""Outro""}, {""t"": 152.865306122, ""f"": ""no_function""}, {""t"": 158.630997732, ""f"": ""End""}]",spectrograms/mel/493_Oliver_Jones_Round_Midnight.png,spectrograms/linear/493_Oliver_Jones_Round_Midnight.png,spectrograms/matrices/493_Oliver_Jones_Round_Midnight.npy
501,My Funny Valentine,Oliver Jones,"[0.0, 0.013061224, 19.956281179, 44.286802721, 69.5923356, 95.964512471, 128.472426303, 134.709274376, 163.022448979, 193.284149659, 224.024444444, 256.138276643, 295.674920634, 301.38585034]","[{""t"": 0.0, ""f"": ""Silence""}, {""t"": 0.013061224, ""f"": ""Intro""}, {""t"": 19.956281179, ""f"": ""Head""}, {""t"": 44.286802721, ""f"": ""Head""}, {""t"": 69.5923356, ""f"": ""Interlude""}, {""t"": 95.964512471, ""f"": ""Head""}, {""t"": 128.472426303, ""f"": ""Intro""}, {""t"": 134.709274376, ""f"": ""Head""}, {""t"": 163.022448979, ""f"": ""Head""}, {""t"": 193.284149659, ""f"": ""Interlude""}, {""t"": 224.024444444, ""f"": ""Head""}, {""t"": 256.138276643, ""f"": ""Outro""}, {""t"": 295.674920634, ""f"": ""no_function""}, {""t"": 301.38585034, ""f"": ""End""}]","[0.0, 0.371519274, 19.984217687, 70.366734693, 70.366734693, 96.054331065, 128.485873015, 134.757006802, 193.349841269, 224.166371882, 280.013809523, 294.662358276, 301.37770975, 301.37770975]","[{""t"": 0.0, ""f"": ""Silence""}, {""t"": 0.371519274, ""f"": ""Intro""}, {""t"": 19.984217687, ""f"": ""Head""}, {""t"": 70.366734693, ""f"": ""Bridge""}, {""t"": 70.366734693, ""f"": ""Head""}, {""t"": 96.054331065, ""f"": ""Head""}, {""t"": 128.485873015, ""f"": ""Transition""}, {""t"": 134.757006802, ""f"": ""Head""}, {""t"": 193.349841269, ""f"": ""Solo""}, {""t"": 224.166371882, ""f"": ""Solo""}, {""t"": 280.013809523, ""f"": ""Coda""}, {""t"": 294.662358276, ""f"": ""no_function""}, {""t"": 301.37770975, ""f"": ""End""}, {""t"": 301.37770975, ""f"": ""Silence""}]",spectrograms/mel/501_Oliver_Jones_My_Funny_Valentine.png,spectrograms/linear/501_Oliver_Jones_My_Funny_Valentine.png,spectrograms/matrices/501_Oliver_Jones_My_Funny_Valentine.npy
509,Back At The Chicken Shack,Jimmy Smith,"[0.0, 0.885238095, 28.322902494, 54.424716553, 80.598208616, 107.141836734, 133.901473922, 160.893786848, 187.886235827, 214.917619047, 241.869523809, 269.013854875, 296.205646258, 323.24526077, 350.309727891, 377.373832199, 404.277573696, 430.87526077, 448.661632653, 448.661632653, 481.965532879, 483.714285714]","[{""t"": 0.0, ""f"": ""Silence""}, {""t"": 0.885238095, ""f"": ""Intro""}, {""t"": 28.322902494, ""f"": ""Head""}, {""t"": 54.424716553, ""f"": ""Solo""}, {""t"": 80.598208616, ""f"": ""Solo""}, {""t"": 107.141836734, ""f"": ""Solo""}, {""t"": 133.901473922, ""f"": ""Solo""}, {""t"": 160.893786848, ""f"": ""Solo""}, {""t"": 187.886235827, ""f"": ""Solo""}, {""t"": 214.917619047, ""f"": ""Solo""}, {""t"": 241.869523809, ""f"": ""Solo""}, {""t"": 269.013854875, ""f"": ""Solo""}, {""t"": 296.205646258, ""f"": ""Solo""}, {""t"": 323.24526077, ""f"": ""Solo""}, {""t"": 350.309727891, ""f"": ""Solo""}, {""t"": 377.373832199, ""f"": ""Solo""}, {""t"": 404.277573696, ""f"": ""Head""}, {""t"": 430.87526077, ""f"": ""Head""}, {""t"": 448.661632653, ""f"": ""Fade-out""}, {""t"": 448.661632653, ""f"": ""Outro""}, {""t"": 481.965532879, ""f"": ""Silence""}, {""t"": 483.714285714, ""f"": ""End""}]","[0.0, 0.835918367, 54.311451247, 214.807777777, 296.188571428, 404.236938775, 448.470204081, 476.148390022, 483.709387755]","[{""t"": 0.0, ""f"": ""Silence""}, {""t"": 0.835918367, ""f"": ""Head""}, {""t"": 54.311451247, ""f"": ""Solo""}, {""t"": 214.807777777, ""f"": ""Solo""}, {""t"": 296.188571428, ""f"": ""Solo""}, {""t"": 404.236938775, ""f"": ""Head""}, {""t"": 448.470204081, ""f"": ""Fade-out""}, {""t"": 476.148390022, ""f"": ""Silence""}, {""t"": 483.709387755, ""f"": ""End""}]",spectrograms/mel/509_Jimmy_Smith_Back_At_The_Chicken_Shack.png,spectrograms/linear/509_Jimmy_Smith_Back_At_The_Chicken_Shack.png,spectrograms/matrices/509_Jimmy_Smith_Back_At_The_Chicken_Shack.npy
517,8 4 Beat,Bobby Hutcherson,"[0.0, 0.464399092, 8.199682539, 58.402879818, 58.402879818, 131.255759637, 271.663219954, 271.663219954, 348.107664399, 355.915578231, 402.635396825, 415.950657596, 418.332403628]","[{""t"": 0.0, ""f"": ""Silence""}, {""t"": 0.464399092, ""f"": ""Intro""}, {""t"": 8.199682539, ""f"": ""Head""}, {""t"": 58.402879818, ""f"": ""Instrumental""}, {""t"": 58.402879818, ""f"": ""Solo""}, {""t"": 131.255759637, ""f"": ""no_function""}, {""t"": 271.663219954, ""f"": ""Instrumental""}, {""t"": 271.663219954, ""f"": ""Solo""}, {""t"": 348.107664399, ""f"": ""Bridge""}, {""t"": 355.915578231, ""f"": ""Head""}, {""t"": 402.635396825, ""f"": ""Outro""}, {""t"": 415.950657596, ""f"": ""Silence""}, {""t"": 418.332403628, ""f"": ""End""}]","[0.0, 0.487619047, 8.200022675, 33.230113378, 58.374217687, 83.498798185, 108.515056689, 131.33648526, 156.119818594, 180.771473922, 203.586417233, 228.134331065, 252.703469387, 275.503582766, 300.133673469, 325.146780045, 348.10462585, 355.855895691, 381.128185941, 415.926825396, 418.326825396]","[{""t"": 0.0, ""f"": ""Silence""}, {""t"": 0.487619047, ""f"": ""Intro""}, {""t"": 8.200022675, ""f"": ""Head""}, {""t"": 33.230113378, ""f"": ""Head""}, {""t"": 58.374217687, ""f"": ""Solo""}, {""t"": 83.498798185, ""f"": ""Solo""}, {""t"": 108.515056689, ""f"": ""Solo""}, {""t"": 131.33648526, ""f"": ""Solo""}, {""t"": 156.119818594, ""f"": ""Solo""}, {""t"": 180.771473922, ""f"": ""no_function""}, {""t"": 203.586417233, ""f"": ""Solo""}, {""t"": 228.134331065, ""f"": ""Solo""}, {""t"": 252.703469387, ""f"": ""Solo""}, {""t"": 275.503582766, ""f"": ""Solo""}, {""t"": 300.133673469, ""f"": ""Solo""}, {""t"": 325.146780045, ""f"": ""Solo""}, {""t"": 348.10462585, ""f"": ""Interlude""}, {""t"": 355.855895691, ""f"": ""Head""}, {""t"": 381.128185941, ""f"": ""Head""}, {""t"": 415.926825396, ""f"": ""Silence""}, {""t"": 418.326825396, ""f"": ""End""}]",spectrograms/mel/517_Bobby_Hutcherson_8_4_Beat.png,spectrograms/linear/517_Bobby_Hutcherson_8_4_Beat.png,spectrograms/matrices/517_Bobby_Hutcherson_8_4_Beat.npy
533,Alright,Kinnie Starr,"[0.0, 0.0, 5.101678004, 26.648526077, 45.870748299, 74.69494331, 93.894716553, 113.022063492, 165.818752834, 184.983832199, 204.221655328, 233.047981859, 250.455124716, 254.947823129]","[{""t"": 0.0, ""f"": ""Intro""}, {""t"": 0.0, ""f"": ""silence""}, {""t"": 5.101678004, ""f"": ""Intro""}, {""t"": 26.648526077, ""f"": ""Verse""}, {""t"": 45.870748299, ""f"": ""Chorus""}, {""t"": 74.69494331, ""f"": ""Verse""}, {""t"": 93.894716553, ""f"": ""Chorus""}, {""t"": 113.022063492, ""f"": ""Bridge""}, {""t"": 165.818752834, ""f"": ""Chorus""}, {""t"": 184.983832199, ""f"": ""Chorus""}, {""t"": 204.221655328, ""f"": ""Outro""}, {""t"": 233.047981859, ""f"": ""Fade-out""}, {""t"": 250.455124716, ""f"": ""Silence""}, {""t"": 254.947823129, ""f"": ""End""}]","[0.0, 0.185759637, 5.030589569, 26.67063492, 45.822789115, 65.046621315, 74.655600907, 93.846802721, 113.110861678, 165.862653061, 185.022721088, 204.270680272, 204.270680272, 228.224988662, 250.754172335, 254.928979591]","[{""t"": 0.0, ""f"": ""Silence""}, {""t"": 0.185759637, ""f"": ""Intro""}, {""t"": 5.030589569, ""f"": ""Intro""}, {""t"": 26.67063492, ""f"": ""Verse""}, {""t"": 45.822789115, ""f"": ""Chorus""}, {""t"": 65.046621315, ""f"": ""Interlude""}, {""t"": 74.655600907, ""f"": ""Verse""}, {""t"": 93.846802721, ""f"": ""Chorus""}, {""t"": 113.110861678, ""f"": ""Bridge""}, {""t"": 165.862653061, ""f"": ""Chorus""}, {""t"": 185.022721088, ""f"": ""Chorus""}, {""t"": 204.270680272, ""f"": ""Bridge""}, {""t"": 204.270680272, ""f"": ""Outro""}, {""t"": 228.224988662, ""f"": ""Fade-out""}, {""t"": 250.754172335, ""f"": ""Silence""}, {""t"": 254.928979591, ""f"": ""End""}]",spectrograms/mel/533_Kinnie_Starr_Alright.png,spectrograms/linear/533_Kinnie_Starr_Alright.png,spectrograms/matrices/533_Kinnie_Starr_Alright.npy
541,Girl in a Box,Blake Babies,"[0.0, 0.023219954, 9.702290249, 24.118526077, 43.203446712, 52.8223356, 67.236303854, 81.547414965, 91.075510204, 110.211632653, 124.587301587, 131.673469387, 146.099478458, 161.28802721, 161.28802721]","[{""t"": 0.0, ""f"": ""Silence""}, {""t"": 0.023219954, ""f"": ""Intro""}, {""t"": 9.702290249, ""f"": ""Verse""}, {""t"": 24.118526077, ""f"": ""Verse""}, {""t"": 43.203446712, ""f"": ""Pre-Chorus""}, {""t"": 52.8223356, ""f"": ""Chorus""}, {""t"": 67.236303854, ""f"": ""Bridge""}, {""t"": 81.547414965, ""f"": ""Bridge""}, {""t"": 91.075510204, ""f"": ""Verse""}, {""t"": 110.211632653, ""f"": ""Verse""}, {""t"": 124.587301587, ""f"": ""Pre-Chorus""}, {""t"": 131.673469387, ""f"": ""Chorus""}, {""t"": 146.099478458, ""f"": ""Outro""}, {""t"": 161.28802721, ""f"": ""End""}, {""t"": 161.28802721, ""f"": ""Silence""}]","[0.0, 0.116099773, 9.73063492, 24.071043083, 52.902721088, 81.482517006, 91.091882086, 131.711156462, 146.014988662, 155.70802721, 161.274195011, 161.364195011]","[{""t"": 0.0, ""f"": ""Silence""}, {""t"": 0.116099773, ""f"": ""Intro""}, {""t"": 9.73063492, ""f"": ""Verse""}, {""t"": 24.071043083, ""f"": ""Verse""}, {""t"": 52.902721088, ""f"": ""Chorus""}, {""t"": 81.482517006, ""f"": ""Transition""}, {""t"": 91.091882086, ""f"": ""no_function""}, {""t"": 131.711156462, ""f"": ""Chorus""}, {""t"": 146.014988662, ""f"": ""no_function""}, {""t"": 155.70802721, ""f"": ""Outro""}, {""t"": 161.274195011, ""f"": ""Silence""}, {""t"": 161.364195011, ""f"": ""End""}]",spectrograms/mel/541_Blake_Babies_Girl_in_a_Box.png,spectrograms/linear/541_Blake_Babies_Girl_in_a_Box.png,spectrograms/matrices/541_Blake_Babies_Girl_in_a_Box.npy
549,Hey   That  s No Way To Say Goodbye,Leonard Cohen,"[0.0, 0.278639455, 7.832358276, 63.249750566, 118.600340136, 175.949138321]","[{""t"": 0.0, ""f"": ""Silence""}, {""t"": 0.278639455, ""f"": ""Intro""}, {""t"": 7.832358276, ""f"": ""Verse""}, {""t"": 63.249750566, ""f"": ""Verse""}, {""t"": 118.600340136, ""f"": ""Verse""}, {""t"": 175.949138321, ""f"": ""End""}]","[0.0, 0.371519274, 7.899773242, 63.204716553, 118.365419501, 162.53648526, 173.68526077, 175.952585034]","[{""t"": 0.0, ""f"": ""Silence""}, {""t"": 0.371519274, ""f"": ""Intro""}, {""t"": 7.899773242, ""f"": ""Verse""}, {""t"": 63.204716553, ""f"": ""Verse""}, {""t"": 118.365419501, ""f"": ""Verse""}, {""t"": 162.53648526, ""f"": ""Outro""}, {""t"": 173.68526077, ""f"": ""Silence""}, {""t"": 175.952585034, ""f"": ""End""}]",spectrograms/mel/549_Leonard_Cohen_Hey___That__s_No_Way_To_Say_Goodbye.png,spectrograms/linear/549_Leonard_Cohen_Hey___That__s_No_Way_To_Say_Goodbye.png,spectrograms/matrices/549_Leonard_Cohen_Hey___That__s_No_Way_To_Say_Goodbye.npy
557,Broken,Norah Jones,"[0.0, 0.365714285, 14.501428571, 41.668956916, 54.936281179, 82.22755102, 95.234331065, 122.374580498, 135.52956916, 201.127074829]","[{""t"": 0.0, ""f"": ""Silence""}, {""t"": 0.365714285, ""f"": ""Intro""}, {""t"": 14.501428571, ""f"": ""Verse""}, {""t"": 41.668956916, ""f"": ""Interlude""}, {""t"": 54.936281179, ""f"": ""Verse""}, {""t"": 82.22755102, ""f"": ""Interlude""}, {""t"": 95.234331065, ""f"": ""Verse""}, {""t"": 122.374580498, ""f"": ""Interlude""}, {""t"": 135.52956916, ""f"": ""Chorus""}, {""t"": 201.127074829, ""f"": ""End""}]","[0.0, 1.06356009, 14.446145124, 41.622857142, 54.888095238, 82.079342403, 95.295827664, 122.263129251, 135.406553287, 162.431247165, 196.230045351, 201.106145124]","[{""t"": 0.0, ""f"": ""Silence""}, {""t"": 1.06356009, ""f"": ""Intro""}, {""t"": 14.446145124, ""f"": ""Verse""}, {""t"": 41.622857142, ""f"": ""Interlude""}, {""t"": 54.888095238, ""f"": ""Verse""}, {""t"": 82.079342403, ""f"": ""Interlude""}, {""t"": 95.295827664, ""f"": ""Verse""}, {""t"": 122.263129251, ""f"": ""Interlude""}, {""t"": 135.406553287, ""f"": ""Chorus""}, {""t"": 162.431247165, ""f"": ""Interlude""}, {""t"": 196.230045351, ""f"": ""Silence""}, {""t"": 201.106145124, ""f"": ""End""}]",spectrograms/mel/557_Norah_Jones_Broken.png,spectrograms/linear/557_Norah_Jones_Broken.png,spectrograms/matrices/557_Norah_Jones_Broken.npy
565,I  ve Committed Murder,Macy Gray,"[0.0, 0.325079365, 24.078548752, 45.230702947, 66.356575963, 87.483900226, 108.595464852, 129.747573696, 150.819886621, 171.923922902, 193.075646258, 214.195464852, 277.534557823, 296.848979591, 300.173061224]","[{""t"": 0.0, ""f"": ""Silence""}, {""t"": 0.325079365, ""f"": ""Intro""}, {""t"": 24.078548752, ""f"": ""Verse""}, {""t"": 45.230702947, ""f"": ""Chorus""}, {""t"": 66.356575963, ""f"": ""Verse""}, {""t"": 87.483900226, ""f"": ""Chorus""}, {""t"": 108.595464852, ""f"": ""Chorus""}, {""t"": 129.747573696, ""f"": ""Bridge""}, {""t"": 150.819886621, ""f"": ""Verse""}, {""t"": 171.923922902, ""f"": ""Chorus""}, {""t"": 193.075646258, ""f"": ""Chorus""}, {""t"": 214.195464852, ""f"": ""Chorus""}, {""t"": 277.534557823, ""f"": ""Outro""}, {""t"": 296.848979591, ""f"": ""Silence""}, {""t"": 300.173061224, ""f"": ""End""}]","[0.0, 0.255419501, 24.095124716, 45.192607709, 66.231111111, 87.361269841, 108.444988662, 129.621587301, 150.682063492, 171.858662131, 192.942380952, 214.118979591, 235.109818594, 277.463015873, 296.224739229, 300.173061224]","[{""t"": 0.0, ""f"": ""Silence""}, {""t"": 0.255419501, ""f"": ""Intro""}, {""t"": 24.095124716, ""f"": ""Verse""}, {""t"": 45.192607709, ""f"": ""Chorus""}, {""t"": 66.231111111, ""f"": ""Verse""}, {""t"": 87.361269841, ""f"": ""Chorus""}, {""t"": 108.444988662, ""f"": ""Chorus""}, {""t"": 129.621587301, ""f"": ""Bridge""}, {""t"": 150.682063492, ""f"": ""Verse""}, {""t"": 171.858662131, ""f"": ""Chorus""}, {""t"": 192.942380952, ""f"": ""Chorus""}, {""t"": 214.118979591, ""f"": ""Chorus""}, {""t"": 235.109818594, ""f"": ""Outro""}, {""t"": 277.463015873, ""f"": ""Fade-out""}, {""t"": 296.224739229, ""f"": ""Silence""}, {""t"": 300.173061224, ""f"": ""End""}]",spectrograms/mel/565_Macy_Gray_I__ve_Committed_Murder.png,spectrograms/linear/565_Macy_Gray_I__ve_Committed_Murder.png,spectrograms/matrices/565_Macy_Gray_I__ve_Committed_Murder.npy
573,Be Real,Joy Denalane,"[0.0, 1.035714285, 12.589070294, 24.069841269, 35.404829931, 52.63893424, 64.011269841, 75.510090702, 86.860884353, 109.812947845, 121.253945578, 132.645056689, 144.054761904, 155.526802721, 166.884920634, 178.326462585, 189.781133786, 201.198594104, 212.652970521, 224.052766439, 235.525782312, 246.940929705, 255.709342403, 256.975759637]","[{""t"": 0.0, ""f"": ""Silence""}, {""t"": 1.035714285, ""f"": ""Intro""}, {""t"": 12.589070294, ""f"": ""no_function""}, {""t"": 24.069841269, ""f"": ""Verse""}, {""t"": 35.404829931, ""f"": ""Bridge""}, {""t"": 52.63893424, ""f"": ""Chorus""}, {""t"": 64.011269841, ""f"": ""Verse""}, {""t"": 75.510090702, ""f"": ""Verse""}, {""t"": 86.860884353, ""f"": ""Bridge""}, {""t"": 109.812947845, ""f"": ""Verse""}, {""t"": 121.253945578, ""f"": ""Verse""}, {""t"": 132.645056689, ""f"": ""Bridge""}, {""t"": 144.054761904, ""f"": ""Chorus""}, {""t"": 155.526802721, ""f"": ""Chorus""}, {""t"": 166.884920634, ""f"": ""Chorus""}, {""t"": 178.326462585, ""f"": ""Chorus""}, {""t"": 189.781133786, ""f"": ""Chorus""}, {""t"": 201.198594104, ""f"": ""Chorus""}, {""t"": 212.652970521, ""f"": ""Chorus""}, {""t"": 224.052766439, ""f"": ""Verse""}, {""t"": 235.525782312, ""f"": ""Verse""}, {""t"": 246.940929705, ""f"": ""Outro""}, {""t"": 255.709342403, ""f"": ""Silence""}, {""t"": 256.975759637, ""f"": ""End""}]","[0.0, 1.409637188, 12.619546485, 35.663628117, 64.179138321, 87.069433106, 109.860521541, 155.603922902, 224.0592517, 255.98079365, 256.972766439]","[{""t"": 0.0, ""f"": ""Silence""}, {""t"": 1.409637188, ""f"": ""Intro""}, {""t"": 12.619546485, ""f"": ""Verse""}, {""t"": 35.663628117, ""f"": ""Chorus""}, {""t"": 64.179138321, ""f"": ""Verse""}, {""t"": 87.069433106, ""f"": ""Chorus""}, {""t"": 109.860521541, ""f"": ""Bridge""}, {""t"": 155.603922902, ""f"": ""Interlude""}, {""t"": 224.0592517, ""f"": ""Outro""}, {""t"": 255.98079365, ""f"": ""Silence""}, {""t"": 256.972766439, ""f"": ""End""}]",spectrograms/mel/573_Joy_Denalane_Be_Real.png,spectrograms/linear/573_Joy_Denalane_Be_Real.png,spectrograms/matrices/573_Joy_Denalane_Be_Real.npy
581,Panacea,Greyboy,"[0.0, 0.261224489, 35.890022675, 71.435192743, 89.22877551, 124.859206349, 160.346916099, 195.908480725, 231.41371882, 267.111337868, 284.784580498, 320.252607709, 338.439546485, 355.820975056, 381.550340136]","[{""t"": 0.0, ""f"": ""Silence""}, {""t"": 0.261224489, ""f"": ""Intro""}, {""t"": 35.890022675, ""f"": ""Head""}, {""t"": 71.435192743, ""f"": ""Interlude""}, {""t"": 89.22877551, ""f"": ""Head""}, {""t"": 124.859206349, ""f"": ""Solo""}, {""t"": 160.346916099, ""f"": ""Head""}, {""t"": 195.908480725, ""f"": ""Solo""}, {""t"": 231.41371882, ""f"": ""Head""}, {""t"": 267.111337868, ""f"": ""Interlude""}, {""t"": 284.784580498, ""f"": ""Head""}, {""t"": 320.252607709, ""f"": ""no_function""}, {""t"": 338.439546485, ""f"": ""Outro""}, {""t"": 355.820975056, ""f"": ""Fade-out""}, {""t"": 381.550340136, ""f"": ""End""}]","[0.0, 0.280430839, 35.824829931, 71.37494331, 89.126530612, 124.760090702, 160.222358276, 195.850362811, 231.383106575, 266.946916099, 284.684920634, 320.293628117, 364.694852607, 375.911995464, 381.569501133]","[{""t"": 0.0, ""f"": ""Silence""}, {""t"": 0.280430839, ""f"": ""Intro""}, {""t"": 35.824829931, ""f"": ""Head""}, {""t"": 71.37494331, ""f"": ""Transition""}, {""t"": 89.126530612, ""f"": ""Head""}, {""t"": 124.760090702, ""f"": ""Solo""}, {""t"": 160.222358276, ""f"": ""Head""}, {""t"": 195.850362811, ""f"": ""Solo""}, {""t"": 231.383106575, ""f"": ""Head""}, {""t"": 266.946916099, ""f"": ""Transition""}, {""t"": 284.684920634, ""f"": ""Head""}, {""t"": 320.293628117, ""f"": ""Outro""}, {""t"": 364.694852607, ""f"": ""Fade-out""}, {""t"": 375.911995464, ""f"": ""Silence""}, {""t"": 381.569501133, ""f"": ""End""}]",spectrograms/mel/581_Greyboy_Panacea.png,spectrograms/linear/581_Greyboy_Panacea.png,spectrograms/matrices/581_Greyboy_Panacea.npy
589,You Haven  t Done Nothin,Stevie Wonder,"[0.0, 0.232199546, 28.572947845, 47.602789115, 71.220816326, 90.186712018, 109.12095238, 123.333764172, 142.238208616, 165.95446712, 194.353333333, 202.646984126]","[{""t"": 0.0, ""f"": ""Silence""}, {""t"": 0.232199546, ""f"": ""Intro""}, {""t"": 28.572947845, ""f"": ""Verse""}, {""t"": 47.602789115, ""f"": ""Chorus""}, {""t"": 71.220816326, ""f"": ""Verse""}, {""t"": 90.186712018, ""f"": ""Chorus""}, {""t"": 109.12095238, ""f"": ""Bridge""}, {""t"": 123.333764172, ""f"": ""Verse""}, {""t"": 142.238208616, ""f"": ""Chorus""}, {""t"": 165.95446712, ""f"": ""Outro""}, {""t"": 194.353333333, ""f"": ""Fade-out""}, {""t"": 202.646984126, ""f"": ""End""}]","[0.0, 0.185759637, 9.763696145, 28.642086167, 47.641156462, 61.796349206, 71.239206349, 90.206984126, 109.135170068, 123.303854875, 142.326984126, 156.446984126, 165.974875283, 194.359024943, 202.721882086, 202.721882086]","[{""t"": 0.0, ""f"": ""Silence""}, {""t"": 0.185759637, ""f"": ""Intro""}, {""t"": 9.763696145, ""f"": ""Intro""}, {""t"": 28.642086167, ""f"": ""Verse""}, {""t"": 47.641156462, ""f"": ""Chorus""}, {""t"": 61.796349206, ""f"": ""Transition""}, {""t"": 71.239206349, ""f"": ""Verse""}, {""t"": 90.206984126, ""f"": ""Chorus""}, {""t"": 109.135170068, ""f"": ""Interlude""}, {""t"": 123.303854875, ""f"": ""Verse""}, {""t"": 142.326984126, ""f"": ""Chorus""}, {""t"": 156.446984126, ""f"": ""Transition""}, {""t"": 165.974875283, ""f"": ""Outro""}, {""t"": 194.359024943, ""f"": ""Fade-out""}, {""t"": 202.721882086, ""f"": ""End""}, {""t"": 202.721882086, ""f"": ""Silence""}]",spectrograms/mel/589_Stevie_Wonder_You_Haven__t_Done_Nothin.png,spectrograms/linear/589_Stevie_Wonder_You_Haven__t_Done_Nothin.png,spectrograms/matrices/589_Stevie_Wonder_You_Haven__t_Done_Nothin.npy
597,Willl the Circle Be Unbroken,The Staple Singers,"[0.0, 0.024671201, 6.925147392, 31.773174603, 56.133605442, 80.215351473, 104.588231292, 128.301564625, 146.400657596, 156.542743764, 156.542743764]","[{""t"": 0.0, ""f"": ""Silence""}, {""t"": 0.024671201, ""f"": ""Intro""}, {""t"": 6.925147392, ""f"": ""Verse""}, {""t"": 31.773174603, ""f"": ""Chorus""}, {""t"": 56.133605442, ""f"": ""Verse""}, {""t"": 80.215351473, ""f"": ""Chorus""}, {""t"": 104.588231292, ""f"": ""Verse""}, {""t"": 128.301564625, ""f"": ""Chorus""}, {""t"": 146.400657596, ""f"": ""Outro""}, {""t"": 156.542743764, ""f"": ""End""}, {""t"": 156.542743764, ""f"": ""Silence""}]","[0.0, 0.185759637, 7.291065759, 19.570272108, 31.783832199, 43.926575963, 56.135895691, 68.209024943, 80.364512471, 92.446621315, 104.609614512, 116.415827664, 128.502721088, 140.327142857, 152.124399092, 156.546961451]","[{""t"": 0.0, ""f"": ""Silence""}, {""t"": 0.185759637, ""f"": ""Intro""}, {""t"": 7.291065759, ""f"": ""Verse""}, {""t"": 19.570272108, ""f"": ""no_function""}, {""t"": 31.783832199, ""f"": ""no_function""}, {""t"": 43.926575963, ""f"": ""no_function""}, {""t"": 56.135895691, ""f"": ""no_function""}, {""t"": 68.209024943, ""f"": ""no_function""}, {""t"": 80.364512471, ""f"": ""no_function""}, {""t"": 92.446621315, ""f"": ""no_function""}, {""t"": 104.609614512, ""f"": ""no_function""}, {""t"": 116.415827664, ""f"": ""no_function""}, {""t"": 128.502721088, ""f"": ""no_function""}, {""t"": 140.327142857, ""f"": ""no_function""}, {""t"": 152.124399092, ""f"": ""Outro""}, {""t"": 156.546961451, ""f"": ""End""}]",spectrograms/mel/597_The_Staple_Singers_Willl_the_Circle_Be_Unbroken.png,spectrograms/linear/597_The_Staple_Singers_Willl_the_Circle_Be_Unbroken.png,spectrograms/matrices/597_The_Staple_Singers_Willl_the_Circle_Be_Unbroken.npy
605,Don  t ask me why,Elvis Presley,"[0.0, 0.406349206, 6.94861678, 31.855986394, 57.037188208, 80.701269841, 127.330929705]","[{""t"": 0.0, ""f"": ""Silence""}, {""t"": 0.406349206, ""f"": ""Intro""}, {""t"": 6.94861678, ""f"": ""Verse""}, {""t"": 31.855986394, ""f"": ""Verse""}, {""t"": 57.037188208, ""f"": ""Bridge""}, {""t"": 80.701269841, ""f"": ""Verse""}, {""t"": 127.330929705, ""f"": ""End""}]","[0.0, 0.529501133, 6.810589569, 31.852517006, 56.9530839, 80.415124716, 105.109886621, 123.762358276, 127.356190476]","[{""t"": 0.0, ""f"": ""Silence""}, {""t"": 0.529501133, ""f"": ""Intro""}, {""t"": 6.810589569, ""f"": ""Verse""}, {""t"": 31.852517006, ""f"": ""Verse""}, {""t"": 56.9530839, ""f"": ""Bridge""}, {""t"": 80.415124716, ""f"": ""Verse""}, {""t"": 105.109886621, ""f"": ""Outro""}, {""t"": 123.762358276, ""f"": ""Silence""}, {""t"": 127.356190476, ""f"": ""End""}]",spectrograms/mel/605_Elvis_Presley_Don__t_ask_me_why.png,spectrograms/linear/605_Elvis_Presley_Don__t_ask_me_why.png,spectrograms/matrices/605_Elvis_Presley_Don__t_ask_me_why.npy
621,High Time We Went,Joe Cocker,"[0.0, 0.441179138, 9.013333333, 16.794671201, 24.617460317, 32.290975056, 40.019297052, 47.763038548, 55.521609977, 63.289297052, 70.881587301, 78.673922902, 86.372970521, 94.161655328, 101.861950113, 109.594920634, 117.304852607, 125.074580498, 132.673854875, 140.330725623, 148.042607709, 155.729954648, 163.385419501, 171.017732426, 178.649727891, 186.321564625, 194.009977324, 201.690249433, 209.313922902, 216.986938775, 224.602993197, 232.305804988, 239.966961451, 247.650680272, 251.557097505, 251.557097505, 267.426213151, 271.780975056]","[{""t"": 0.0, ""f"": ""Silence""}, {""t"": 0.441179138, ""f"": ""Intro""}, {""t"": 9.013333333, ""f"": ""Verse""}, {""t"": 16.794671201, ""f"": ""Verse""}, {""t"": 24.617460317, ""f"": ""Chorus""}, {""t"": 32.290975056, ""f"": ""Chorus""}, {""t"": 40.019297052, ""f"": ""Verse""}, {""t"": 47.763038548, ""f"": ""Verse""}, {""t"": 55.521609977, ""f"": ""Chorus""}, {""t"": 63.289297052, ""f"": ""Chorus""}, {""t"": 70.881587301, ""f"": ""Instrumental""}, {""t"": 78.673922902, ""f"": ""Instrumental""}, {""t"": 86.372970521, ""f"": ""Verse""}, {""t"": 94.161655328, ""f"": ""Verse""}, {""t"": 101.861950113, ""f"": ""Chorus""}, {""t"": 109.594920634, ""f"": ""Chorus""}, {""t"": 117.304852607, ""f"": ""Instrumental""}, {""t"": 125.074580498, ""f"": ""Instrumental""}, {""t"": 132.673854875, ""f"": ""Verse""}, {""t"": 140.330725623, ""f"": ""Verse""}, {""t"": 148.042607709, ""f"": ""Chorus""}, {""t"": 155.729954648, ""f"": ""Chorus""}, {""t"": 163.385419501, ""f"": ""Instrumental""}, {""t"": 171.017732426, ""f"": ""Instrumental""}, {""t"": 178.649727891, ""f"": ""Verse""}, {""t"": 186.321564625, ""f"": ""Verse""}, {""t"": 194.009977324, ""f"": ""Chorus""}, {""t"": 201.690249433, ""f"": ""Chorus""}, {""t"": 209.313922902, ""f"": ""Instrumental""}, {""t"": 216.986938775, ""f"": ""Instrumental""}, {""t"": 224.602993197, ""f"": ""Verse""}, {""t"": 232.305804988, ""f"": ""Verse""}, {""t"": 239.966961451, ""f"": ""Chorus""}, {""t"": 247.650680272, ""f"": ""Chorus""}, {""t"": 251.557097505, ""f"": ""Fade-out""}, {""t"": 251.557097505, ""f"": ""Outro""}, {""t"": 267.426213151, ""f"": ""Silence""}, {""t"": 271.780975056, ""f"": ""End""}]","[0.0, 0.441179138, 8.939659863, 24.497029478, 39.915079365, 55.518888888, 70.844058956, 86.354988662, 101.865918367, 117.237528344, 132.655578231, 147.980748299, 163.352358276, 178.584648526, 193.909818594, 209.281428571, 224.51371882, 239.885328798, 255.210498866, 255.210498866, 267.191995464, 271.777959183]","[{""t"": 0.0, ""f"": ""Silence""}, {""t"": 0.441179138, ""f"": ""Intro""}, {""t"": 8.939659863, ""f"": ""Verse""}, {""t"": 24.497029478, ""f"": ""Chorus""}, {""t"": 39.915079365, ""f"": ""Verse""}, {""t"": 55.518888888, ""f"": ""Chorus""}, {""t"": 70.844058956, ""f"": ""Solo""}, {""t"": 86.354988662, ""f"": ""Verse""}, {""t"": 101.865918367, ""f"": ""Chorus""}, {""t"": 117.237528344, ""f"": ""Solo""}, {""t"": 132.655578231, ""f"": ""Verse""}, {""t"": 147.980748299, ""f"": ""Chorus""}, {""t"": 163.352358276, ""f"": ""Solo""}, {""t"": 178.584648526, ""f"": ""Verse""}, {""t"": 193.909818594, ""f"": ""Chorus""}, {""t"": 209.281428571, ""f"": ""Solo""}, {""t"": 224.51371882, ""f"": ""Verse""}, {""t"": 239.885328798, ""f"": ""Chorus""}, {""t"": 255.210498866, ""f"": ""Fade-out""}, {""t"": 255.210498866, ""f"": ""Solo""}, {""t"": 267.191995464, ""f"": ""Silence""}, {""t"": 271.777959183, ""f"": ""End""}]",spectrograms/mel/621_Joe_Cocker_High_Time_We_Went.png,spectrograms/linear/621_Joe_Cocker_High_Time_We_Went.png,spectrograms/matrices/621_Joe_Cocker_High_Time_We_Went.npy
637,Should I,Burning Spear,"[0.0, 0.162539682, 14.04015873, 38.502766439, 44.698548752, 69.1730839, 94.022222222, 97.064807256, 112.663310657, 149.742607709, 162.141950113, 174.552108843, 192.977369614, 205.545918367, 217.714489795, 255.205056689]","[{""t"": 0.0, ""f"": ""Silence""}, {""t"": 0.162539682, ""f"": ""Intro""}, {""t"": 14.04015873, ""f"": ""Chorus""}, {""t"": 38.502766439, ""f"": ""Interlude""}, {""t"": 44.698548752, ""f"": ""no_function""}, {""t"": 69.1730839, ""f"": ""Chorus""}, {""t"": 94.022222222, ""f"": ""Interlude""}, {""t"": 97.064807256, ""f"": ""no_function""}, {""t"": 112.663310657, ""f"": ""Chorus""}, {""t"": 149.742607709, ""f"": ""Interlude""}, {""t"": 162.141950113, ""f"": ""no_function""}, {""t"": 174.552108843, ""f"": ""Chorus""}, {""t"": 192.977369614, ""f"": ""no_function""}, {""t"": 205.545918367, ""f"": ""no_function""}, {""t"": 217.714489795, ""f"": ""Outro""}, {""t"": 255.205056689, ""f"": ""End""}]","[0.0, 0.208979591, 13.967414965, 38.496099773, 44.607596371, 69.257981859, 93.895873015, 100.121950113, 112.56585034, 137.261133786, 162.097074829, 174.406712018, 192.876462585, 205.408435374, 217.734829931, 242.610884353, 249.817120181, 255.168503401]","[{""t"": 0.0, ""f"": ""Silence""}, {""t"": 0.208979591, ""f"": ""Intro""}, {""t"": 13.967414965, ""f"": ""Chorus""}, {""t"": 38.496099773, ""f"": ""Transition""}, {""t"": 44.607596371, ""f"": ""Verse""}, {""t"": 69.257981859, ""f"": ""Chorus""}, {""t"": 93.895873015, ""f"": ""Transition""}, {""t"": 100.121950113, ""f"": ""Verse""}, {""t"": 112.56585034, ""f"": ""Chorus""}, {""t"": 137.261133786, ""f"": ""Bridge""}, {""t"": 162.097074829, ""f"": ""Verse""}, {""t"": 174.406712018, ""f"": ""Chorus""}, {""t"": 192.876462585, ""f"": ""Transition""}, {""t"": 205.408435374, ""f"": ""Verse""}, {""t"": 217.734829931, ""f"": ""Chorus""}, {""t"": 242.610884353, ""f"": ""Fade-out""}, {""t"": 249.817120181, ""f"": ""Silence""}, {""t"": 255.168503401, ""f"": ""End""}]",spectrograms/mel/637_Burning_Spear_Should_I.png,spectrograms/linear/637_Burning_Spear_Should_I.png,spectrograms/matrices/637_Burning_Spear_Should_I.npy
653,C  mon C  mon,The Von Bondies,"[0.0, 0.487619047, 13.349795918, 26.429546485, 39.221451247, 52.381746031, 52.381746031, 65.38478458, 78.261768707, 91.325578231, 104.301768707, 117.277936507, 130.39786848, 133.050340136, 133.754240362]","[{""t"": 0.0, ""f"": ""Silence""}, {""t"": 0.487619047, ""f"": ""Intro""}, {""t"": 13.349795918, ""f"": ""Verse""}, {""t"": 26.429546485, ""f"": ""Verse""}, {""t"": 39.221451247, ""f"": ""Verse""}, {""t"": 52.381746031, ""f"": ""Instrumental""}, {""t"": 52.381746031, ""f"": ""Interlude""}, {""t"": 65.38478458, ""f"": ""Verse""}, {""t"": 78.261768707, ""f"": ""Verse""}, {""t"": 91.325578231, ""f"": ""Verse""}, {""t"": 104.301768707, ""f"": ""Verse""}, {""t"": 117.277936507, ""f"": ""Verse""}, {""t"": 130.39786848, ""f"": ""Outro""}, {""t"": 133.050340136, ""f"": ""Silence""}, {""t"": 133.754240362, ""f"": ""End""}]","[0.0, 0.673378684, 13.514013605, 26.427732426, 39.27185941, 52.331043083, 65.498707482, 78.411201814, 91.337278911, 104.337823129, 117.274126984, 130.454240362, 133.021496598, 133.747097505]","[{""t"": 0.0, ""f"": ""Silence""}, {""t"": 0.673378684, ""f"": ""Intro""}, {""t"": 13.514013605, ""f"": ""Verse""}, {""t"": 26.427732426, ""f"": ""no_function""}, {""t"": 39.27185941, ""f"": ""Chorus""}, {""t"": 52.331043083, ""f"": ""Transition""}, {""t"": 65.498707482, ""f"": ""Verse""}, {""t"": 78.411201814, ""f"": ""no_function""}, {""t"": 91.337278911, ""f"": ""Chorus""}, {""t"": 104.337823129, ""f"": ""no_function""}, {""t"": 117.274126984, ""f"": ""Verse""}, {""t"": 130.454240362, ""f"": ""Outro""}, {""t"": 133.021496598, ""f"": ""Silence""}, {""t"": 133.747097505, ""f"": ""End""}]",spectrograms/mel/653_The_Von_Bondies_C__mon_C__mon.png,spectrograms/linear/653_The_Von_Bondies_C__mon_C__mon.png,spectrograms/matrices/653_The_Von_Bondies_C__mon_C__mon.npy
661,Eternal Caravan Of Reincarnation,Santana,"[0.0, 0.705306122, 37.359206349, 103.891428571, 239.542403628, 271.139455782]","[{""t"": 0.0, ""f"": ""Silence""}, {""t"": 0.705306122, ""f"": ""no_function""}, {""t"": 37.359206349, ""f"": ""Intro""}, {""t"": 103.891428571, ""f"": ""no_function""}, {""t"": 239.542403628, ""f"": ""Fade-out""}, {""t"": 271.139455782, ""f"": ""End""}]","[0.0, 0.656734693, 105.00063492, 202.036825396, 247.189183673, 271.153877551]","[{""t"": 0.0, ""f"": ""Silence""}, {""t"": 0.656734693, ""f"": ""Intro""}, {""t"": 105.00063492, ""f"": ""no_function""}, {""t"": 202.036825396, ""f"": ""no_function""}, {""t"": 247.189183673, ""f"": ""Outro""}, {""t"": 271.153877551, ""f"": ""End""}]",spectrograms/mel/661_Santana_Eternal_Caravan_Of_Reincarnation.png,spectrograms/linear/661_Santana_Eternal_Caravan_Of_Reincarnation.png,spectrograms/matrices/661_Santana_Eternal_Caravan_Of_Reincarnation.npy
669,Hold Me Tight,The Beatles,"[0.0, 0.441179138, 31.922789115, 60.057755102, 72.380362811, 100.76095238, 113.102562358, 152.574829931]","[{""t"": 0.0, ""f"": ""Silence""}, {""t"": 0.441179138, ""f"": ""Verse""}, {""t"": 31.922789115, ""f"": ""Verse""}, {""t"": 60.057755102, ""f"": ""Interlude""}, {""t"": 72.380362811, ""f"": ""Verse""}, {""t"": 100.76095238, ""f"": ""Interlude""}, {""t"": 113.102562358, ""f"": ""Verse""}, {""t"": 152.574829931, ""f"": ""End""}]","[0.0, 0.464399092, 3.94909297, 17.843492063, 31.903741496, 46.004217687, 60.067482993, 72.388253968, 86.504285714, 100.760249433, 113.080204081, 127.230839002, 141.57494331, 148.834353741, 152.565578231]","[{""t"": 0.0, ""f"": ""Silence""}, {""t"": 0.464399092, ""f"": ""Intro""}, {""t"": 3.94909297, ""f"": ""Verse""}, {""t"": 17.843492063, ""f"": ""Chorus""}, {""t"": 31.903741496, ""f"": ""Verse""}, {""t"": 46.004217687, ""f"": ""Chorus""}, {""t"": 60.067482993, ""f"": ""Bridge""}, {""t"": 72.388253968, ""f"": ""Verse""}, {""t"": 86.504285714, ""f"": ""Chorus""}, {""t"": 100.760249433, ""f"": ""Bridge""}, {""t"": 113.080204081, ""f"": ""Verse""}, {""t"": 127.230839002, ""f"": ""Chorus""}, {""t"": 141.57494331, ""f"": ""Coda""}, {""t"": 148.834353741, ""f"": ""Silence""}, {""t"": 152.565578231, ""f"": ""End""}]",spectrograms/mel/669_The_Beatles_Hold_Me_Tight.png,spectrograms/linear/669_The_Beatles_Hold_Me_Tight.png,spectrograms/matrices/669_The_Beatles_Hold_Me_Tight.npy
677,Ride The Lightning,Metallica,"[0.0, 0.024489795, 32.081269841, 38.507097505, 58.815668934, 65.135351473, 74.746235827, 81.215442176, 100.591587301, 106.975306122, 118.275986394, 129.348004535, 142.46755102, 168.473356009, 168.473356009, 275.431814058, 288.56755102, 321.615646258, 342.07371882, 348.332562358, 351.588707482, 357.876553287, 394.733424036, 396.680181405]","[{""t"": 0.0, ""f"": ""Silence""}, {""t"": 0.024489795, ""f"": ""Intro""}, {""t"": 32.081269841, ""f"": ""Transition""}, {""t"": 38.507097505, ""f"": ""Verse""}, {""t"": 58.815668934, ""f"": ""Chorus""}, {""t"": 65.135351473, ""f"": ""Instrumental""}, {""t"": 74.746235827, ""f"": ""Transition""}, {""t"": 81.215442176, ""f"": ""Verse""}, {""t"": 100.591587301, ""f"": ""Chorus""}, {""t"": 106.975306122, ""f"": ""Instrumental""}, {""t"": 118.275986394, ""f"": ""Instrumental""}, {""t"": 129.348004535, ""f"": ""Chorus""}, {""t"": 142.46755102, ""f"": ""Instrumental""}, {""t"": 168.473356009, ""f"": ""Instrumental""}, {""t"": 168.473356009, ""f"": ""Solo""}, {""t"": 275.431814058, ""f"": ""Chorus""}, {""t"": 288.56755102, ""f"": ""Instrumental""}, {""t"": 321.615646258, ""f"": ""Verse""}, {""t"": 342.07371882, ""f"": ""Chorus""}, {""t"": 348.332562358, ""f"": ""Instrumental""}, {""t"": 351.588707482, ""f"": ""Chorus""}, {""t"": 357.876553287, ""f"": ""Outro""}, {""t"": 394.733424036, ""f"": ""Silence""}, {""t"": 396.680181405, ""f"": ""End""}]","[0.0, 0.0, 12.600702947, 39.348185941, 58.79494331, 81.152040816, 100.563990929, 118.249954648, 129.300249433, 142.342086167, 155.868344671, 261.996122448, 275.020136054, 288.478526077, 301.784013605, 323.016190476, 341.947006802, 364.30648526, 390.490090702, 394.76430839, 396.683061224]","[{""t"": 0.0, ""f"": ""Intro""}, {""t"": 0.0, ""f"": ""silence""}, {""t"": 12.600702947, ""f"": ""Transition""}, {""t"": 39.348185941, ""f"": ""Verse""}, {""t"": 58.79494331, ""f"": ""Chorus""}, {""t"": 81.152040816, ""f"": ""Verse""}, {""t"": 100.563990929, ""f"": ""Chorus""}, {""t"": 118.249954648, ""f"": ""Transition""}, {""t"": 129.300249433, ""f"": ""Bridge""}, {""t"": 142.342086167, ""f"": ""Transition""}, {""t"": 155.868344671, ""f"": ""Solo""}, {""t"": 261.996122448, ""f"": ""Transition""}, {""t"": 275.020136054, ""f"": ""Bridge""}, {""t"": 288.478526077, ""f"": ""Transition""}, {""t"": 301.784013605, ""f"": ""Transition""}, {""t"": 323.016190476, ""f"": ""Verse""}, {""t"": 341.947006802, ""f"": ""Chorus""}, {""t"": 364.30648526, ""f"": ""Outro""}, {""t"": 390.490090702, ""f"": ""Outro""}, {""t"": 394.76430839, ""f"": ""Silence""}, {""t"": 396.683061224, ""f"": ""End""}]",spectrograms/mel/677_Metallica_Ride_The_Lightning.png,spectrograms/linear/677_Metallica_Ride_The_Lightning.png,spectrograms/matrices/677_Metallica_Ride_The_Lightning.npy
685,Use My Third Arm,Pantera,"[0.0, 0.0, 48.868458049, 88.556734693, 104.204739229, 143.971995464, 158.003786848, 230.702811791, 254.286825396, 261.862857142, 286.330136054, 291.862675736, 291.966712018]","[{""t"": 0.0, ""f"": ""Intro""}, {""t"": 0.0, ""f"": ""silence""}, {""t"": 48.868458049, ""f"": ""Verse""}, {""t"": 88.556734693, ""f"": ""Chorus""}, {""t"": 104.204739229, ""f"": ""Verse""}, {""t"": 143.971995464, ""f"": ""Chorus""}, {""t"": 158.003786848, ""f"": ""Instrumental""}, {""t"": 230.702811791, ""f"": ""Verse""}, {""t"": 254.286825396, ""f"": ""Chorus""}, {""t"": 261.862857142, ""f"": ""Coda""}, {""t"": 286.330136054, ""f"": ""Outro""}, {""t"": 291.862675736, ""f"": ""Silence""}, {""t"": 291.966712018, ""f"": ""End""}]","[0.0, 0.326530612, 96.440929705, 151.651768707, 157.570861678, 222.871836734, 287.111473922, 291.87510204, 291.87510204]","[{""t"": 0.0, ""f"": ""Silence""}, {""t"": 0.326530612, ""f"": ""no_function""}, {""t"": 96.440929705, ""f"": ""Transition""}, {""t"": 151.651768707, ""f"": ""Transition""}, {""t"": 157.570861678, ""f"": ""no_function""}, {""t"": 222.871836734, ""f"": ""no_function""}, {""t"": 287.111473922, ""f"": ""Coda""}, {""t"": 291.87510204, ""f"": ""End""}, {""t"": 291.87510204, ""f"": ""Silence""}]",spectrograms/mel/685_Pantera_Use_My_Third_Arm.png,spectrograms/linear/685_Pantera_Use_My_Third_Arm.png,spectrograms/matrices/685_Pantera_Use_My_Third_Arm.npy
693,Detours,Sheryl Crow,"[0.0, 0.64, 11.19201814, 32.275736961, 57.35755102, 67.924036281, 89.020249433, 114.041972789, 135.129433106, 160.24, 181.304648526, 208.995555555, 209.031836734]","[{""t"": 0.0, ""f"": ""Silence""}, {""t"": 0.64, ""f"": ""Intro""}, {""t"": 11.19201814, ""f"": ""Verse""}, {""t"": 32.275736961, ""f"": ""Chorus""}, {""t"": 57.35755102, ""f"": ""Interlude""}, {""t"": 67.924036281, ""f"": ""Verse""}, {""t"": 89.020249433, ""f"": ""Chorus""}, {""t"": 114.041972789, ""f"": ""Interlude""}, {""t"": 135.129433106, ""f"": ""Chorus""}, {""t"": 160.24, ""f"": ""Interlude""}, {""t"": 181.304648526, ""f"": ""Verse""}, {""t"": 208.995555555, ""f"": ""Silence""}, {""t"": 209.031836734, ""f"": ""End""}]",[],[],spectrograms/mel/693_Sheryl_Crow_Detours.png,spectrograms/linear/693_Sheryl_Crow_Detours.png,spectrograms/matrices/693_Sheryl_Crow_Detours.npy
701,On A Tuesday In Amsterdam Long Ago,Counting Crows,"[0.0, 0.139546485, 13.660249433, 60.226462585, 84.27770975, 132.310068027, 156.404489795, 180.396984126, 228.425487528, 288.923968253, 297.511723356]","[{""t"": 0.0, ""f"": ""Silence""}, {""t"": 0.139546485, ""f"": ""Intro""}, {""t"": 13.660249433, ""f"": ""Verse""}, {""t"": 60.226462585, ""f"": ""Chorus""}, {""t"": 84.27770975, ""f"": ""Verse""}, {""t"": 132.310068027, ""f"": ""Chorus""}, {""t"": 156.404489795, ""f"": ""Solo""}, {""t"": 180.396984126, ""f"": ""Verse""}, {""t"": 228.425487528, ""f"": ""Chorus""}, {""t"": 288.923968253, ""f"": ""Silence""}, {""t"": 297.511723356, ""f"": ""End""}]","[0.0, 0.162539682, 12.220680272, 60.263900226, 84.304421768, 132.368344671, 156.333356009, 180.429750566, 228.553015873, 228.553015873, 296.872312925, 297.524829931]","[{""t"": 0.0, ""f"": ""Silence""}, {""t"": 0.162539682, ""f"": ""Intro""}, {""t"": 12.220680272, ""f"": ""Verse""}, {""t"": 60.263900226, ""f"": ""Chorus""}, {""t"": 84.304421768, ""f"": ""Verse""}, {""t"": 132.368344671, ""f"": ""Chorus""}, {""t"": 156.333356009, ""f"": ""Solo""}, {""t"": 180.429750566, ""f"": ""Verse""}, {""t"": 228.553015873, ""f"": ""Chorus""}, {""t"": 228.553015873, ""f"": ""Outro""}, {""t"": 296.872312925, ""f"": ""Silence""}, {""t"": 297.524829931, ""f"": ""End""}]",spectrograms/mel/701_Counting_Crows_On_A_Tuesday_In_Amsterdam_Long_Ago.png,spectrograms/linear/701_Counting_Crows_On_A_Tuesday_In_Amsterdam_Long_Ago.png,spectrograms/matrices/701_Counting_Crows_On_A_Tuesday_In_Amsterdam_Long_Ago.npy
733,Devil Woman,Toubab Krewe,"[0.0, 0.064285714, 10.372675736, 20.151043083, 29.906190476, 88.246848072, 97.937074829, 154.847120181, 164.256281179, 174.457142857, 178.328526077]","[{""t"": 0.0, ""f"": ""Silence""}, {""t"": 0.064285714, ""f"": ""Intro""}, {""t"": 10.372675736, ""f"": ""Instrumental""}, {""t"": 20.151043083, ""f"": ""Interlude""}, {""t"": 29.906190476, ""f"": ""Instrumental""}, {""t"": 88.246848072, ""f"": ""Bridge""}, {""t"": 97.937074829, ""f"": ""Instrumental""}, {""t"": 154.847120181, ""f"": ""Bridge""}, {""t"": 164.256281179, ""f"": ""Outro""}, {""t"": 174.457142857, ""f"": ""Silence""}, {""t"": 178.328526077, ""f"": ""End""}]","[0.0, 0.0, 29.862834467, 88.120680272, 107.427619047, 154.78877551, 164.241247165, 174.38185941, 178.346439909]","[{""t"": 0.0, ""f"": ""Intro""}, {""t"": 0.0, ""f"": ""silence""}, {""t"": 29.862834467, ""f"": ""Solo""}, {""t"": 88.120680272, ""f"": ""Bridge""}, {""t"": 107.427619047, ""f"": ""Solo""}, {""t"": 154.78877551, ""f"": ""Interlude""}, {""t"": 164.241247165, ""f"": ""Outro""}, {""t"": 174.38185941, ""f"": ""Silence""}, {""t"": 178.346439909, ""f"": ""End""}]",spectrograms/mel/733_Toubab_Krewe_Devil_Woman.png,spectrograms/linear/733_Toubab_Krewe_Devil_Woman.png,spectrograms/matrices/733_Toubab_Krewe_Devil_Woman.npy
749,Habibi Lahibi   My Darling   My Fire,Emad Sayyah,"[0.0, 0.255419501, 69.45786848, 84.213968253, 99.181088435, 113.945895691, 128.813628117, 143.591814058, 158.577120181, 173.403605442, 188.243038548, 203.088979591, 217.944126984, 232.821337868, 247.704829931, 262.4761678, 282.229365079]","[{""t"": 0.0, ""f"": ""Silence""}, {""t"": 0.255419501, ""f"": ""Solo""}, {""t"": 69.45786848, ""f"": ""Theme""}, {""t"": 84.213968253, ""f"": ""Transition""}, {""t"": 99.181088435, ""f"": ""Theme""}, {""t"": 113.945895691, ""f"": ""Theme""}, {""t"": 128.813628117, ""f"": ""Theme""}, {""t"": 143.591814058, ""f"": ""Theme""}, {""t"": 158.577120181, ""f"": ""Theme""}, {""t"": 173.403605442, ""f"": ""Transition""}, {""t"": 188.243038548, ""f"": ""Theme""}, {""t"": 203.088979591, ""f"": ""Theme""}, {""t"": 217.944126984, ""f"": ""Theme""}, {""t"": 232.821337868, ""f"": ""Transition""}, {""t"": 247.704829931, ""f"": ""Theme""}, {""t"": 262.4761678, ""f"": ""Theme""}, {""t"": 282.229365079, ""f"": ""End""}]","[0.0, 0.348299319, 68.324557823, 84.253492063, 99.13185941, 113.918684807, 128.754263038, 158.462244897, 173.341133786, 188.178299319, 217.872947845, 232.74462585, 247.547074829, 262.375691609, 278.599274376, 282.208571428]","[{""t"": 0.0, ""f"": ""Silence""}, {""t"": 0.348299319, ""f"": ""Intro""}, {""t"": 68.324557823, ""f"": ""Intro""}, {""t"": 84.253492063, ""f"": ""Transition""}, {""t"": 99.13185941, ""f"": ""Chorus""}, {""t"": 113.918684807, ""f"": ""Transition""}, {""t"": 128.754263038, ""f"": ""Theme""}, {""t"": 158.462244897, ""f"": ""Chorus""}, {""t"": 173.341133786, ""f"": ""Transition""}, {""t"": 188.178299319, ""f"": ""Theme""}, {""t"": 217.872947845, ""f"": ""Chorus""}, {""t"": 232.74462585, ""f"": ""Transition""}, {""t"": 247.547074829, ""f"": ""Chorus""}, {""t"": 262.375691609, ""f"": ""Outro""}, {""t"": 278.599274376, ""f"": ""Silence""}, {""t"": 282.208571428, ""f"": ""End""}]",spectrograms/mel/749_Emad_Sayyah_Habibi_Lahibi___My_Darling___My_Fire.png,spectrograms/linear/749_Emad_Sayyah_Habibi_Lahibi___My_Darling___My_Fire.png,spectrograms/matrices/749_Emad_Sayyah_Habibi_Lahibi___My_Darling___My_Fire.npy
765,Bopong   I Lotring,Gamelan Semar Pegulingan,"[0.0, 0.253061224, 16.927981859, 55.527755102, 67.552834467, 79.451043083, 91.289863945, 103.515600907, 115.231496598, 126.539387755, 137.706145124, 148.939229024, 161.471564625, 244.314829931, 271.220680272, 275.061632653]","[{""t"": 0.0, ""f"": ""Silence""}, {""t"": 0.253061224, ""f"": ""Intro""}, {""t"": 16.927981859, ""f"": ""Main_Theme""}, {""t"": 55.527755102, ""f"": ""no_function""}, {""t"": 67.552834467, ""f"": ""no_function""}, {""t"": 79.451043083, ""f"": ""no_function""}, {""t"": 91.289863945, ""f"": ""no_function""}, {""t"": 103.515600907, ""f"": ""no_function""}, {""t"": 115.231496598, ""f"": ""no_function""}, {""t"": 126.539387755, ""f"": ""Theme""}, {""t"": 137.706145124, ""f"": ""no_function""}, {""t"": 148.939229024, ""f"": ""no_function""}, {""t"": 161.471564625, ""f"": ""Theme""}, {""t"": 244.314829931, ""f"": ""Outro""}, {""t"": 271.220680272, ""f"": ""Silence""}, {""t"": 275.061632653, ""f"": ""End""}]","[0.0, 0.521292517, 4.783673469, 16.097959183, 161.469387755, 191.281632653, 220.938390022, 244.212244897, 270.45664399, 275.078730158]","[{""t"": 0.0, ""f"": ""Silence""}, {""t"": 0.521292517, ""f"": ""Intro""}, {""t"": 4.783673469, ""f"": ""no_function""}, {""t"": 16.097959183, ""f"": ""no_function""}, {""t"": 161.469387755, ""f"": ""d/b""}, {""t"": 191.281632653, ""f"": ""d/b""}, {""t"": 220.938390022, ""f"": ""d/b""}, {""t"": 244.212244897, ""f"": ""Outro""}, {""t"": 270.45664399, ""f"": ""Silence""}, {""t"": 275.078730158, ""f"": ""End""}]",spectrograms/mel/765_Gamelan_Semar_Pegulingan_Bopong___I_Lotring.png,spectrograms/linear/765_Gamelan_Semar_Pegulingan_Bopong___I_Lotring.png,spectrograms/matrices/765_Gamelan_Semar_Pegulingan_Bopong___I_Lotring.npy
773,U selo kavga golema,Grupa Pevaca and Lola,"[0.0, 0.487619047, 4.487913832, 29.553174603, 33.22371882, 58.070907029, 61.448049886, 86.524603174, 89.767800453, 115.20430839, 123.609795918]","[{""t"": 0.0, ""f"": ""Silence""}, {""t"": 0.487619047, ""f"": ""no_function""}, {""t"": 4.487913832, ""f"": ""no_function""}, {""t"": 29.553174603, ""f"": ""no_function""}, {""t"": 33.22371882, ""f"": ""no_function""}, {""t"": 58.070907029, ""f"": ""no_function""}, {""t"": 61.448049886, ""f"": ""no_function""}, {""t"": 86.524603174, ""f"": ""no_function""}, {""t"": 89.767800453, ""f"": ""no_function""}, {""t"": 115.20430839, ""f"": ""no_function""}, {""t"": 123.609795918, ""f"": ""End""}]","[0.0, 0.626938775, 4.365351473, 29.686439909, 33.210770975, 58.211337868, 61.633990929, 86.516553287, 89.961746031, 115.195487528, 118.770068027, 123.5930839]","[{""t"": 0.0, ""f"": ""Silence""}, {""t"": 0.626938775, ""f"": ""Intro""}, {""t"": 4.365351473, ""f"": ""Verse""}, {""t"": 29.686439909, ""f"": ""Transition""}, {""t"": 33.210770975, ""f"": ""Verse""}, {""t"": 58.211337868, ""f"": ""Transition""}, {""t"": 61.633990929, ""f"": ""Verse""}, {""t"": 86.516553287, ""f"": ""Transition""}, {""t"": 89.961746031, ""f"": ""Verse""}, {""t"": 115.195487528, ""f"": ""Outro""}, {""t"": 118.770068027, ""f"": ""Silence""}, {""t"": 123.5930839, ""f"": ""End""}]",spectrograms/mel/773_Grupa_Pevaca_and_Lola_U_selo_kavga_golema.png,spectrograms/linear/773_Grupa_Pevaca_and_Lola_U_selo_kavga_golema.png,spectrograms/matrices/773_Grupa_Pevaca_and_Lola_U_selo_kavga_golema.npy
781,Give Me the Food,Miss Platnum,"[0.0, 0.052244897, 12.506371882, 37.247165532, 49.544013605, 74.294671201, 98.99217687, 111.354081632, 136.103628117, 173.136984126, 185.707097505]","[{""t"": 0.0, ""f"": ""Silence""}, {""t"": 0.052244897, ""f"": ""Intro""}, {""t"": 12.506371882, ""f"": ""Verse""}, {""t"": 37.247165532, ""f"": ""Chorus""}, {""t"": 49.544013605, ""f"": ""Verse""}, {""t"": 74.294671201, ""f"": ""Chorus""}, {""t"": 98.99217687, ""f"": ""Interlude""}, {""t"": 111.354081632, ""f"": ""Bridge""}, {""t"": 136.103628117, ""f"": ""Chorus""}, {""t"": 173.136984126, ""f"": ""Outro""}, {""t"": 185.707097505, ""f"": ""End""}]","[0.0, 0.0, 12.443673469, 24.789297052, 37.124716553, 49.482947845, 61.81893424, 74.19526077, 86.590929705, 98.933333333, 111.21893424, 136.018979591, 148.357641723, 160.722947845, 173.058979591, 185.690975056, 185.820430839]","[{""t"": 0.0, ""f"": ""Intro""}, {""t"": 0.0, ""f"": ""Silence""}, {""t"": 12.443673469, ""f"": ""Verse""}, {""t"": 24.789297052, ""f"": ""Verse""}, {""t"": 37.124716553, ""f"": ""Chorus""}, {""t"": 49.482947845, ""f"": ""Verse""}, {""t"": 61.81893424, ""f"": ""Verse""}, {""t"": 74.19526077, ""f"": ""Chorus""}, {""t"": 86.590929705, ""f"": ""Chorus""}, {""t"": 98.933333333, ""f"": ""Interlude""}, {""t"": 111.21893424, ""f"": ""Interlude""}, {""t"": 136.018979591, ""f"": ""Chorus""}, {""t"": 148.357641723, ""f"": ""Chorus""}, {""t"": 160.722947845, ""f"": ""Outro""}, {""t"": 173.058979591, ""f"": ""no_function""}, {""t"": 185.690975056, ""f"": ""Silence""}, {""t"": 185.820430839, ""f"": ""End""}]",spectrograms/mel/781_Miss_Platnum_Give_Me_the_Food.png,spectrograms/linear/781_Miss_Platnum_Give_Me_the_Food.png,spectrograms/matrices/781_Miss_Platnum_Give_Me_the_Food.npy
805,Sur La Place,Jacques Brel,"[0.0, 0.464399092, 9.338117913, 45.702698412, 60.195963718, 74.09, 101.12154195, 113.575442176, 126.056303854, 151.975306122, 164.46585034, 178.708412698, 214.444036281]","[{""t"": 0.0, ""f"": ""Silence""}, {""t"": 0.464399092, ""f"": ""Intro""}, {""t"": 9.338117913, ""f"": ""Verse""}, {""t"": 45.702698412, ""f"": ""Chorus""}, {""t"": 60.195963718, ""f"": ""post-chorus""}, {""t"": 74.09, ""f"": ""Verse""}, {""t"": 101.12154195, ""f"": ""Chorus""}, {""t"": 113.575442176, ""f"": ""post-chorus""}, {""t"": 126.056303854, ""f"": ""Verse""}, {""t"": 151.975306122, ""f"": ""Chorus""}, {""t"": 164.46585034, ""f"": ""post-chorus""}, {""t"": 178.708412698, ""f"": ""Outro""}, {""t"": 214.444036281, ""f"": ""End""}]","[0.0, 0.324240362, 9.493129251, 45.763945578, 74.132040816, 101.230385487, 125.957664399, 151.954444444, 178.107641723, 212.62154195, 214.447913832]","[{""t"": 0.0, ""f"": ""Silence""}, {""t"": 0.324240362, ""f"": ""Intro""}, {""t"": 9.493129251, ""f"": ""Verse""}, {""t"": 45.763945578, ""f"": ""Chorus""}, {""t"": 74.132040816, ""f"": ""Verse""}, {""t"": 101.230385487, ""f"": ""Chorus""}, {""t"": 125.957664399, ""f"": ""Verse""}, {""t"": 151.954444444, ""f"": ""Chorus""}, {""t"": 178.107641723, ""f"": ""Outro""}, {""t"": 212.62154195, ""f"": ""Silence""}, {""t"": 214.447913832, ""f"": ""End""}]",spectrograms/mel/805_Jacques_Brel_Sur_La_Place.png,spectrograms/linear/805_Jacques_Brel_Sur_La_Place.png,spectrograms/matrices/805_Jacques_Brel_Sur_La_Place.npy
813,A Las Seis,Joe Cuba,"[0.0, 0.0, 8.796530612, 17.273129251, 25.856077097, 34.253854875, 59.567891156, 67.890566893, 76.072902494, 100.494081632, 117.065056689, 125.375283446, 149.547324263, 159.172789115, 159.966802721]","[{""t"": 0.0, ""f"": ""Intro""}, {""t"": 0.0, ""f"": ""silence""}, {""t"": 8.796530612, ""f"": ""Chorus""}, {""t"": 17.273129251, ""f"": ""Verse""}, {""t"": 25.856077097, ""f"": ""Chorus""}, {""t"": 34.253854875, ""f"": ""Interlude""}, {""t"": 59.567891156, ""f"": ""Chorus""}, {""t"": 67.890566893, ""f"": ""Verse""}, {""t"": 76.072902494, ""f"": ""Chorus""}, {""t"": 100.494081632, ""f"": ""Solo""}, {""t"": 117.065056689, ""f"": ""Solo""}, {""t"": 125.375283446, ""f"": ""Chorus""}, {""t"": 149.547324263, ""f"": ""Chorus""}, {""t"": 159.172789115, ""f"": ""Silence""}, {""t"": 159.966802721, ""f"": ""End""}]","[0.0, 0.0, 8.825759637, 17.337777777, 25.873673469, 34.354149659, 42.752562358, 51.149750566, 59.601632653, 67.873854875, 76.113809523, 84.24664399, 92.409750566, 100.570181405, 117.113809523, 125.446553287, 133.505782312, 141.537777777, 149.546077097, 158.50217687, 159.961972789]","[{""t"": 0.0, ""f"": ""Intro""}, {""t"": 0.0, ""f"": ""Silence""}, {""t"": 8.825759637, ""f"": ""Chorus""}, {""t"": 17.337777777, ""f"": ""Verse""}, {""t"": 25.873673469, ""f"": ""Chorus""}, {""t"": 34.354149659, ""f"": ""Interlude""}, {""t"": 42.752562358, ""f"": ""Interlude""}, {""t"": 51.149750566, ""f"": ""Interlude""}, {""t"": 59.601632653, ""f"": ""Chorus""}, {""t"": 67.873854875, ""f"": ""Verse""}, {""t"": 76.113809523, ""f"": ""no_function""}, {""t"": 84.24664399, ""f"": ""no_function""}, {""t"": 92.409750566, ""f"": ""no_function""}, {""t"": 100.570181405, ""f"": ""Solo""}, {""t"": 117.113809523, ""f"": ""Interlude""}, {""t"": 125.446553287, ""f"": ""Chorus""}, {""t"": 133.505782312, ""f"": ""no_function""}, {""t"": 141.537777777, ""f"": ""no_function""}, {""t"": 149.546077097, ""f"": ""Chorus""}, {""t"": 158.50217687, ""f"": ""Silence""}, {""t"": 159.961972789, ""f"": ""End""}]",spectrograms/mel/813_Joe_Cuba_A_Las_Seis.png,spectrograms/linear/813_Joe_Cuba_A_Las_Seis.png,spectrograms/matrices/813_Joe_Cuba_A_Las_Seis.npy
821,Lo Loma de Belen,Sexteto Habanero,"[0.0, 0.0, 18.449047619, 35.472902494, 52.056984126, 92.445532879, 108.421428571, 124.068956916, 144.632766439, 183.948344671]","[{""t"": 0.0, ""f"": ""Intro""}, {""t"": 0.0, ""f"": ""Silence""}, {""t"": 18.449047619, ""f"": ""Chorus""}, {""t"": 35.472902494, ""f"": ""Chorus""}, {""t"": 52.056984126, ""f"": ""Chorus""}, {""t"": 92.445532879, ""f"": ""Chorus""}, {""t"": 108.421428571, ""f"": ""Chorus""}, {""t"": 124.068956916, ""f"": ""Chorus""}, {""t"": 144.632766439, ""f"": ""Outro""}, {""t"": 183.948344671, ""f"": ""End""}]","[0.0, 0.95201814, 18.423514739, 35.60201814, 52.044081632, 71.206802721, 92.516258503, 108.5561678, 124.147006802, 144.678231292, 181.991156462, 183.944739229, 183.948344671]","[{""t"": 0.0, ""f"": ""Silence""}, {""t"": 0.95201814, ""f"": ""Intro""}, {""t"": 18.423514739, ""f"": ""Verse""}, {""t"": 35.60201814, ""f"": ""Verse""}, {""t"": 52.044081632, ""f"": ""Chorus""}, {""t"": 71.206802721, ""f"": ""Chorus""}, {""t"": 92.516258503, ""f"": ""Verse""}, {""t"": 108.5561678, ""f"": ""Verse""}, {""t"": 124.147006802, ""f"": ""Chorus""}, {""t"": 144.678231292, ""f"": ""Bridge""}, {""t"": 181.991156462, ""f"": ""Outro""}, {""t"": 183.944739229, ""f"": ""Silence""}, {""t"": 183.948344671, ""f"": ""End""}]",spectrograms/mel/821_Sexteto_Habanero_Lo_Loma_de_Belen.png,spectrograms/linear/821_Sexteto_Habanero_Lo_Loma_de_Belen.png,spectrograms/matrices/821_Sexteto_Habanero_Lo_Loma_de_Belen.npy
829,Canto De Embalar,Carlos Paredes,"[0.0, 0.406349206, 25.177777777, 47.204104308, 68.84154195, 77.29047619, 101.022517006, 126.126417233, 151.427369614, 172.796031746]","[{""t"": 0.0, ""f"": ""Silence""}, {""t"": 0.406349206, ""f"": ""Theme""}, {""t"": 25.177777777, ""f"": ""Theme""}, {""t"": 47.204104308, ""f"": ""Theme""}, {""t"": 68.84154195, ""f"": ""Transition""}, {""t"": 77.29047619, ""f"": ""Theme""}, {""t"": 101.022517006, ""f"": ""Theme""}, {""t"": 126.126417233, ""f"": ""Theme""}, {""t"": 151.427369614, ""f"": ""no_function""}, {""t"": 172.796031746, ""f"": ""End""}]","[0.0, 0.441655328, 25.07755102, 68.759546485, 125.039455782, 140.66648526, 151.579863945, 172.73324263]","[{""t"": 0.0, ""f"": ""Silence""}, {""t"": 0.441655328, ""f"": ""Main_Theme""}, {""t"": 25.07755102, ""f"": ""Theme""}, {""t"": 68.759546485, ""f"": ""Theme""}, {""t"": 125.039455782, ""f"": ""Main_Theme""}, {""t"": 140.66648526, ""f"": ""Outro""}, {""t"": 151.579863945, ""f"": ""no_function""}, {""t"": 172.73324263, ""f"": ""End""}]",spectrograms/mel/829_Carlos_Paredes_Canto_De_Embalar.png,spectrograms/linear/829_Carlos_Paredes_Canto_De_Embalar.png,spectrograms/matrices/829_Carlos_Paredes_Canto_De_Embalar.npy
845,Vete a la calle,José Menese,"[0.0, 0.383129251, 33.157460317, 62.64739229, 94.483582766, 107.714535147, 155.227346938, 155.227346938, 165.878276643, 197.136621315, 212.836734693, 215.866598639]","[{""t"": 0.0, ""f"": ""Silence""}, {""t"": 0.383129251, ""f"": ""Intro""}, {""t"": 33.157460317, ""f"": ""Verse""}, {""t"": 62.64739229, ""f"": ""Verse""}, {""t"": 94.483582766, ""f"": ""Bridge""}, {""t"": 107.714535147, ""f"": ""Verse""}, {""t"": 155.227346938, ""f"": ""Instrumental""}, {""t"": 155.227346938, ""f"": ""Solo""}, {""t"": 165.878276643, ""f"": ""Verse""}, {""t"": 197.136621315, ""f"": ""Outro""}, {""t"": 212.836734693, ""f"": ""Silence""}, {""t"": 215.866598639, ""f"": ""End""}]","[0.0, 0.43185941, 34.584671201, 62.767437641, 66.785578231, 85.137981859, 107.567210884, 111.061043083, 156.409954648, 169.343129251, 190.416258503, 212.946666666, 215.860272108]","[{""t"": 0.0, ""f"": ""Silence""}, {""t"": 0.43185941, ""f"": ""Intro""}, {""t"": 34.584671201, ""f"": ""Verse""}, {""t"": 62.767437641, ""f"": ""Transition""}, {""t"": 66.785578231, ""f"": ""Verse""}, {""t"": 85.137981859, ""f"": ""Bridge""}, {""t"": 107.567210884, ""f"": ""Transition""}, {""t"": 111.061043083, ""f"": ""no_function""}, {""t"": 156.409954648, ""f"": ""Solo""}, {""t"": 169.343129251, ""f"": ""Verse""}, {""t"": 190.416258503, ""f"": ""Outro""}, {""t"": 212.946666666, ""f"": ""Silence""}, {""t"": 215.860272108, ""f"": ""End""}]",spectrograms/mel/845_José_Menese_Vete_a_la_calle.png,spectrograms/linear/845_José_Menese_Vete_a_la_calle.png,spectrograms/matrices/845_José_Menese_Vete_a_la_calle.npy
893,Warsaw is Khelm,Golem,"[0.0, 0.101587301, 18.917460317, 36.711814058, 49.693106575, 68.449206349, 86.096825396, 98.90185941, 130.551927437, 148.088072562, 160.954489795, 179.684421768, 210.651428571, 225.912086167]","[{""t"": 0.0, ""f"": ""Silence""}, {""t"": 0.101587301, ""f"": ""Intro""}, {""t"": 18.917460317, ""f"": ""Verse""}, {""t"": 36.711814058, ""f"": ""Chorus""}, {""t"": 49.693106575, ""f"": ""post-chorus""}, {""t"": 68.449206349, ""f"": ""Verse""}, {""t"": 86.096825396, ""f"": ""Chorus""}, {""t"": 98.90185941, ""f"": ""post-chorus""}, {""t"": 130.551927437, ""f"": ""Verse""}, {""t"": 148.088072562, ""f"": ""Chorus""}, {""t"": 160.954489795, ""f"": ""post-chorus""}, {""t"": 179.684421768, ""f"": ""Verse""}, {""t"": 210.651428571, ""f"": ""Outro""}, {""t"": 225.912086167, ""f"": ""End""}]","[0.0, 0.139319727, 6.508435374, 19.035941043, 36.641088435, 49.621043083, 68.498866213, 85.890612244, 98.917006802, 105.209614512, 130.519365079, 148.003990929, 160.84462585, 179.815328798, 209.954829931, 222.540045351, 225.905918367]","[{""t"": 0.0, ""f"": ""Silence""}, {""t"": 0.139319727, ""f"": ""Intro""}, {""t"": 6.508435374, ""f"": ""Pre-Verse""}, {""t"": 19.035941043, ""f"": ""Verse""}, {""t"": 36.641088435, ""f"": ""Chorus""}, {""t"": 49.621043083, ""f"": ""Transition""}, {""t"": 68.498866213, ""f"": ""Verse""}, {""t"": 85.890612244, ""f"": ""Chorus""}, {""t"": 98.917006802, ""f"": ""Transition""}, {""t"": 105.209614512, ""f"": ""Bridge""}, {""t"": 130.519365079, ""f"": ""Verse""}, {""t"": 148.003990929, ""f"": ""Chorus""}, {""t"": 160.84462585, ""f"": ""Transition""}, {""t"": 179.815328798, ""f"": ""Verse""}, {""t"": 209.954829931, ""f"": ""Outro""}, {""t"": 222.540045351, ""f"": ""Silence""}, {""t"": 225.905918367, ""f"": ""End""}]",spectrograms/mel/893_Golem_Warsaw_is_Khelm.png,spectrograms/linear/893_Golem_Warsaw_is_Khelm.png,spectrograms/matrices/893_Golem_Warsaw_is_Khelm.npy
837,Na stella,Gianmaria Testa,"[0.0, 0.417959183, 7.892698412, 27.180816326, 34.700362811, 57.934512471, 65.874557823, 73.93095238, 94.422380952, 122.778820861, 130.773650793, 154.819659863, 162.944897959, 171.022766439, 191.676122448, 205.390498866, 214.280521541, 236.71755102]","[{""t"": 0.0, ""f"": ""Silence""}, {""t"": 0.417959183, ""f"": ""Intro""}, {""t"": 7.892698412, ""f"": ""Verse""}, {""t"": 27.180816326, ""f"": ""no_function""}, {""t"": 34.700362811, ""f"": ""Verse""}, {""t"": 57.934512471, ""f"": ""no_function""}, {""t"": 65.874557823, ""f"": ""no_function""}, {""t"": 73.93095238, ""f"": ""Chorus""}, {""t"": 94.422380952, ""f"": ""Verse""}, {""t"": 122.778820861, ""f"": ""no_function""}, {""t"": 130.773650793, ""f"": ""Verse""}, {""t"": 154.819659863, ""f"": ""no_function""}, {""t"": 162.944897959, ""f"": ""no_function""}, {""t"": 171.022766439, ""f"": ""Chorus""}, {""t"": 191.676122448, ""f"": ""no_function""}, {""t"": 205.390498866, ""f"": ""Outro""}, {""t"": 214.280521541, ""f"": ""Fade-out""}, {""t"": 236.71755102, ""f"": ""End""}]","[0.0, 0.394739229, 8.174648526, 38.607278911, 74.06861678, 102.508594104, 134.67478458, 171.212358276, 196.172675736, 205.496598639, 227.613446712, 236.673038548]","[{""t"": 0.0, ""f"": ""Silence""}, {""t"": 0.394739229, ""f"": ""Intro""}, {""t"": 8.174648526, ""f"": ""no_function""}, {""t"": 38.607278911, ""f"": ""no_function""}, {""t"": 74.06861678, ""f"": ""no_function""}, {""t"": 102.508594104, ""f"": ""no_function""}, {""t"": 134.67478458, ""f"": ""no_function""}, {""t"": 171.212358276, ""f"": ""no_function""}, {""t"": 196.172675736, ""f"": ""Coda""}, {""t"": 205.496598639, ""f"": ""Outro""}, {""t"": 227.613446712, ""f"": ""Silence""}, {""t"": 236.673038548, ""f"": ""End""}]",spectrograms/mel/837_Gianmaria_Testa_Na_stella.png,spectrograms/linear/837_Gianmaria_Testa_Na_stella.png,spectrograms/matrices/837_Gianmaria_Testa_Na_stella.npy
853,That  s Right,Jesse Cook,"[0.0, 0.310204081, 26.287460317, 43.575782312, 69.574285714, 86.898072562, 112.762539682, 134.41585034, 147.383446712, 194.951632653, 218.41632653, 223.299501133]","[{""t"": 0.0, ""f"": ""Silence""}, {""t"": 0.310204081, ""f"": ""Intro""}, {""t"": 26.287460317, ""f"": ""Theme""}, {""t"": 43.575782312, ""f"": ""Bridge""}, {""t"": 69.574285714, ""f"": ""Solo""}, {""t"": 86.898072562, ""f"": ""Bridge""}, {""t"": 112.762539682, ""f"": ""Theme""}, {""t"": 134.41585034, ""f"": ""Interlude""}, {""t"": 147.383446712, ""f"": ""Outro""}, {""t"": 194.951632653, ""f"": ""Fade-out""}, {""t"": 218.41632653, ""f"": ""Silence""}, {""t"": 223.299501133, ""f"": ""End""}]","[0.0, 0.348299319, 8.957800453, 26.277687074, 43.533968253, 60.88585034, 69.499160997, 86.814376417, 104.070498866, 134.288072562, 138.719750566, 147.354081632, 199.190680272, 218.038503401, 223.318321995]","[{""t"": 0.0, ""f"": ""Silence""}, {""t"": 0.348299319, ""f"": ""Intro""}, {""t"": 8.957800453, ""f"": ""Intro""}, {""t"": 26.277687074, ""f"": ""Main_Theme""}, {""t"": 43.533968253, ""f"": ""Secondary_Theme""}, {""t"": 60.88585034, ""f"": ""Interlude""}, {""t"": 69.499160997, ""f"": ""Main_Theme""}, {""t"": 86.814376417, ""f"": ""Secondary_Theme""}, {""t"": 104.070498866, ""f"": ""no_function""}, {""t"": 134.288072562, ""f"": ""Transition""}, {""t"": 138.719750566, ""f"": ""Interlude""}, {""t"": 147.354081632, ""f"": ""Outro""}, {""t"": 199.190680272, ""f"": ""Fade-out""}, {""t"": 218.038503401, ""f"": ""Silence""}, {""t"": 223.318321995, ""f"": ""End""}]",spectrograms/mel/853_Jesse_Cook_That__s_Right.png,spectrograms/linear/853_Jesse_Cook_That__s_Right.png,spectrograms/matrices/853_Jesse_Cook_That__s_Right.npy
861,Gene Gel,Burhan Ocal & Jamaaladeen Tacuma,"[0.0, 0.374421768, 40.698231292, 65.954739229, 91.222857142, 134.082811791, 159.492471655, 194.80031746, 205.001247165, 255.317687074, 313.238458049]","[{""t"": 0.0, ""f"": ""Silence""}, {""t"": 0.374421768, ""f"": ""Intro""}, {""t"": 40.698231292, ""f"": ""no_function""}, {""t"": 65.954739229, ""f"": ""no_function""}, {""t"": 91.222857142, ""f"": ""Interlude""}, {""t"": 134.082811791, ""f"": ""no_function""}, {""t"": 159.492471655, ""f"": ""no_function""}, {""t"": 194.80031746, ""f"": ""no_function""}, {""t"": 205.001247165, ""f"": ""no_function""}, {""t"": 255.317687074, ""f"": ""no_function""}, {""t"": 313.238458049, ""f"": ""End""}]","[0.0, 0.348299319, 40.66446712, 93.735192743, 123.956825396, 133.941405895, 159.298979591, 229.986689342, 285.471383219, 295.659229024, 309.379070294, 313.220861678]","[{""t"": 0.0, ""f"": ""Silence""}, {""t"": 0.348299319, ""f"": ""Intro""}, {""t"": 40.66446712, ""f"": ""Chorus""}, {""t"": 93.735192743, ""f"": ""Interlude""}, {""t"": 123.956825396, ""f"": ""Transition""}, {""t"": 133.941405895, ""f"": ""Chorus""}, {""t"": 159.298979591, ""f"": ""Verse""}, {""t"": 229.986689342, ""f"": ""Chorus""}, {""t"": 285.471383219, ""f"": ""Outro""}, {""t"": 295.659229024, ""f"": ""Fade-out""}, {""t"": 309.379070294, ""f"": ""Silence""}, {""t"": 313.220861678, ""f"": ""End""}]",spectrograms/mel/861_Burhan_Ocal_&_Jamaaladeen_Tacuma_Gene_Gel.png,spectrograms/linear/861_Burhan_Ocal_&_Jamaaladeen_Tacuma_Gene_Gel.png,spectrograms/matrices/861_Burhan_Ocal_&_Jamaaladeen_Tacuma_Gene_Gel.npy
877,Kafi Holi   Spring Festival Of Colors,Ravi Shankar,"[0.0, 2.236734693, 26.273197278, 324.410385487, 348.995918367, 428.084761904, 433.909070294]","[{""t"": 0.0, ""f"": ""Silence""}, {""t"": 2.236734693, ""f"": ""Intro""}, {""t"": 26.273197278, ""f"": ""Solo""}, {""t"": 324.410385487, ""f"": ""Bridge""}, {""t"": 348.995918367, ""f"": ""Outro""}, {""t"": 428.084761904, ""f"": ""Silence""}, {""t"": 433.909070294, ""f"": ""End""}]","[0.0, 2.229115646, 159.985487528, 391.186575963, 411.875555555, 427.897324263, 433.91462585]","[{""t"": 0.0, ""f"": ""Silence""}, {""t"": 2.229115646, ""f"": ""no_function""}, {""t"": 159.985487528, ""f"": ""no_function""}, {""t"": 391.186575963, ""f"": ""no_function""}, {""t"": 411.875555555, ""f"": ""Outro""}, {""t"": 427.897324263, ""f"": ""Silence""}, {""t"": 433.91462585, ""f"": ""End""}]",spectrograms/mel/877_Ravi_Shankar_Kafi_Holi___Spring_Festival_Of_Colors.png,spectrograms/linear/877_Ravi_Shankar_Kafi_Holi___Spring_Festival_Of_Colors.png,spectrograms/matrices/877_Ravi_Shankar_Kafi_Holi___Spring_Festival_Of_Colors.npy
901,Ki Mizion,Giora Feidman,"[0.0, 0.272834467, 4.874399092, 35.699501133, 67.224376417, 97.032312925, 127.784920634, 145.046349206, 151.53632653]","[{""t"": 0.0, ""f"": ""Silence""}, {""t"": 0.272834467, ""f"": ""Intro""}, {""t"": 4.874399092, ""f"": ""Theme""}, {""t"": 35.699501133, ""f"": ""Bridge""}, {""t"": 67.224376417, ""f"": ""Theme""}, {""t"": 97.032312925, ""f"": ""Bridge""}, {""t"": 127.784920634, ""f"": ""Outro""}, {""t"": 145.046349206, ""f"": ""Silence""}, {""t"": 151.53632653, ""f"": ""End""}]","[0.0, 0.255419501, 4.771043083, 35.588253968, 67.204126984, 96.971405895, 127.691496598, 145.078344671, 151.53632653]","[{""t"": 0.0, ""f"": ""Silence""}, {""t"": 0.255419501, ""f"": ""Intro""}, {""t"": 4.771043083, ""f"": ""Chorus""}, {""t"": 35.588253968, ""f"": ""Theme""}, {""t"": 67.204126984, ""f"": ""Chorus""}, {""t"": 96.971405895, ""f"": ""Theme""}, {""t"": 127.691496598, ""f"": ""Chorus""}, {""t"": 145.078344671, ""f"": ""Silence""}, {""t"": 151.53632653, ""f"": ""End""}]",spectrograms/mel/901_Giora_Feidman_Ki_Mizion.png,spectrograms/linear/901_Giora_Feidman_Ki_Mizion.png,spectrograms/matrices/901_Giora_Feidman_Ki_Mizion.npy
909,Son de Cuba a Puerto Rico,Issac Delgado,"[0.0, 0.394739229, 45.395011337, 93.740975056, 125.854897959, 151.55664399, 172.579750566, 193.123129251, 213.362267573, 223.474376417, 270.601383219, 290.832108843, 294.612585034]","[{""t"": 0.0, ""f"": ""Silence""}, {""t"": 0.394739229, ""f"": ""Intro""}, {""t"": 45.395011337, ""f"": ""Verse""}, {""t"": 93.740975056, ""f"": ""Verse""}, {""t"": 125.854897959, ""f"": ""Pre-Chorus""}, {""t"": 151.55664399, ""f"": ""Chorus""}, {""t"": 172.579750566, ""f"": ""Chorus""}, {""t"": 193.123129251, ""f"": ""Chorus""}, {""t"": 213.362267573, ""f"": ""Chorus""}, {""t"": 223.474376417, ""f"": ""Solo""}, {""t"": 270.601383219, ""f"": ""Outro""}, {""t"": 290.832108843, ""f"": ""Silence""}, {""t"": 294.612585034, ""f"": ""End""}]","[0.0, 0.394739229, 45.776394557, 61.670725623, 93.951428571, 109.662630385, 151.072879818, 172.534058956, 182.884535147, 193.011065759, 203.269024943, 213.375147392, 223.414739229, 294.633106575]","[{""t"": 0.0, ""f"": ""Silence""}, {""t"": 0.394739229, ""f"": ""Intro""}, {""t"": 45.776394557, ""f"": ""Chorus""}, {""t"": 61.670725623, ""f"": ""Verse""}, {""t"": 93.951428571, ""f"": ""Chorus""}, {""t"": 109.662630385, ""f"": ""Verse""}, {""t"": 151.072879818, ""f"": ""no_function""}, {""t"": 172.534058956, ""f"": ""Chorus""}, {""t"": 182.884535147, ""f"": ""no_function""}, {""t"": 193.011065759, ""f"": ""Chorus""}, {""t"": 203.269024943, ""f"": ""no_function""}, {""t"": 213.375147392, ""f"": ""Chorus""}, {""t"": 223.414739229, ""f"": ""Outro""}, {""t"": 294.633106575, ""f"": ""End""}]",spectrograms/mel/909_Issac_Delgado_Son_de_Cuba_a_Puerto_Rico.png,spectrograms/linear/909_Issac_Delgado_Son_de_Cuba_a_Puerto_Rico.png,spectrograms/matrices/909_Issac_Delgado_Son_de_Cuba_a_Puerto_Rico.npy
933,Cafe 1930,Yo Yo Ma,"[0.0, 0.159637188, 25.959909297, 154.481632653, 209.436734693, 296.987755102, 312.808163265, 313.665306122, 430.171428571, 464.342857142, 467.782993197]","[{""t"": 0.0, ""f"": ""Silence""}, {""t"": 0.159637188, ""f"": ""Intro""}, {""t"": 25.959909297, ""f"": ""Theme""}, {""t"": 154.481632653, ""f"": ""Interlude""}, {""t"": 209.436734693, ""f"": ""Theme""}, {""t"": 296.987755102, ""f"": ""Silence""}, {""t"": 312.808163265, ""f"": ""Silence""}, {""t"": 313.665306122, ""f"": ""Theme""}, {""t"": 430.171428571, ""f"": ""Outro""}, {""t"": 464.342857142, ""f"": ""Silence""}, {""t"": 467.782993197, ""f"": ""End""}]","[0.0, 0.208979591, 25.520181405, 43.383990929, 65.031995464, 94.05324263, 121.584285714, 155.85478458, 210.484557823, 237.96170068, 297.785782312, 328.767845804, 358.651882086, 388.801269841, 467.774671201]","[{""t"": 0.0, ""f"": ""Silence""}, {""t"": 0.208979591, ""f"": ""Main_Theme""}, {""t"": 25.520181405, ""f"": ""Main_Theme""}, {""t"": 43.383990929, ""f"": ""no_function""}, {""t"": 65.031995464, ""f"": ""Main_Theme""}, {""t"": 94.05324263, ""f"": ""no_function""}, {""t"": 121.584285714, ""f"": ""no_function""}, {""t"": 155.85478458, ""f"": ""Main_Theme""}, {""t"": 210.484557823, ""f"": ""Secondary_Theme""}, {""t"": 237.96170068, ""f"": ""Secondary_Theme""}, {""t"": 297.785782312, ""f"": ""Secondary_Theme""}, {""t"": 328.767845804, ""f"": ""Main_Theme""}, {""t"": 358.651882086, ""f"": ""no_function""}, {""t"": 388.801269841, ""f"": ""Outro""}, {""t"": 467.774671201, ""f"": ""End""}]",spectrograms/mel/933_Yo_Yo_Ma_Cafe_1930.png,spectrograms/linear/933_Yo_Yo_Ma_Cafe_1930.png,spectrograms/matrices/933_Yo_Yo_Ma_Cafe_1930.npy
941,Tango Diablo,Ensemble Rómulo Larrea & Verónica Larc,"[0.0, 0.479523809, 17.490861678, 71.262040816, 108.539047619, 165.75170068, 200.933877551, 225.430702947, 251.431473922]","[{""t"": 0.0, ""f"": ""Silence""}, {""t"": 0.479523809, ""f"": ""Intro""}, {""t"": 17.490861678, ""f"": ""no_function""}, {""t"": 71.262040816, ""f"": ""Theme""}, {""t"": 108.539047619, ""f"": ""Solo""}, {""t"": 165.75170068, ""f"": ""no_function""}, {""t"": 200.933877551, ""f"": ""Theme""}, {""t"": 225.430702947, ""f"": ""no_function""}, {""t"": 251.431473922, ""f"": ""End""}]","[0.0, 0.449138321, 71.401360544, 92.508299319, 112.036281179, 165.302857142, 200.852607709, 225.651519274, 249.777052154, 251.431473922]","[{""t"": 0.0, ""f"": ""Silence""}, {""t"": 0.449138321, ""f"": ""Intro""}, {""t"": 71.401360544, ""f"": ""Main_Theme""}, {""t"": 92.508299319, ""f"": ""Transition""}, {""t"": 112.036281179, ""f"": ""Theme""}, {""t"": 165.302857142, ""f"": ""Transition""}, {""t"": 200.852607709, ""f"": ""Main_Theme""}, {""t"": 225.651519274, ""f"": ""Outro""}, {""t"": 249.777052154, ""f"": ""Silence""}, {""t"": 251.431473922, ""f"": ""End""}]",spectrograms/mel/941_Ensemble_Rómulo_Larrea_&_Verónica_Larc_Tango_Diablo.png,spectrograms/linear/941_Ensemble_Rómulo_Larrea_&_Verónica_Larc_Tango_Diablo.png,spectrograms/matrices/941_Ensemble_Rómulo_Larrea_&_Verónica_Larc_Tango_Diablo.npy
949,She Did You A Favor,Roy Book Binder,"[0.0, 0.493424036, 11.296281179, 39.392562358, 66.328707482, 95.336235827, 121.727460317, 148.653673469, 175.610748299, 202.040068027, 228.471882086, 253.941224489]","[{""t"": 0.0, ""f"": ""Silence""}, {""t"": 0.493424036, ""f"": ""Intro""}, {""t"": 11.296281179, ""f"": ""no_function""}, {""t"": 39.392562358, ""f"": ""no_function""}, {""t"": 66.328707482, ""f"": ""Interlude""}, {""t"": 95.336235827, ""f"": ""no_function""}, {""t"": 121.727460317, ""f"": ""no_function""}, {""t"": 148.653673469, ""f"": ""Interlude""}, {""t"": 175.610748299, ""f"": ""no_function""}, {""t"": 202.040068027, ""f"": ""no_function""}, {""t"": 228.471882086, ""f"": ""Outro""}, {""t"": 253.941224489, ""f"": ""End""}]","[0.0, 0.487619047, 6.54802721, 11.261678004, 39.404263038, 66.873469387, 94.714195011, 121.842585034, 148.724580498, 175.685442176, 202.083265306, 228.437913832, 252.052607709, 253.958321995]","[{""t"": 0.0, ""f"": ""Silence""}, {""t"": 0.487619047, ""f"": ""Intro""}, {""t"": 6.54802721, ""f"": ""Pre-Verse""}, {""t"": 11.261678004, ""f"": ""Verse""}, {""t"": 39.404263038, ""f"": ""Verse""}, {""t"": 66.873469387, ""f"": ""Solo""}, {""t"": 94.714195011, ""f"": ""Verse""}, {""t"": 121.842585034, ""f"": ""Verse""}, {""t"": 148.724580498, ""f"": ""Solo""}, {""t"": 175.685442176, ""f"": ""Verse""}, {""t"": 202.083265306, ""f"": ""Verse""}, {""t"": 228.437913832, ""f"": ""Outro""}, {""t"": 252.052607709, ""f"": ""Silence""}, {""t"": 253.958321995, ""f"": ""End""}]",spectrograms/mel/949_Roy_Book_Binder_She_Did_You_A_Favor.png,spectrograms/linear/949_Roy_Book_Binder_She_Did_You_A_Favor.png,spectrograms/matrices/949_Roy_Book_Binder_She_Did_You_A_Favor.npy
